<?xml version="1.0" encoding="UTF-8"?>
<Document id="0000356" source="ADAM" url="https://www.nlm.nih.gov/medlineplus/ency/article/000157.htm">
 <!--Answers from the A.D.A.M. medical encyclopedia were removed to comply with the MedlinePlus copyright-->
<Focus>Atrial septal defect (ASD)</Focus>
<FocusAnnotations>
	<Category>Disease</Category>
	<UMLS>
		<CUIs>
			<CUI>C0018817</CUI>
		</CUIs>
		<SemanticTypes>
			<SemanticType>T019</SemanticType>
		</SemanticTypes>
		<SemanticGroup>Disorders</SemanticGroup>
	</UMLS>
</FocusAnnotations>
<QAPairs>
	<QAPair pid="1">
			<Question qid="0000356-1" qtype="information">What is (are) Atrial septal defect (ASD) ?</Question>
			<Answer></Answer>
	</QAPair>
	<QAPair pid="2">
			<Question qid="0000356-2" qtype="causes">What causes Atrial septal defect (ASD) ?</Question>
			<Answer></Answer>
	</QAPair>
	<QAPair pid="3">
			<Question qid="0000356-3" qtype="symptoms">What are the symptoms of Atrial septal defect (ASD) ?</Question>
			<Answer></Answer>
	</QAPair>
	<QAPair pid="4">
			<Question qid="0000356-4" qtype="exams and tests">How to diagnose Atrial septal defect (ASD) ?</Question>
			<Answer></Answer>
	</QAPair>
	<QAPair pid="5">
			<Question qid="0000356-5" qtype="treatment">What are the treatments for Atrial septal defect (ASD) ?</Question>
			<Answer></Answer>
	</QAPair>
	<QAPair pid="6">
			<Question qid="0000356-6" qtype="outlook">What is the outlook for Atrial septal defect (ASD) ?</Question>
			<Answer></Answer>
	</QAPair>
	<QAPair pid="7">
			<Question qid="0000356-7" qtype="complications">What are the complications of Atrial septal defect (ASD) ?</Question>
			<Answer></Answer>
	</QAPair>
	<QAPair pid="8">
			<Question qid="0000356-8" qtype="when to contact a medical professional">Do I need to see a doctor for Atrial septal defect (ASD) ?</Question>
			<Answer></Answer>
	</QAPair>
	<QAPair pid="9">
			<Question qid="0000356-9" qtype="prevention">How to prevent Atrial septal defect (ASD) ?</Question>
			<Answer></Answer>
	</QAPair>
</QAPairs>
</Document>
