<?xml version="1.0" encoding="UTF-8"?>
<Document id="0000232" source="ADAM" url="https://www.nlm.nih.gov/medlineplus/ency/article/007473.htm">
 <!--Answers from the A.D.A.M. medical encyclopedia were removed to comply with the MedlinePlus copyright-->
<Focus>Angioplasty and stent placement - heart</Focus>
<FocusAnnotations>
	<Category>Other</Category>
	<Synonyms>
		<Synonym>PCI</Synonym>
		<Synonym>Percutaneous coronary intervention</Synonym>
		<Synonym>Balloon angioplasty</Synonym>
		<Synonym>Coronary angioplasty</Synonym>
		<Synonym>Coronary artery angioplasty</Synonym>
		<Synonym>Percutaneous transluminal coronary angioplasty</Synonym>
		<Synonym>Heart artery dilatation</Synonym>
	</Synonyms>
</FocusAnnotations>
<QAPairs>
	<QAPair pid="1">
			<Question qid="0000232-1" qtype="information">Do you have information about Angioplasty and stent placement - heart</Question>
			<Answer></Answer>
	</QAPair>
</QAPairs>
</Document>
