<?xml version="1.0" encoding="UTF-8"?>
<Document id="0000320" source="ADAM" url="https://www.nlm.nih.gov/medlineplus/ency/article/000628.htm">
 <!--Answers from the A.D.A.M. medical encyclopedia were removed to comply with the MedlinePlus copyright-->
<Focus>Ascariasis</Focus>
<FocusAnnotations>
	<Category>Disease</Category>
	<UMLS>
		<CUIs>
			<CUI>C0003950</CUI>
		</CUIs>
		<SemanticTypes>
			<SemanticType>T047</SemanticType>
		</SemanticTypes>
		<SemanticGroup>Disorders</SemanticGroup>
	</UMLS>
</FocusAnnotations>
<QAPairs>
	<QAPair pid="1">
			<Question qid="0000320-1" qtype="information">What is (are) Ascariasis ?</Question>
			<Answer></Answer>
	</QAPair>
	<QAPair pid="2">
			<Question qid="0000320-2" qtype="causes">What causes Ascariasis ?</Question>
			<Answer></Answer>
	</QAPair>
	<QAPair pid="3">
			<Question qid="0000320-3" qtype="symptoms">What are the symptoms of Ascariasis ?</Question>
			<Answer></Answer>
	</QAPair>
	<QAPair pid="4">
			<Question qid="0000320-4" qtype="exams and tests">How to diagnose Ascariasis ?</Question>
			<Answer></Answer>
	</QAPair>
	<QAPair pid="5">
			<Question qid="0000320-5" qtype="treatment">What are the treatments for Ascariasis ?</Question>
			<Answer></Answer>
	</QAPair>
	<QAPair pid="6">
			<Question qid="0000320-6" qtype="outlook">What is the outlook for Ascariasis ?</Question>
			<Answer></Answer>
	</QAPair>
	<QAPair pid="7">
			<Question qid="0000320-7" qtype="complications">What are the complications of Ascariasis ?</Question>
			<Answer></Answer>
	</QAPair>
	<QAPair pid="8">
			<Question qid="0000320-8" qtype="when to contact a medical professional">Do I need to see a doctor for Ascariasis ?</Question>
			<Answer></Answer>
	</QAPair>
	<QAPair pid="9">
			<Question qid="0000320-9" qtype="prevention">How to prevent Ascariasis ?</Question>
			<Answer></Answer>
	</QAPair>
</QAPairs>
</Document>
