<?xml version="1.0" encoding="UTF-8"?>
<Document id="0000059" source="ADAM" url="https://www.nlm.nih.gov/medlineplus/ency/patientinstructions/000750.htm">
 <!--Answers from the A.D.A.M. medical encyclopedia were removed to comply with the MedlinePlus copyright-->
<Focus>Acne - self-care</Focus>
<FocusAnnotations>
	<Category>Disease</Category>
	<UMLS>
		<CUIs>
			<CUI>C0001144</CUI>
			<CUI>C0702166</CUI>
		</CUIs>
		<SemanticTypes>
			<SemanticType>T047</SemanticType>
		</SemanticTypes>
		<SemanticGroup>Disorders</SemanticGroup>
	</UMLS>
	<Synonyms>
		<Synonym>Acne vulgaris - self-care</Synonym>
		<Synonym>Cystic acne - self-care</Synonym>
		<Synonym>Pimples - self-care</Synonym>
		<Synonym>Zits - self-care</Synonym>
	</Synonyms>
</FocusAnnotations>
<QAPairs>
	<QAPair pid="1">
			<Question qid="0000059-1" qtype="information">What is (are) Acne - self-care ?</Question>
			<Answer></Answer>
	</QAPair>
	<QAPair pid="4">
			<Question qid="0000059-4" qtype="treatment">What are the treatments for Acne - self-care ?</Question>
			<Answer></Answer>
	</QAPair>
	<QAPair pid="5">
			<Question qid="0000059-5" qtype="when to contact a medical professional">Do I need to see a doctor for Acne - self-care ?</Question>
			<Answer></Answer>
	</QAPair>
</QAPairs>
</Document>
