<?xml version="1.0" encoding="UTF-8"?>
<Document id="0000324" source="ADAM" url="https://www.nlm.nih.gov/medlineplus/ency/article/002234.htm">
 <!--Answers from the A.D.A.M. medical encyclopedia were removed to comply with the MedlinePlus copyright-->
<Focus>Aspartic acid</Focus>
<FocusAnnotations>
	<Category>Other</Category>
	<Synonyms>
		<Synonym>Asparaginic acid</Synonym>
	</Synonyms>
</FocusAnnotations>
<QAPairs>
	<QAPair pid="1">
			<Question qid="0000324-1" qtype="information">Do you have information about Aspartic acid</Question>
			<Answer></Answer>
	</QAPair>
</QAPairs>
</Document>
