<?xml version="1.0" encoding="UTF-8"?>
<Document id="0000080" source="ADAM" url="https://www.nlm.nih.gov/medlineplus/ency/article/007656.htm">
 <!--Answers from the A.D.A.M. medical encyclopedia were removed to comply with the MedlinePlus copyright-->
<Focus>Acute myelogenous leukemia (AML) - children</Focus>
<FocusAnnotations>
	<Category>Disease</Category>
	<UMLS>
		<CUIs>
			<CUI>C0023467</CUI>
		</CUIs>
		<SemanticTypes>
			<SemanticType>T191</SemanticType>
		</SemanticTypes>
		<SemanticGroup>Disorders</SemanticGroup>
	</UMLS>
	<Synonyms>
		<Synonym>Acute myelogenous leukemia - children</Synonym>
		<Synonym>AML</Synonym>
		<Synonym>Acute myeloid leukemia - children</Synonym>
		<Synonym>Acute granulocytic leukemia - children</Synonym>
		<Synonym>Acute myeloblastic leukemia - children</Synonym>
		<Synonym>Acute non-lymphocytic leukemia (ANLL) - children</Synonym>
	</Synonyms>
</FocusAnnotations>
<QAPairs>
	<QAPair pid="1">
			<Question qid="0000080-1" qtype="information">What is (are) Acute myelogenous leukemia (AML) - children ?</Question>
			<Answer></Answer>
	</QAPair>
	<QAPair pid="2">
			<Question qid="0000080-2" qtype="causes">What causes Acute myelogenous leukemia (AML) - children ?</Question>
			<Answer></Answer>
	</QAPair>
	<QAPair pid="3">
			<Question qid="0000080-3" qtype="symptoms">What are the symptoms of Acute myelogenous leukemia (AML) - children ?</Question>
			<Answer></Answer>
	</QAPair>
	<QAPair pid="4">
			<Question qid="0000080-4" qtype="exams and tests">How to diagnose Acute myelogenous leukemia (AML) - children ?</Question>
			<Answer></Answer>
	</QAPair>
	<QAPair pid="5">
			<Question qid="0000080-5" qtype="treatment">What are the treatments for Acute myelogenous leukemia (AML) - children ?</Question>
			<Answer></Answer>
	</QAPair>
	<QAPair pid="6">
			<Question qid="0000080-6" qtype="support groups">Where to find support for people with Acute myelogenous leukemia (AML) - children ?</Question>
			<Answer></Answer>
	</QAPair>
	<QAPair pid="7">
			<Question qid="0000080-7" qtype="outlook">What is the outlook for Acute myelogenous leukemia (AML) - children ?</Question>
			<Answer></Answer>
	</QAPair>
	<QAPair pid="8">
			<Question qid="0000080-8" qtype="complications">What are the complications of Acute myelogenous leukemia (AML) - children ?</Question>
			<Answer></Answer>
	</QAPair>
	<QAPair pid="9">
			<Question qid="0000080-9" qtype="when to contact a medical professional">Do I need to see a doctor for Acute myelogenous leukemia (AML) - children ?</Question>
			<Answer></Answer>
	</QAPair>
	<QAPair pid="10">
			<Question qid="0000080-10" qtype="prevention">How to prevent Acute myelogenous leukemia (AML) - children ?</Question>
			<Answer></Answer>
	</QAPair>
</QAPairs>
</Document>
