<?xml version="1.0" encoding="UTF-8"?>
<Document id="0000091" source="ADAM" url="https://www.nlm.nih.gov/medlineplus/ency/article/002003.htm">
 <!--Answers from the A.D.A.M. medical encyclopedia were removed to comply with the MedlinePlus copyright-->
<Focus>Adolescent development</Focus>
<FocusAnnotations>
	<Category>Disease</Category>
	<UMLS>
		<CUIs>
			<CUI>C0870101</CUI>
		</CUIs>
		<SemanticTypes>
			<SemanticType>T033</SemanticType>
		</SemanticTypes>
		<SemanticGroup>Disorders</SemanticGroup>
	</UMLS>
	<Synonyms>
		<Synonym>Development - adolescent</Synonym>
		<Synonym>Growth and development - adolescent</Synonym>
	</Synonyms>
</FocusAnnotations>
<QAPairs>
	<QAPair pid="1">
			<Question qid="0000091-1" qtype="information">What is (are) Adolescent development ?</Question>
			<Answer></Answer>
	</QAPair>
	<QAPair pid="2">
			<Question qid="0000091-2" qtype="information">What is (are) Adolescent development ?</Question>
			<Answer></Answer>
	</QAPair>
</QAPairs>
</Document>
