<?xml version="1.0" encoding="UTF-8"?>
<Document id="0000102" source="ADAM" url="https://www.nlm.nih.gov/medlineplus/ency/article/003437.htm">
 <!--Answers from the A.D.A.M. medical encyclopedia were removed to comply with the MedlinePlus copyright-->
<Focus>Aerobic bacteria</Focus>
<FocusAnnotations>
	<Category>Disease</Category>
	<UMLS>
		<CUIs>
			<CUI>C0004612</CUI>
		</CUIs>
		<SemanticTypes>
			<SemanticType>T007</SemanticType>
		</SemanticTypes>
		<SemanticGroup>Disorders</SemanticGroup>
	</UMLS>
</FocusAnnotations>
<QAPairs>
	<QAPair pid="1">
			<Question qid="0000102-1" qtype="information">What is (are) Aerobic bacteria ?</Question>
			<Answer></Answer>
	</QAPair>
</QAPairs>
</Document>
