<?xml version="1.0" encoding="UTF-8"?>
<Document id="0000292" source="ADAM" url="https://www.nlm.nih.gov/medlineplus/ency/article/001581.htm">
 <!--Answers from the A.D.A.M. medical encyclopedia were removed to comply with the MedlinePlus copyright-->
<Focus>Apert syndrome</Focus>
<FocusAnnotations>
	<Category>Disease</Category>
	<UMLS>
		<CUIs>
			<CUI>C0001193</CUI>
		</CUIs>
		<SemanticTypes>
			<SemanticType>T019</SemanticType>
		</SemanticTypes>
		<SemanticGroup>Disorders</SemanticGroup>
	</UMLS>
	<Synonyms>
		<Synonym>Acrocephalosyndactyly</Synonym>
	</Synonyms>
</FocusAnnotations>
<QAPairs>
	<QAPair pid="1">
			<Question qid="0000292-1" qtype="information">What is (are) Apert syndrome ?</Question>
			<Answer></Answer>
	</QAPair>
	<QAPair pid="2">
			<Question qid="0000292-2" qtype="causes">What causes Apert syndrome ?</Question>
			<Answer></Answer>
	</QAPair>
	<QAPair pid="3">
			<Question qid="0000292-3" qtype="symptoms">What are the symptoms of Apert syndrome ?</Question>
			<Answer></Answer>
	</QAPair>
	<QAPair pid="4">
			<Question qid="0000292-4" qtype="exams and tests">How to diagnose Apert syndrome ?</Question>
			<Answer></Answer>
	</QAPair>
	<QAPair pid="5">
			<Question qid="0000292-5" qtype="treatment">What are the treatments for Apert syndrome ?</Question>
			<Answer></Answer>
	</QAPair>
	<QAPair pid="6">
			<Question qid="0000292-6" qtype="support groups">Where to find support for people with Apert syndrome ?</Question>
			<Answer></Answer>
	</QAPair>
	<QAPair pid="7">
			<Question qid="0000292-7" qtype="when to contact a medical professional">Do I need to see a doctor for Apert syndrome ?</Question>
			<Answer></Answer>
	</QAPair>
	<QAPair pid="8">
			<Question qid="0000292-8" qtype="prevention">How to prevent Apert syndrome ?</Question>
			<Answer></Answer>
	</QAPair>
</QAPairs>
</Document>
