<?xml version="1.0" encoding="UTF-8"?>
<Document id="0000104" source="ADAM" url="https://www.nlm.nih.gov/medlineplus/ency/patientinstructions/000620.htm">
 <!--Answers from the A.D.A.M. medical encyclopedia were removed to comply with the MedlinePlus copyright-->
<Focus>After a C-section - in the hospital</Focus>
<FocusAnnotations>
	<Category>Other</Category>
	<Synonyms>
		<Synonym>Cesarean section - in the hospital</Synonym>
	</Synonyms>
</FocusAnnotations>
<QAPairs>
	<QAPair pid="1">
			<Question qid="0000104-1" qtype="information">Do you have information about After a C-section - in the hospital</Question>
			<Answer></Answer>
	</QAPair>
</QAPairs>
</Document>
