<?xml version="1.0" encoding="UTF-8"?>
<Document id="0000062" source="ADAM" url="https://www.nlm.nih.gov/medlineplus/ency/article/000546.htm">
 <!--Answers from the A.D.A.M. medical encyclopedia were removed to comply with the MedlinePlus copyright-->
<Focus>Acquired platelet function defect</Focus>
<FocusAnnotations>
	<Category>Disease</Category>
	<UMLS>
		<CUIs>
			<CUI>C1855853</CUI>
		</CUIs>
		<SemanticTypes>
			<SemanticType>T033</SemanticType>
		</SemanticTypes>
		<SemanticGroup>Disorders</SemanticGroup>
	</UMLS>
	<Synonyms>
		<Synonym>Acquired qualitative platelet disorders</Synonym>
		<Synonym>Acquired disorders of platelet function</Synonym>
	</Synonyms>
</FocusAnnotations>
<QAPairs>
	<QAPair pid="1">
			<Question qid="0000062-1" qtype="information">What is (are) Acquired platelet function defect ?</Question>
			<Answer></Answer>
	</QAPair>
	<QAPair pid="2">
			<Question qid="0000062-2" qtype="causes">What causes Acquired platelet function defect ?</Question>
			<Answer></Answer>
	</QAPair>
	<QAPair pid="3">
			<Question qid="0000062-3" qtype="symptoms">What are the symptoms of Acquired platelet function defect ?</Question>
			<Answer></Answer>
	</QAPair>
	<QAPair pid="4">
			<Question qid="0000062-4" qtype="exams and tests">How to diagnose Acquired platelet function defect ?</Question>
			<Answer></Answer>
	</QAPair>
	<QAPair pid="5">
			<Question qid="0000062-5" qtype="treatment">What are the treatments for Acquired platelet function defect ?</Question>
			<Answer></Answer>
	</QAPair>
	<QAPair pid="6">
			<Question qid="0000062-6" qtype="outlook">What is the outlook for Acquired platelet function defect ?</Question>
			<Answer></Answer>
	</QAPair>
	<QAPair pid="7">
			<Question qid="0000062-7" qtype="complications">What are the complications of Acquired platelet function defect ?</Question>
			<Answer></Answer>
	</QAPair>
	<QAPair pid="8">
			<Question qid="0000062-8" qtype="when to contact a medical professional">Do I need to see a doctor for Acquired platelet function defect ?</Question>
			<Answer></Answer>
	</QAPair>
	<QAPair pid="9">
			<Question qid="0000062-9" qtype="prevention">How to prevent Acquired platelet function defect ?</Question>
			<Answer></Answer>
	</QAPair>
</QAPairs>
</Document>
