<?xml version="1.0" encoding="UTF-8"?>
<Document id="0000237" source="ADAM" url="https://www.nlm.nih.gov/medlineplus/ency/article/007584.htm">
 <!--Answers from the A.D.A.M. medical encyclopedia were removed to comply with the MedlinePlus copyright-->
<Focus>Ankle arthroscopy</Focus>
<FocusAnnotations>
	<Category>Other</Category>
	<Synonyms>
		<Synonym>Ankle surgery</Synonym>
		<Synonym>Arthroscopy - ankle</Synonym>
		<Synonym>Surgery - ankle - arthroscopy</Synonym>
		<Synonym>Surgery - ankle - arthroscopic</Synonym>
	</Synonyms>
</FocusAnnotations>
<QAPairs>
	<QAPair pid="1">
			<Question qid="0000237-1" qtype="information">Do you have information about Ankle arthroscopy</Question>
			<Answer></Answer>
	</QAPair>
</QAPairs>
</Document>
