<?xml version="1.0" encoding="UTF-8"?>
<Document id="0000256" source="ADAM" url="https://www.nlm.nih.gov/medlineplus/ency/article/003534.htm">
 <!--Answers from the A.D.A.M. medical encyclopedia were removed to comply with the MedlinePlus copyright-->
<Focus>Anthrax blood test</Focus>
<FocusAnnotations>
	<Category>Disease</Category>
	<UMLS>
		<CUIs>
			<CUI>C0003175</CUI>
		</CUIs>
		<SemanticTypes>
			<SemanticType>T047</SemanticType>
		</SemanticTypes>
		<SemanticGroup>Disorders</SemanticGroup>
	</UMLS>
	<Synonyms>
		<Synonym>Anthrax serology test</Synonym>
		<Synonym>Antibody test for anthrax</Synonym>
		<Synonym>Serologic test for B anthracis</Synonym>
	</Synonyms>
</FocusAnnotations>
<QAPairs>
	<QAPair pid="1">
			<Question qid="0000256-1" qtype="information">What is (are) Anthrax blood test ?</Question>
			<Answer></Answer>
	</QAPair>
	<QAPair pid="8">
			<Question qid="0000256-8" qtype="susceptibility">Who is at risk for Anthrax blood test? ?</Question>
			<Answer></Answer>
	</QAPair>
	<QAPair pid="9">
			<Question qid="0000256-9" qtype="considerations">What to do for Anthrax blood test ?</Question>
			<Answer></Answer>
	</QAPair>
</QAPairs>
</Document>
