<?xml version="1.0" encoding="UTF-8"?>
<Document id="0000133" source="ADAM" url="https://www.nlm.nih.gov/medlineplus/ency/article/001295.htm">
 <!--Answers from the A.D.A.M. medical encyclopedia were removed to comply with the MedlinePlus copyright-->
<Focus>Agranulocytosis</Focus>
<FocusAnnotations>
	<Category>Disease</Category>
	<UMLS>
		<CUIs>
			<CUI>C0001824</CUI>
		</CUIs>
		<SemanticTypes>
			<SemanticType>T047</SemanticType>
		</SemanticTypes>
		<SemanticGroup>Disorders</SemanticGroup>
	</UMLS>
	<Synonyms>
		<Synonym>Granulocytopenia</Synonym>
		<Synonym>Granulopenia</Synonym>
	</Synonyms>
</FocusAnnotations>
<QAPairs>
	<QAPair pid="1">
			<Question qid="0000133-1" qtype="information">What is (are) Agranulocytosis ?</Question>
			<Answer></Answer>
	</QAPair>
	<QAPair pid="2">
			<Question qid="0000133-2" qtype="causes">What causes Agranulocytosis ?</Question>
			<Answer></Answer>
	</QAPair>
	<QAPair pid="3">
			<Question qid="0000133-3" qtype="symptoms">What are the symptoms of Agranulocytosis ?</Question>
			<Answer></Answer>
	</QAPair>
	<QAPair pid="4">
			<Question qid="0000133-4" qtype="exams and tests">How to diagnose Agranulocytosis ?</Question>
			<Answer></Answer>
	</QAPair>
	<QAPair pid="5">
			<Question qid="0000133-5" qtype="treatment">What are the treatments for Agranulocytosis ?</Question>
			<Answer></Answer>
	</QAPair>
	<QAPair pid="6">
			<Question qid="0000133-6" qtype="outlook">What is the outlook for Agranulocytosis ?</Question>
			<Answer></Answer>
	</QAPair>
	<QAPair pid="7">
			<Question qid="0000133-7" qtype="prevention">How to prevent Agranulocytosis ?</Question>
			<Answer></Answer>
	</QAPair>
</QAPairs>
</Document>
