<?xml version="1.0" encoding="UTF-8"?>
<Document id="0000207" source="ADAM" url="https://www.nlm.nih.gov/medlineplus/ency/article/000482.htm">
 <!--Answers from the A.D.A.M. medical encyclopedia were removed to comply with the MedlinePlus copyright-->
<Focus>Analgesic nephropathy</Focus>
<FocusAnnotations>
	<Category>Disease</Category>
	<UMLS>
		<CUIs>
			<CUI>C0149938</CUI>
		</CUIs>
		<SemanticTypes>
			<SemanticType>T046</SemanticType>
		</SemanticTypes>
		<SemanticGroup>Disorders</SemanticGroup>
	</UMLS>
	<Synonyms>
		<Synonym>Phenacetin nephritis</Synonym>
		<Synonym>Nephropathy - analgesic</Synonym>
	</Synonyms>
</FocusAnnotations>
<QAPairs>
	<QAPair pid="1">
			<Question qid="0000207-1" qtype="information">What is (are) Analgesic nephropathy ?</Question>
			<Answer></Answer>
	</QAPair>
	<QAPair pid="2">
			<Question qid="0000207-2" qtype="causes">What causes Analgesic nephropathy ?</Question>
			<Answer></Answer>
	</QAPair>
	<QAPair pid="3">
			<Question qid="0000207-3" qtype="symptoms">What are the symptoms of Analgesic nephropathy ?</Question>
			<Answer></Answer>
	</QAPair>
	<QAPair pid="4">
			<Question qid="0000207-4" qtype="exams and tests">How to diagnose Analgesic nephropathy ?</Question>
			<Answer></Answer>
	</QAPair>
	<QAPair pid="5">
			<Question qid="0000207-5" qtype="treatment">What are the treatments for Analgesic nephropathy ?</Question>
			<Answer></Answer>
	</QAPair>
	<QAPair pid="6">
			<Question qid="0000207-6" qtype="outlook">What is the outlook for Analgesic nephropathy ?</Question>
			<Answer></Answer>
	</QAPair>
	<QAPair pid="7">
			<Question qid="0000207-7" qtype="complications">What are the complications of Analgesic nephropathy ?</Question>
			<Answer></Answer>
	</QAPair>
	<QAPair pid="8">
			<Question qid="0000207-8" qtype="when to contact a medical professional">Do I need to see a doctor for Analgesic nephropathy ?</Question>
			<Answer></Answer>
	</QAPair>
	<QAPair pid="9">
			<Question qid="0000207-9" qtype="prevention">How to prevent Analgesic nephropathy ?</Question>
			<Answer></Answer>
	</QAPair>
</QAPairs>
</Document>
