<?xml version="1.0" encoding="UTF-8"?>
<Document id="0000057" source="ADAM" url="https://www.nlm.nih.gov/medlineplus/ency/patientinstructions/000189.htm">
 <!--Answers from the A.D.A.M. medical encyclopedia were removed to comply with the MedlinePlus copyright-->
<Focus>ACL reconstruction - discharge</Focus>
<FocusAnnotations>
	<Category>Other</Category>
	<Synonyms>
		<Synonym>Anterior cruciate ligament reconstruction - discharge</Synonym>
		<Synonym>ACL reconstruction - discharge</Synonym>
	</Synonyms>
</FocusAnnotations>
<QAPairs>
	<QAPair pid="1">
			<Question qid="0000057-1" qtype="information">Do you have information about ACL reconstruction - discharge</Question>
			<Answer></Answer>
	</QAPair>
</QAPairs>
</Document>
