<?xml version="1.0" encoding="UTF-8"?>
<Document id="0000334" source="ADAM" url="https://www.nlm.nih.gov/medlineplus/ency/article/000141.htm">
 <!--Answers from the A.D.A.M. medical encyclopedia were removed to comply with the MedlinePlus copyright-->
<Focus>Asthma</Focus>
<FocusAnnotations>
	<Category>Disease</Category>
	<UMLS>
		<CUIs>
			<CUI>C0004096</CUI>
		</CUIs>
		<SemanticTypes>
			<SemanticType>T047</SemanticType>
		</SemanticTypes>
		<SemanticGroup>Disorders</SemanticGroup>
	</UMLS>
	<Synonyms>
		<Synonym>Bronchial asthma</Synonym>
		<Synonym>Wheezing - asthma - adults</Synonym>
	</Synonyms>
</FocusAnnotations>
<QAPairs>
	<QAPair pid="1">
			<Question qid="0000334-1" qtype="information">What is (are) Asthma ?</Question>
			<Answer></Answer>
	</QAPair>
	<QAPair pid="2">
			<Question qid="0000334-2" qtype="causes">What causes Asthma ?</Question>
			<Answer></Answer>
	</QAPair>
	<QAPair pid="3">
			<Question qid="0000334-3" qtype="symptoms">What are the symptoms of Asthma ?</Question>
			<Answer></Answer>
	</QAPair>
	<QAPair pid="4">
			<Question qid="0000334-4" qtype="exams and tests">How to diagnose Asthma ?</Question>
			<Answer></Answer>
	</QAPair>
	<QAPair pid="5">
			<Question qid="0000334-5" qtype="treatment">What are the treatments for Asthma ?</Question>
			<Answer></Answer>
	</QAPair>
	<QAPair pid="6">
			<Question qid="0000334-6" qtype="outlook">What is the outlook for Asthma ?</Question>
			<Answer></Answer>
	</QAPair>
	<QAPair pid="7">
			<Question qid="0000334-7" qtype="complications">What are the complications of Asthma ?</Question>
			<Answer></Answer>
	</QAPair>
	<QAPair pid="8">
			<Question qid="0000334-8" qtype="when to contact a medical professional">Do I need to see a doctor for Asthma ?</Question>
			<Answer></Answer>
	</QAPair>
	<QAPair pid="9">
			<Question qid="0000334-9" qtype="prevention">How to prevent Asthma ?</Question>
			<Answer></Answer>
	</QAPair>
</QAPairs>
</Document>
