<?xml version="1.0" encoding="UTF-8"?>
<Document id="0000073" source="ADAM" url="https://www.nlm.nih.gov/medlineplus/ency/article/001397.htm">
 <!--Answers from the A.D.A.M. medical encyclopedia were removed to comply with the MedlinePlus copyright-->
<Focus>Acute cerebellar ataxia</Focus>
<FocusAnnotations>
	<Category>Disease</Category>
	<UMLS>
		<CUIs>
			<CUI>C0238014</CUI>
		</CUIs>
		<SemanticTypes>
			<SemanticType>T047</SemanticType>
		</SemanticTypes>
		<SemanticGroup>Disorders</SemanticGroup>
	</UMLS>
	<Synonyms>
		<Synonym>Cerebellar ataxia</Synonym>
		<Synonym>Ataxia - acute cerebellar</Synonym>
		<Synonym>Cerebellitis</Synonym>
		<Synonym>Post-varicella acute cerebellar ataxia</Synonym>
		<Synonym>PVACA</Synonym>
	</Synonyms>
</FocusAnnotations>
<QAPairs>
	<QAPair pid="1">
			<Question qid="0000073-1" qtype="information">What is (are) Acute cerebellar ataxia ?</Question>
			<Answer></Answer>
	</QAPair>
	<QAPair pid="2">
			<Question qid="0000073-2" qtype="causes">What causes Acute cerebellar ataxia ?</Question>
			<Answer></Answer>
	</QAPair>
	<QAPair pid="3">
			<Question qid="0000073-3" qtype="symptoms">What are the symptoms of Acute cerebellar ataxia ?</Question>
			<Answer></Answer>
	</QAPair>
	<QAPair pid="4">
			<Question qid="0000073-4" qtype="exams and tests">How to diagnose Acute cerebellar ataxia ?</Question>
			<Answer></Answer>
	</QAPair>
	<QAPair pid="5">
			<Question qid="0000073-5" qtype="treatment">What are the treatments for Acute cerebellar ataxia ?</Question>
			<Answer></Answer>
	</QAPair>
	<QAPair pid="6">
			<Question qid="0000073-6" qtype="outlook">What is the outlook for Acute cerebellar ataxia ?</Question>
			<Answer></Answer>
	</QAPair>
	<QAPair pid="7">
			<Question qid="0000073-7" qtype="complications">What are the complications of Acute cerebellar ataxia ?</Question>
			<Answer></Answer>
	</QAPair>
	<QAPair pid="8">
			<Question qid="0000073-8" qtype="when to contact a medical professional">Do I need to see a doctor for Acute cerebellar ataxia ?</Question>
			<Answer></Answer>
	</QAPair>
</QAPairs>
</Document>
