<?xml version="1.0" encoding="UTF-8"?>
<Document id="0000287" source="ADAM" url="https://www.nlm.nih.gov/medlineplus/ency/article/000179.htm">
 <!--Answers from the A.D.A.M. medical encyclopedia were removed to comply with the MedlinePlus copyright-->
<Focus>Aortic insufficiency</Focus>
<FocusAnnotations>
	<Category>Disease</Category>
	<UMLS>
		<CUIs>
			<CUI>C0003504</CUI>
		</CUIs>
		<SemanticTypes>
			<SemanticType>T047</SemanticType>
		</SemanticTypes>
		<SemanticGroup>Disorders</SemanticGroup>
	</UMLS>
	<Synonyms>
		<Synonym>Aortic valve prolapse</Synonym>
		<Synonym>Aortic regurgitation</Synonym>
	</Synonyms>
</FocusAnnotations>
<QAPairs>
	<QAPair pid="1">
			<Question qid="0000287-1" qtype="information">What is (are) Aortic insufficiency ?</Question>
			<Answer></Answer>
	</QAPair>
	<QAPair pid="2">
			<Question qid="0000287-2" qtype="causes">What causes Aortic insufficiency ?</Question>
			<Answer></Answer>
	</QAPair>
	<QAPair pid="3">
			<Question qid="0000287-3" qtype="symptoms">What are the symptoms of Aortic insufficiency ?</Question>
			<Answer></Answer>
	</QAPair>
	<QAPair pid="4">
			<Question qid="0000287-4" qtype="exams and tests">How to diagnose Aortic insufficiency ?</Question>
			<Answer></Answer>
	</QAPair>
	<QAPair pid="5">
			<Question qid="0000287-5" qtype="treatment">What are the treatments for Aortic insufficiency ?</Question>
			<Answer></Answer>
	</QAPair>
	<QAPair pid="6">
			<Question qid="0000287-6" qtype="outlook">What is the outlook for Aortic insufficiency ?</Question>
			<Answer></Answer>
	</QAPair>
	<QAPair pid="7">
			<Question qid="0000287-7" qtype="complications">What are the complications of Aortic insufficiency ?</Question>
			<Answer></Answer>
	</QAPair>
	<QAPair pid="8">
			<Question qid="0000287-8" qtype="when to contact a medical professional">Do I need to see a doctor for Aortic insufficiency ?</Question>
			<Answer></Answer>
	</QAPair>
	<QAPair pid="9">
			<Question qid="0000287-9" qtype="prevention">How to prevent Aortic insufficiency ?</Question>
			<Answer></Answer>
	</QAPair>
</QAPairs>
</Document>
