<?xml version="1.0" encoding="UTF-8"?>
<Document id="0000342" source="ADAM" url="https://www.nlm.nih.gov/medlineplus/ency/patientinstructions/000019.htm">
 <!--Answers from the A.D.A.M. medical encyclopedia were removed to comply with the MedlinePlus copyright-->
<Focus>Asthma and school</Focus>
<FocusAnnotations>
	<Category>Disease</Category>
	<UMLS>
		<CUIs>
			<CUI>C0004096</CUI>
		</CUIs>
		<SemanticTypes>
			<SemanticType>T047</SemanticType>
		</SemanticTypes>
		<SemanticGroup>Disorders</SemanticGroup>
	</UMLS>
</FocusAnnotations>
<QAPairs>
	<QAPair pid="1">
			<Question qid="0000342-1" qtype="information">What is (are) Asthma and school ?</Question>
			<Answer></Answer>
	</QAPair>
</QAPairs>
</Document>
