<?xml version="1.0" encoding="UTF-8"?>
<Document id="0000065" source="ADAM" url="https://www.nlm.nih.gov/medlineplus/ency/article/000321.htm">
 <!--Answers from the A.D.A.M. medical encyclopedia were removed to comply with the MedlinePlus copyright-->
<Focus>Acromegaly</Focus>
<FocusAnnotations>
	<Category>Disease</Category>
	<UMLS>
		<CUIs>
			<CUI>C0001206</CUI>
		</CUIs>
		<SemanticTypes>
			<SemanticType>T047</SemanticType>
		</SemanticTypes>
		<SemanticGroup>Disorders</SemanticGroup>
	</UMLS>
	<Synonyms>
		<Synonym>Somatotroph adenoma</Synonym>
		<Synonym>Growth hormone excess</Synonym>
		<Synonym>Pituitary giant (in childhood)</Synonym>
	</Synonyms>
</FocusAnnotations>
<QAPairs>
	<QAPair pid="1">
			<Question qid="0000065-1" qtype="information">What is (are) Acromegaly ?</Question>
			<Answer></Answer>
	</QAPair>
	<QAPair pid="2">
			<Question qid="0000065-2" qtype="causes">What causes Acromegaly ?</Question>
			<Answer></Answer>
	</QAPair>
	<QAPair pid="3">
			<Question qid="0000065-3" qtype="symptoms">What are the symptoms of Acromegaly ?</Question>
			<Answer></Answer>
	</QAPair>
	<QAPair pid="4">
			<Question qid="0000065-4" qtype="exams and tests">How to diagnose Acromegaly ?</Question>
			<Answer></Answer>
	</QAPair>
	<QAPair pid="5">
			<Question qid="0000065-5" qtype="treatment">What are the treatments for Acromegaly ?</Question>
			<Answer></Answer>
	</QAPair>
	<QAPair pid="6">
			<Question qid="0000065-6" qtype="outlook">What is the outlook for Acromegaly ?</Question>
			<Answer></Answer>
	</QAPair>
	<QAPair pid="7">
			<Question qid="0000065-7" qtype="when to contact a medical professional">Do I need to see a doctor for Acromegaly ?</Question>
			<Answer></Answer>
	</QAPair>
	<QAPair pid="8">
			<Question qid="0000065-8" qtype="prevention">How to prevent Acromegaly ?</Question>
			<Answer></Answer>
	</QAPair>
</QAPairs>
</Document>
