<?xml version="1.0" encoding="UTF-8"?>
<Document id="0000006" source="ADAM" url="https://www.nlm.nih.gov/medlineplus/ency/article/003122.htm">
 <!--Answers from the A.D.A.M. medical encyclopedia were removed to comply with the MedlinePlus copyright-->
<Focus>Abdomen - swollen</Focus>
<FocusAnnotations>
	<Category>Other</Category>
	<Synonyms>
		<Synonym>Swollen belly</Synonym>
		<Synonym>Swelling in the abdomen</Synonym>
		<Synonym>Abdominal distention</Synonym>
		<Synonym>Distended abdomen</Synonym>
	</Synonyms>
</FocusAnnotations>
<QAPairs>
	<QAPair pid="1">
			<Question qid="0000006-1" qtype="information">Do you have information about Abdomen - swollen</Question>
			<Answer></Answer>
	</QAPair>
</QAPairs>
</Document>
