<?xml version="1.0" encoding="UTF-8"?>
<Document id="0000298" source="ADAM" url="https://www.nlm.nih.gov/medlineplus/ency/article/003505.htm">
 <!--Answers from the A.D.A.M. medical encyclopedia were removed to comply with the MedlinePlus copyright-->
<Focus>Apolipoprotein CII</Focus>
<FocusAnnotations>
	<Category>Other</Category>
	<Synonyms>
		<Synonym>ApoCII</Synonym>
		<Synonym>Apoprotein CII</Synonym>
		<Synonym>ApoC2</Synonym>
	</Synonyms>
</FocusAnnotations>
<QAPairs>
	<QAPair pid="1">
			<Question qid="0000298-1" qtype="information">Do you have information about Apolipoprotein CII</Question>
			<Answer></Answer>
	</QAPair>
</QAPairs>
</Document>
