<?xml version="1.0" encoding="UTF-8"?>
<Document id="0000449" source="ADAM" url="https://www.nlm.nih.gov/medlineplus/ency/article/003416.htm">
 <!--Answers from the A.D.A.M. medical encyclopedia were removed to comply with the MedlinePlus copyright-->
<Focus>Biopsy</Focus>
<FocusAnnotations>
	<Category>Other</Category>
	<Synonyms>
		<Synonym>Tissue sampling</Synonym>
	</Synonyms>
</FocusAnnotations>
<QAPairs>
	<QAPair pid="1">
			<Question qid="0000449-1" qtype="information">Do you have information about Biopsy</Question>
			<Answer></Answer>
	</QAPair>
</QAPairs>
</Document>
