<?xml version="1.0" encoding="UTF-8"?>
<Document id="0000031" source="ADAM" url="https://www.nlm.nih.gov/medlineplus/ency/article/001353.htm">
 <!--Answers from the A.D.A.M. medical encyclopedia were removed to comply with the MedlinePlus copyright-->
<Focus>Abscess</Focus>
<FocusAnnotations>
	<Category>Disease</Category>
	<UMLS>
		<CUIs>
			<CUI>C0000833</CUI>
		</CUIs>
		<SemanticTypes>
			<SemanticType>T047</SemanticType>
		</SemanticTypes>
		<SemanticGroup>Disorders</SemanticGroup>
	</UMLS>
</FocusAnnotations>
<QAPairs>
	<QAPair pid="1">
			<Question qid="0000031-1" qtype="information">What is (are) Abscess ?</Question>
			<Answer></Answer>
	</QAPair>
	<QAPair pid="2">
			<Question qid="0000031-2" qtype="causes">What causes Abscess ?</Question>
			<Answer></Answer>
	</QAPair>
	<QAPair pid="3">
			<Question qid="0000031-3" qtype="exams and tests">How to diagnose Abscess ?</Question>
			<Answer></Answer>
	</QAPair>
	<QAPair pid="4">
			<Question qid="0000031-4" qtype="treatment">What are the treatments for Abscess ?</Question>
			<Answer></Answer>
	</QAPair>
	<QAPair pid="5">
			<Question qid="0000031-5" qtype="when to contact a medical professional">Do I need to see a doctor for Abscess ?</Question>
			<Answer></Answer>
	</QAPair>
	<QAPair pid="6">
			<Question qid="0000031-6" qtype="prevention">How to prevent Abscess ?</Question>
			<Answer></Answer>
	</QAPair>
</QAPairs>
</Document>
