<?xml version="1.0" encoding="UTF-8"?>
<Document id="0000388" source="ADAM" url="https://www.nlm.nih.gov/medlineplus/ency/article/000254.htm">
 <!--Answers from the A.D.A.M. medical encyclopedia were removed to comply with the MedlinePlus copyright-->
<Focus>Bacterial gastroenteritis</Focus>
<FocusAnnotations>
	<Category>Disease</Category>
	<UMLS>
		<CUIs>
			<CUI>C0558348</CUI>
		</CUIs>
		<SemanticTypes>
			<SemanticType>T047</SemanticType>
		</SemanticTypes>
		<SemanticGroup>Disorders</SemanticGroup>
	</UMLS>
	<Synonyms>
		<Synonym>Infectious diarrhea - bacterial gastroenteritis</Synonym>
		<Synonym>Acute gastroenteritis</Synonym>
		<Synonym>Gastroenteritis - bacterial</Synonym>
	</Synonyms>
</FocusAnnotations>
<QAPairs>
	<QAPair pid="1">
			<Question qid="0000388-1" qtype="information">What is (are) Bacterial gastroenteritis ?</Question>
			<Answer></Answer>
	</QAPair>
	<QAPair pid="2">
			<Question qid="0000388-2" qtype="causes">What causes Bacterial gastroenteritis ?</Question>
			<Answer></Answer>
	</QAPair>
	<QAPair pid="3">
			<Question qid="0000388-3" qtype="symptoms">What are the symptoms of Bacterial gastroenteritis ?</Question>
			<Answer></Answer>
	</QAPair>
	<QAPair pid="4">
			<Question qid="0000388-4" qtype="exams and tests">How to diagnose Bacterial gastroenteritis ?</Question>
			<Answer></Answer>
	</QAPair>
	<QAPair pid="5">
			<Question qid="0000388-5" qtype="treatment">What are the treatments for Bacterial gastroenteritis ?</Question>
			<Answer></Answer>
	</QAPair>
	<QAPair pid="6">
			<Question qid="0000388-6" qtype="outlook">What is the outlook for Bacterial gastroenteritis ?</Question>
			<Answer></Answer>
	</QAPair>
	<QAPair pid="7">
			<Question qid="0000388-7" qtype="when to contact a medical professional">Do I need to see a doctor for Bacterial gastroenteritis ?</Question>
			<Answer></Answer>
	</QAPair>
	<QAPair pid="8">
			<Question qid="0000388-8" qtype="prevention">How to prevent Bacterial gastroenteritis ?</Question>
			<Answer></Answer>
	</QAPair>
</QAPairs>
</Document>
