<?xml version="1.0" encoding="UTF-8"?>
<Document id="0000037" source="ADAM" url="https://www.nlm.nih.gov/medlineplus/ency/article/003567.htm">
 <!--Answers from the A.D.A.M. medical encyclopedia were removed to comply with the MedlinePlus copyright-->
<Focus>ACE blood test</Focus>
<FocusAnnotations>
	<Category>Other</Category>
	<Synonyms>
		<Synonym>Serum angiotensin-converting enzyme</Synonym>
		<Synonym>SACE</Synonym>
	</Synonyms>
</FocusAnnotations>
<QAPairs>
	<QAPair pid="1">
			<Question qid="0000037-1" qtype="information">Do you have information about ACE blood test</Question>
			<Answer></Answer>
	</QAPair>
</QAPairs>
</Document>
