<?xml version="1.0" encoding="UTF-8"?>
<Document id="0000141" source="ADAM" url="https://www.nlm.nih.gov/medlineplus/ency/article/000944.htm">
 <!--Answers from the A.D.A.M. medical encyclopedia were removed to comply with the MedlinePlus copyright-->
<Focus>Alcohol use disorder</Focus>
<FocusAnnotations>
	<Category>Disease</Category>
	<UMLS>
		<CUIs>
			<CUI>C0001956</CUI>
		</CUIs>
		<SemanticTypes>
			<SemanticType>T048</SemanticType>
		</SemanticTypes>
		<SemanticGroup>Disorders</SemanticGroup>
	</UMLS>
	<Synonyms>
		<Synonym>Alcohol dependence</Synonym>
		<Synonym>Alcohol abuse</Synonym>
		<Synonym>Problem drinking</Synonym>
		<Synonym>Drinking problem</Synonym>
		<Synonym>Alcohol addiction</Synonym>
	</Synonyms>
</FocusAnnotations>
<QAPairs>
	<QAPair pid="1">
			<Question qid="0000141-1" qtype="information">What is (are) Alcohol use disorder ?</Question>
			<Answer></Answer>
	</QAPair>
	<QAPair pid="2">
			<Question qid="0000141-2" qtype="causes">What causes Alcohol use disorder ?</Question>
			<Answer></Answer>
	</QAPair>
	<QAPair pid="3">
			<Question qid="0000141-3" qtype="symptoms">What are the symptoms of Alcohol use disorder ?</Question>
			<Answer></Answer>
	</QAPair>
	<QAPair pid="4">
			<Question qid="0000141-4" qtype="exams and tests">How to diagnose Alcohol use disorder ?</Question>
			<Answer></Answer>
	</QAPair>
	<QAPair pid="5">
			<Question qid="0000141-5" qtype="treatment">What are the treatments for Alcohol use disorder ?</Question>
			<Answer></Answer>
	</QAPair>
	<QAPair pid="6">
			<Question qid="0000141-6" qtype="support groups">Where to find support for people with Alcohol use disorder ?</Question>
			<Answer></Answer>
	</QAPair>
	<QAPair pid="7">
			<Question qid="0000141-7" qtype="outlook">What is the outlook for Alcohol use disorder ?</Question>
			<Answer></Answer>
	</QAPair>
	<QAPair pid="8">
			<Question qid="0000141-8" qtype="complications">What are the complications of Alcohol use disorder ?</Question>
			<Answer></Answer>
	</QAPair>
	<QAPair pid="9">
			<Question qid="0000141-9" qtype="when to contact a medical professional">Do I need to see a doctor for Alcohol use disorder ?</Question>
			<Answer></Answer>
	</QAPair>
	<QAPair pid="10">
			<Question qid="0000141-10" qtype="prevention">How to prevent Alcohol use disorder ?</Question>
			<Answer></Answer>
	</QAPair>
</QAPairs>
</Document>
