<?xml version="1.0" encoding="UTF-8"?>
<Document id="0000142" source="ADAM" url="https://www.nlm.nih.gov/medlineplus/ency/article/000764.htm">
 <!--Answers from the A.D.A.M. medical encyclopedia were removed to comply with the MedlinePlus copyright-->
<Focus>Alcohol withdrawal</Focus>
<FocusAnnotations>
	<Category>Disease</Category>
	<UMLS>
		<CUIs>
			<CUI>C0236663</CUI>
		</CUIs>
		<SemanticTypes>
			<SemanticType>T047</SemanticType>
		</SemanticTypes>
		<SemanticGroup>Disorders</SemanticGroup>
	</UMLS>
	<Synonyms>
		<Synonym>Detoxification - alcohol</Synonym>
		<Synonym>Detox - alcohol</Synonym>
	</Synonyms>
</FocusAnnotations>
<QAPairs>
	<QAPair pid="1">
			<Question qid="0000142-1" qtype="information">What is (are) Alcohol withdrawal ?</Question>
			<Answer></Answer>
	</QAPair>
	<QAPair pid="2">
			<Question qid="0000142-2" qtype="causes">What causes Alcohol withdrawal ?</Question>
			<Answer></Answer>
	</QAPair>
	<QAPair pid="3">
			<Question qid="0000142-3" qtype="symptoms">What are the symptoms of Alcohol withdrawal ?</Question>
			<Answer></Answer>
	</QAPair>
	<QAPair pid="4">
			<Question qid="0000142-4" qtype="exams and tests">How to diagnose Alcohol withdrawal ?</Question>
			<Answer></Answer>
	</QAPair>
	<QAPair pid="5">
			<Question qid="0000142-5" qtype="treatment">What are the treatments for Alcohol withdrawal ?</Question>
			<Answer></Answer>
	</QAPair>
	<QAPair pid="6">
			<Question qid="0000142-6" qtype="support groups">Where to find support for people with Alcohol withdrawal ?</Question>
			<Answer></Answer>
	</QAPair>
	<QAPair pid="7">
			<Question qid="0000142-7" qtype="outlook">What is the outlook for Alcohol withdrawal ?</Question>
			<Answer></Answer>
	</QAPair>
	<QAPair pid="8">
			<Question qid="0000142-8" qtype="when to contact a medical professional">Do I need to see a doctor for Alcohol withdrawal ?</Question>
			<Answer></Answer>
	</QAPair>
	<QAPair pid="9">
			<Question qid="0000142-9" qtype="prevention">How to prevent Alcohol withdrawal ?</Question>
			<Answer></Answer>
	</QAPair>
</QAPairs>
</Document>
