<?xml version="1.0" encoding="UTF-8"?>
<Document id="0000100" source="ADAM" url="https://www.nlm.nih.gov/medlineplus/ency/patientinstructions/000472.htm">
 <!--Answers from the A.D.A.M. medical encyclopedia were removed to comply with the MedlinePlus copyright-->
<Focus>Advance care directives</Focus>
<FocusAnnotations>
	<Category>Disease</Category>
	<UMLS>
		<CUIs>
			<CUI>C0580931</CUI>
		</CUIs>
		<SemanticTypes>
			<SemanticType>T033</SemanticType>
		</SemanticTypes>
		<SemanticGroup>Disorders</SemanticGroup>
	</UMLS>
</FocusAnnotations>
<QAPairs>
	<QAPair pid="1">
			<Question qid="0000100-1" qtype="information">What is (are) Advance care directives ?</Question>
			<Answer></Answer>
	</QAPair>
	<QAPair pid="4">
			<Question qid="0000100-4" qtype="information">What is (are) Advance care directives ?</Question>
			<Answer></Answer>
	</QAPair>
</QAPairs>
</Document>
