<?xml version="1.0" encoding="UTF-8"?>
<Document id="0000327" source="ADAM" url="https://www.nlm.nih.gov/medlineplus/ency/article/003532.htm">
 <!--Answers from the A.D.A.M. medical encyclopedia were removed to comply with the MedlinePlus copyright-->
<Focus>Aspergillosis precipitin</Focus>
<FocusAnnotations>
	<Category>Disease</Category>
	<UMLS>
		<CUIs>
			<CUI>C0004030</CUI>
		</CUIs>
		<SemanticTypes>
			<SemanticType>T047</SemanticType>
		</SemanticTypes>
		<SemanticGroup>Disorders</SemanticGroup>
	</UMLS>
	<Synonyms>
		<Synonym>Aspergillus immunodiffusion test</Synonym>
		<Synonym>Test for precipitating antibodies</Synonym>
	</Synonyms>
</FocusAnnotations>
<QAPairs>
	<QAPair pid="1">
			<Question qid="0000327-1" qtype="information">What is (are) Aspergillosis precipitin ?</Question>
			<Answer></Answer>
	</QAPair>
	<QAPair pid="8">
			<Question qid="0000327-8" qtype="susceptibility">Who is at risk for Aspergillosis precipitin? ?</Question>
			<Answer></Answer>
	</QAPair>
</QAPairs>
</Document>
