<?xml version="1.0" encoding="UTF-8"?>
<Document id="0000493" source="ADAM" url="https://www.nlm.nih.gov/medlineplus/ency/article/003482.htm">
 <!--Answers from the A.D.A.M. medical encyclopedia were removed to comply with the MedlinePlus copyright-->
<Focus>Blood sugar test - blood</Focus>
<FocusAnnotations>
	<Category>Other</Category>
	<Synonyms>
		<Synonym>Random blood sugar</Synonym>
		<Synonym>Blood sugar level</Synonym>
		<Synonym>Fasting blood sugar</Synonym>
		<Synonym>Glucose test</Synonym>
	</Synonyms>
</FocusAnnotations>
<QAPairs>
	<QAPair pid="1">
			<Question qid="0000493-1" qtype="information">Do you have information about Blood sugar test - blood</Question>
			<Answer></Answer>
	</QAPair>
</QAPairs>
</Document>
