<?xml version="1.0" encoding="UTF-8"?>
<Document id="0000229" source="ADAM" url="https://www.nlm.nih.gov/medlineplus/ency/patientinstructions/000091.htm">
 <!--Answers from the A.D.A.M. medical encyclopedia were removed to comply with the MedlinePlus copyright-->
<Focus>Angioplasty and stent - heart - discharge</Focus>
<FocusAnnotations>
	<Category>Other</Category>
	<Synonyms>
		<Synonym>Drug-eluting stents - discharge</Synonym>
		<Synonym>PCI - discharge</Synonym>
		<Synonym>Percutaneous coronary intervention - discharge</Synonym>
		<Synonym>Balloon angioplasty - discharge</Synonym>
		<Synonym>Coronary angioplasty - discharge</Synonym>
		<Synonym>Coronary artery angioplasty - discharge</Synonym>
		<Synonym>Cardiac angioplasty - discharge</Synonym>
		<Synonym>PTCA - discharge</Synonym>
		<Synonym>Percutaneous transluminal coronary angioplasty - discharge</Synonym>
		<Synonym>Heart artery dilatation - discharge</Synonym>
	</Synonyms>
</FocusAnnotations>
<QAPairs>
	<QAPair pid="1">
			<Question qid="0000229-1" qtype="information">Do you have information about Angioplasty and stent - heart - discharge</Question>
			<Answer></Answer>
	</QAPair>
</QAPairs>
</Document>
