<?xml version="1.0" encoding="UTF-8"?>
<Document id="0000149" source="ADAM" url="https://www.nlm.nih.gov/medlineplus/ency/article/003202.htm">
 <!--Answers from the A.D.A.M. medical encyclopedia were removed to comply with the MedlinePlus copyright-->
<Focus>Alertness - decreased</Focus>
<FocusAnnotations>
	<Category>Other</Category>
	<Synonyms>
		<Synonym>Stuporous</Synonym>
		<Synonym>Mental status - decreased</Synonym>
		<Synonym>Loss of alertness</Synonym>
		<Synonym>Decreased consciousness</Synonym>
		<Synonym>Changes in consciousness</Synonym>
		<Synonym>Obtundation</Synonym>
		<Synonym>Coma</Synonym>
		<Synonym>Unresponsiveness</Synonym>
	</Synonyms>
</FocusAnnotations>
<QAPairs>
	<QAPair pid="1">
			<Question qid="0000149-1" qtype="information">Do you have information about Alertness - decreased</Question>
			<Answer></Answer>
	</QAPair>
</QAPairs>
</Document>
