<?xml version="1.0" encoding="UTF-8"?>
<Document id="0000467" source="ADAM" url="https://www.nlm.nih.gov/medlineplus/ency/article/002238.htm">
 <!--Answers from the A.D.A.M. medical encyclopedia were removed to comply with the MedlinePlus copyright-->
<Focus>Bladder outlet obstruction</Focus>
<FocusAnnotations>
	<Category>Disease</Category>
	<UMLS>
		<CUIs>
			<CUI>C0005694</CUI>
		</CUIs>
		<SemanticTypes>
			<SemanticType>T047</SemanticType>
		</SemanticTypes>
		<SemanticGroup>Disorders</SemanticGroup>
	</UMLS>
	<Synonyms>
		<Synonym>BOO</Synonym>
		<Synonym>Lower urinary tract obstruction</Synonym>
		<Synonym>Prostatism</Synonym>
	</Synonyms>
</FocusAnnotations>
<QAPairs>
	<QAPair pid="1">
			<Question qid="0000467-1" qtype="information">What is (are) Bladder outlet obstruction ?</Question>
			<Answer></Answer>
	</QAPair>
	<QAPair pid="2">
			<Question qid="0000467-2" qtype="causes">What causes Bladder outlet obstruction ?</Question>
			<Answer></Answer>
	</QAPair>
	<QAPair pid="3">
			<Question qid="0000467-3" qtype="symptoms">What are the symptoms of Bladder outlet obstruction ?</Question>
			<Answer></Answer>
	</QAPair>
	<QAPair pid="4">
			<Question qid="0000467-4" qtype="exams and tests">How to diagnose Bladder outlet obstruction ?</Question>
			<Answer></Answer>
	</QAPair>
	<QAPair pid="5">
			<Question qid="0000467-5" qtype="treatment">What are the treatments for Bladder outlet obstruction ?</Question>
			<Answer></Answer>
	</QAPair>
	<QAPair pid="6">
			<Question qid="0000467-6" qtype="outlook">What is the outlook for Bladder outlet obstruction ?</Question>
			<Answer></Answer>
	</QAPair>
	<QAPair pid="7">
			<Question qid="0000467-7" qtype="when to contact a medical professional">Do I need to see a doctor for Bladder outlet obstruction ?</Question>
			<Answer></Answer>
	</QAPair>
</QAPairs>
</Document>
