<?xml version="1.0" encoding="UTF-8"?>
<Document id="0000126" source="ADAM" url="https://www.nlm.nih.gov/medlineplus/ency/article/004017.htm">
 <!--Answers from the A.D.A.M. medical encyclopedia were removed to comply with the MedlinePlus copyright-->
<Focus>Aging changes in the male reproductive system</Focus>
<FocusAnnotations>
	<Category>Other</Category>
	<Synonyms>
		<Synonym>Andropause</Synonym>
		<Synonym>Male reproductive changes</Synonym>
	</Synonyms>
</FocusAnnotations>
<QAPairs>
	<QAPair pid="1">
			<Question qid="0000126-1" qtype="information">Do you have information about Aging changes in the male reproductive system</Question>
			<Answer></Answer>
	</QAPair>
</QAPairs>
</Document>
