<?xml version="1.0" encoding="UTF-8"?>
<Document id="0000235" source="ADAM" url="https://www.nlm.nih.gov/medlineplus/ency/patientinstructions/000734.htm">
 <!--Answers from the A.D.A.M. medical encyclopedia were removed to comply with the MedlinePlus copyright-->
<Focus>Animal bites - self-care</Focus>
<FocusAnnotations>
	<Category>Disease</Category>
	<UMLS>
		<CUIs>
			<CUI>C0003044</CUI>
		</CUIs>
		<SemanticTypes>
			<SemanticType>T037</SemanticType>
		</SemanticTypes>
		<SemanticGroup>Disorders</SemanticGroup>
	</UMLS>
	<Synonyms>
		<Synonym>Bites - animals - self-care</Synonym>
	</Synonyms>
</FocusAnnotations>
<QAPairs>
	<QAPair pid="1">
			<Question qid="0000235-1" qtype="information">What is (are) Animal bites - self-care ?</Question>
			<Answer></Answer>
	</QAPair>
	<QAPair pid="2">
			<Question qid="0000235-2" qtype="causes">What causes Animal bites - self-care ?</Question>
			<Answer></Answer>
	</QAPair>
	<QAPair pid="3">
			<Question qid="0000235-3" qtype="symptoms">What are the symptoms of Animal bites - self-care ?</Question>
			<Answer></Answer>
	</QAPair>
	<QAPair pid="6">
			<Question qid="0000235-6" qtype="complications">What are the complications of Animal bites - self-care ?</Question>
			<Answer></Answer>
	</QAPair>
	<QAPair pid="7">
			<Question qid="0000235-7" qtype="prevention">How to prevent Animal bites - self-care ?</Question>
			<Answer></Answer>
	</QAPair>
	<QAPair pid="8">
			<Question qid="0000235-8" qtype="when to contact a medical professional">Do I need to see a doctor for Animal bites - self-care ?</Question>
			<Answer></Answer>
	</QAPair>
</QAPairs>
</Document>
