<?xml version="1.0" encoding="UTF-8"?>
<Document id="0000288" source="ADAM" url="https://www.nlm.nih.gov/medlineplus/ency/article/000178.htm">
 <!--Answers from the A.D.A.M. medical encyclopedia were removed to comply with the MedlinePlus copyright-->
<Focus>Aortic stenosis</Focus>
<FocusAnnotations>
	<Category>Disease</Category>
	<UMLS>
		<CUIs>
			<CUI>C0003507</CUI>
		</CUIs>
		<SemanticTypes>
			<SemanticType>T047</SemanticType>
		</SemanticTypes>
		<SemanticGroup>Disorders</SemanticGroup>
	</UMLS>
	<Synonyms>
		<Synonym>Aortic valve stenosis</Synonym>
		<Synonym>Rheumatic aortic stenosis</Synonym>
		<Synonym>Calcific aortic stenosis</Synonym>
	</Synonyms>
</FocusAnnotations>
<QAPairs>
	<QAPair pid="1">
			<Question qid="0000288-1" qtype="information">What is (are) Aortic stenosis ?</Question>
			<Answer></Answer>
	</QAPair>
	<QAPair pid="2">
			<Question qid="0000288-2" qtype="causes">What causes Aortic stenosis ?</Question>
			<Answer></Answer>
	</QAPair>
	<QAPair pid="3">
			<Question qid="0000288-3" qtype="symptoms">What are the symptoms of Aortic stenosis ?</Question>
			<Answer></Answer>
	</QAPair>
	<QAPair pid="4">
			<Question qid="0000288-4" qtype="exams and tests">How to diagnose Aortic stenosis ?</Question>
			<Answer></Answer>
	</QAPair>
	<QAPair pid="5">
			<Question qid="0000288-5" qtype="treatment">What are the treatments for Aortic stenosis ?</Question>
			<Answer></Answer>
	</QAPair>
	<QAPair pid="6">
			<Question qid="0000288-6" qtype="outlook">What is the outlook for Aortic stenosis ?</Question>
			<Answer></Answer>
	</QAPair>
	<QAPair pid="7">
			<Question qid="0000288-7" qtype="when to contact a medical professional">Do I need to see a doctor for Aortic stenosis ?</Question>
			<Answer></Answer>
	</QAPair>
</QAPairs>
</Document>
