<?xml version="1.0" encoding="UTF-8"?>
<Document id="0000024" source="ADAM" url="https://www.nlm.nih.gov/medlineplus/ency/article/003841.htm">
 <!--Answers from the A.D.A.M. medical encyclopedia were removed to comply with the MedlinePlus copyright-->
<Focus>Abdominal wall fat pad biopsy</Focus>
<FocusAnnotations>
	<Category>Disease</Category>
	<UMLS>
		<CUIs>
			<CUI>C0154270</CUI>
		</CUIs>
		<SemanticTypes>
			<SemanticType>T033</SemanticType>
		</SemanticTypes>
		<SemanticGroup>Disorders</SemanticGroup>
	</UMLS>
	<Synonyms>
		<Synonym>Abdominal wall biopsy</Synonym>
		<Synonym>Biopsy - abdominal wall fat pad</Synonym>
	</Synonyms>
</FocusAnnotations>
<QAPairs>
	<QAPair pid="1">
			<Question qid="0000024-1" qtype="information">What is (are) Abdominal wall fat pad biopsy ?</Question>
			<Answer></Answer>
	</QAPair>
	<QAPair pid="8">
			<Question qid="0000024-8" qtype="susceptibility">Who is at risk for Abdominal wall fat pad biopsy? ?</Question>
			<Answer></Answer>
	</QAPair>
</QAPairs>
</Document>
