<?xml version="1.0" encoding="UTF-8"?>
<Document id="0000351" source="ADAM" url="https://www.nlm.nih.gov/medlineplus/ency/article/000853.htm">
 <!--Answers from the A.D.A.M. medical encyclopedia were removed to comply with the MedlinePlus copyright-->
<Focus>Atopic dermatitis</Focus>
<FocusAnnotations>
	<Category>Disease</Category>
	<UMLS>
		<CUIs>
			<CUI>C0013595</CUI>
			<CUI>C0011615</CUI>
		</CUIs>
		<SemanticTypes>
			<SemanticType>T047</SemanticType>
		</SemanticTypes>
		<SemanticGroup>Disorders</SemanticGroup>
	</UMLS>
	<Synonyms>
		<Synonym>Infantile eczema</Synonym>
		<Synonym>Dermatitis - atopic</Synonym>
		<Synonym>Eczema</Synonym>
	</Synonyms>
</FocusAnnotations>
<QAPairs>
	<QAPair pid="1">
			<Question qid="0000351-1" qtype="information">What is (are) Atopic dermatitis ?</Question>
			<Answer></Answer>
	</QAPair>
	<QAPair pid="2">
			<Question qid="0000351-2" qtype="causes">What causes Atopic dermatitis ?</Question>
			<Answer></Answer>
	</QAPair>
	<QAPair pid="3">
			<Question qid="0000351-3" qtype="symptoms">What are the symptoms of Atopic dermatitis ?</Question>
			<Answer></Answer>
	</QAPair>
	<QAPair pid="4">
			<Question qid="0000351-4" qtype="exams and tests">How to diagnose Atopic dermatitis ?</Question>
			<Answer></Answer>
	</QAPair>
	<QAPair pid="5">
			<Question qid="0000351-5" qtype="treatment">What are the treatments for Atopic dermatitis ?</Question>
			<Answer></Answer>
	</QAPair>
	<QAPair pid="6">
			<Question qid="0000351-6" qtype="outlook">What is the outlook for Atopic dermatitis ?</Question>
			<Answer></Answer>
	</QAPair>
	<QAPair pid="7">
			<Question qid="0000351-7" qtype="complications">What are the complications of Atopic dermatitis ?</Question>
			<Answer></Answer>
	</QAPair>
	<QAPair pid="8">
			<Question qid="0000351-8" qtype="when to contact a medical professional">Do I need to see a doctor for Atopic dermatitis ?</Question>
			<Answer></Answer>
	</QAPair>
	<QAPair pid="9">
			<Question qid="0000351-9" qtype="prevention">How to prevent Atopic dermatitis ?</Question>
			<Answer></Answer>
	</QAPair>
</QAPairs>
</Document>
