<?xml version="1.0" encoding="UTF-8"?>
<Document id="0000040" source="ADAM" url="https://www.nlm.nih.gov/medlineplus/ency/patientinstructions/000783.htm">
 <!--Answers from the A.D.A.M. medical encyclopedia were removed to comply with the MedlinePlus copyright-->
<Focus>Acetaminophen dosing for children</Focus>
<FocusAnnotations>
	<Category>Other</Category>
	<Synonyms>
		<Synonym>Tylenol</Synonym>
	</Synonyms>
</FocusAnnotations>
<QAPairs>
	<QAPair pid="1">
			<Question qid="0000040-1" qtype="information">Do you have information about Acetaminophen dosing for children</Question>
			<Answer></Answer>
	</QAPair>
</QAPairs>
</Document>
