<?xml version="1.0" encoding="UTF-8"?>
<Document id="0000239" source="ADAM" url="https://www.nlm.nih.gov/medlineplus/ency/article/003167.htm">
 <!--Answers from the A.D.A.M. medical encyclopedia were removed to comply with the MedlinePlus copyright-->
<Focus>Ankle pain</Focus>
<FocusAnnotations>
	<Category>Disease</Category>
	<UMLS>
		<CUIs>
			<CUI>C0238656</CUI>
		</CUIs>
		<SemanticTypes>
			<SemanticType>T184</SemanticType>
		</SemanticTypes>
		<SemanticGroup>Disorders</SemanticGroup>
	</UMLS>
	<Synonyms>
		<Synonym>Pain - ankle</Synonym>
	</Synonyms>
</FocusAnnotations>
<QAPairs>
	<QAPair pid="1">
			<Question qid="0000239-1" qtype="information">What is (are) Ankle pain ?</Question>
			<Answer></Answer>
	</QAPair>
	<QAPair pid="2">
			<Question qid="0000239-2" qtype="causes">What causes Ankle pain ?</Question>
			<Answer></Answer>
	</QAPair>
	<QAPair pid="3">
			<Question qid="0000239-3" qtype="considerations">What to do for Ankle pain ?</Question>
			<Answer></Answer>
	</QAPair>
	<QAPair pid="4">
			<Question qid="0000239-4" qtype="when to contact a medical professional">Do I need to see a doctor for Ankle pain ?</Question>
			<Answer></Answer>
	</QAPair>
</QAPairs>
</Document>
