<?xml version="1.0" encoding="UTF-8"?>
<Document id="0000338" source="ADAM" url="https://www.nlm.nih.gov/medlineplus/ency/patientinstructions/000008.htm">
 <!--Answers from the A.D.A.M. medical encyclopedia were removed to comply with the MedlinePlus copyright-->
<Focus>Asthma - quick-relief drugs</Focus>
<FocusAnnotations>
	<Category>Disease</Category>
	<UMLS>
		<CUIs>
			<CUI>C0004096</CUI>
			<CUI>C0564405</CUI>
		</CUIs>
		<SemanticTypes>
			<SemanticType>T047</SemanticType>
			<SemanticType>T033</SemanticType>
		</SemanticTypes>
		<SemanticGroup>Disorders</SemanticGroup>
	</UMLS>
	<Synonyms>
		<Synonym>Short-acting beta-agonists</Synonym>
		<Synonym>Bronchodilators</Synonym>
		<Synonym>Oral steroids</Synonym>
	</Synonyms>
</FocusAnnotations>
<QAPairs>
	<QAPair pid="1">
			<Question qid="0000338-1" qtype="information">What is (are) Asthma - quick-relief drugs ?</Question>
			<Answer></Answer>
	</QAPair>
</QAPairs>
</Document>
