<?xml version="1.0" encoding="UTF-8"?>
<Document id="0000139" source="ADAM" url="https://www.nlm.nih.gov/medlineplus/ency/article/007454.htm">
 <!--Answers from the A.D.A.M. medical encyclopedia were removed to comply with the MedlinePlus copyright-->
<Focus>Alcohol and pregnancy</Focus>
<FocusAnnotations>
	<Category>Other</Category>
	<Synonyms>
		<Synonym>Drinking alcohol during pregnancy</Synonym>
	</Synonyms>
</FocusAnnotations>
<QAPairs>
	<QAPair pid="1">
			<Question qid="0000139-1" qtype="information">Do you have information about Alcohol and pregnancy</Question>
			<Answer></Answer>
	</QAPair>
</QAPairs>
</Document>
