<?xml version="1.0" encoding="UTF-8"?>
<Document id="0000058" source="ADAM" url="https://www.nlm.nih.gov/medlineplus/ency/article/000873.htm">
 <!--Answers from the A.D.A.M. medical encyclopedia were removed to comply with the MedlinePlus copyright-->
<Focus>Acne</Focus>
<FocusAnnotations>
	<Category>Disease</Category>
	<UMLS>
		<CUIs>
			<CUI>C0001144</CUI>
			<CUI>C0702166</CUI>
		</CUIs>
		<SemanticTypes>
			<SemanticType>T047</SemanticType>
		</SemanticTypes>
		<SemanticGroup>Disorders</SemanticGroup>
	</UMLS>
	<Synonyms>
		<Synonym>Acne vulgaris</Synonym>
		<Synonym>Cystic acne</Synonym>
		<Synonym>Pimples</Synonym>
		<Synonym>Zits</Synonym>
	</Synonyms>
</FocusAnnotations>
<QAPairs>
	<QAPair pid="1">
			<Question qid="0000058-1" qtype="information">What is (are) Acne ?</Question>
			<Answer></Answer>
	</QAPair>
	<QAPair pid="2">
			<Question qid="0000058-2" qtype="causes">What causes Acne ?</Question>
			<Answer></Answer>
	</QAPair>
	<QAPair pid="3">
			<Question qid="0000058-3" qtype="symptoms">What are the symptoms of Acne ?</Question>
			<Answer></Answer>
	</QAPair>
	<QAPair pid="4">
			<Question qid="0000058-4" qtype="exams and tests">How to diagnose Acne ?</Question>
			<Answer></Answer>
	</QAPair>
	<QAPair pid="5">
			<Question qid="0000058-5" qtype="treatment">What are the treatments for Acne ?</Question>
			<Answer></Answer>
	</QAPair>
	<QAPair pid="6">
			<Question qid="0000058-6" qtype="outlook">What is the outlook for Acne ?</Question>
			<Answer></Answer>
	</QAPair>
	<QAPair pid="7">
			<Question qid="0000058-7" qtype="when to contact a medical professional">Do I need to see a doctor for Acne ?</Question>
			<Answer></Answer>
	</QAPair>
</QAPairs>
</Document>
