<?xml version="1.0" encoding="UTF-8"?>
<Document id="0000257" source="ADAM" url="https://www.nlm.nih.gov/medlineplus/ency/article/003537.htm">
 <!--Answers from the A.D.A.M. medical encyclopedia were removed to comply with the MedlinePlus copyright-->
<Focus>Anti-DNase B blood test</Focus>
<FocusAnnotations>
	<Category>Other</Category>
	<Synonyms>
		<Synonym>Antideoxyribonuclease B titer</Synonym>
		<Synonym>ADN-B test</Synonym>
	</Synonyms>
</FocusAnnotations>
<QAPairs>
	<QAPair pid="1">
			<Question qid="0000257-1" qtype="information">Do you have information about Anti-DNase B blood test</Question>
			<Answer></Answer>
	</QAPair>
</QAPairs>
</Document>
