<?xml version="1.0" encoding="UTF-8"?>
<Document id="0000252" source="ADAM" url="https://www.nlm.nih.gov/medlineplus/ency/patientinstructions/000681.htm">
 <!--Answers from the A.D.A.M. medical encyclopedia were removed to comply with the MedlinePlus copyright-->
<Focus>Anterior cruciate ligament (ACL) injury - aftercare</Focus>
<FocusAnnotations>
	<Category>Disease</Category>
	<UMLS>
		<CUIs>
			<CUI>C3263723</CUI>
		</CUIs>
		<SemanticTypes>
			<SemanticType>T037</SemanticType>
		</SemanticTypes>
		<SemanticGroup>Disorders</SemanticGroup>
	</UMLS>
	<Synonyms>
		<Synonym>Cruciate ligament injury - aftercare</Synonym>
		<Synonym>ACL injury - aftercare</Synonym>
	</Synonyms>
</FocusAnnotations>
<QAPairs>
	<QAPair pid="1">
			<Question qid="0000252-1" qtype="information">What is (are) Anterior cruciate ligament (ACL) injury - aftercare ?</Question>
			<Answer></Answer>
	</QAPair>
	<QAPair pid="2">
			<Question qid="0000252-2" qtype="information">What is (are) Anterior cruciate ligament (ACL) injury - aftercare ?</Question>
			<Answer></Answer>
	</QAPair>
	<QAPair pid="3">
			<Question qid="0000252-3" qtype="outlook">What is the outlook for Anterior cruciate ligament (ACL) injury - aftercare ?</Question>
			<Answer></Answer>
	</QAPair>
	<QAPair pid="6">
			<Question qid="0000252-6" qtype="when to contact a medical professional">Do I need to see a doctor for Anterior cruciate ligament (ACL) injury - aftercare ?</Question>
			<Answer></Answer>
	</QAPair>
</QAPairs>
</Document>
