<?xml version="1.0" encoding="UTF-8"?>
<Document id="0000440" source="ADAM" url="https://www.nlm.nih.gov/medlineplus/ency/article/002394.htm">
 <!--Answers from the A.D.A.M. medical encyclopedia were removed to comply with the MedlinePlus copyright-->
<Focus>Bili lights</Focus>
<FocusAnnotations>
	<Category>Other</Category>
	<Synonyms>
		<Synonym>Phototherapy for jaundice</Synonym>
	</Synonyms>
</FocusAnnotations>
<QAPairs>
	<QAPair pid="1">
			<Question qid="0000440-1" qtype="information">Do you have information about Bili lights</Question>
			<Answer></Answer>
	</QAPair>
</QAPairs>
</Document>
