<?xml version="1.0" encoding="UTF-8"?>
<Document id="0000311" source="ADAM" url="https://www.nlm.nih.gov/medlineplus/ency/article/001507.htm">
 <!--Answers from the A.D.A.M. medical encyclopedia were removed to comply with the MedlinePlus copyright-->
<Focus>Arrhenoblastoma of ovary</Focus>
<FocusAnnotations>
	<Category>Disease</Category>
	<UMLS>
		<CUIs>
			<CUI>C0003810</CUI>
		</CUIs>
		<SemanticTypes>
			<SemanticType>T191</SemanticType>
		</SemanticTypes>
		<SemanticGroup>Disorders</SemanticGroup>
	</UMLS>
	<Synonyms>
		<Synonym>Stromal tumor</Synonym>
		<Synonym>Gonadal stromal tumor</Synonym>
		<Synonym>Sex cord tumor</Synonym>
		<Synonym>Androblastoma</Synonym>
	</Synonyms>
</FocusAnnotations>
<QAPairs>
	<QAPair pid="1">
			<Question qid="0000311-1" qtype="information">What is (are) Arrhenoblastoma of ovary ?</Question>
			<Answer></Answer>
	</QAPair>
	<QAPair pid="2">
			<Question qid="0000311-2" qtype="causes">What causes Arrhenoblastoma of ovary ?</Question>
			<Answer></Answer>
	</QAPair>
	<QAPair pid="3">
			<Question qid="0000311-3" qtype="symptoms">What are the symptoms of Arrhenoblastoma of ovary ?</Question>
			<Answer></Answer>
	</QAPair>
	<QAPair pid="4">
			<Question qid="0000311-4" qtype="exams and tests">How to diagnose Arrhenoblastoma of ovary ?</Question>
			<Answer></Answer>
	</QAPair>
	<QAPair pid="5">
			<Question qid="0000311-5" qtype="treatment">What are the treatments for Arrhenoblastoma of ovary ?</Question>
			<Answer></Answer>
	</QAPair>
	<QAPair pid="6">
			<Question qid="0000311-6" qtype="support groups">Where to find support for people with Arrhenoblastoma of ovary ?</Question>
			<Answer></Answer>
	</QAPair>
	<QAPair pid="7">
			<Question qid="0000311-7" qtype="outlook">What is the outlook for Arrhenoblastoma of ovary ?</Question>
			<Answer></Answer>
	</QAPair>
	<QAPair pid="8">
			<Question qid="0000311-8" qtype="complications">What are the complications of Arrhenoblastoma of ovary ?</Question>
			<Answer></Answer>
	</QAPair>
	<QAPair pid="9">
			<Question qid="0000311-9" qtype="when to contact a medical professional">Do I need to see a doctor for Arrhenoblastoma of ovary ?</Question>
			<Answer></Answer>
	</QAPair>
	<QAPair pid="10">
			<Question qid="0000311-10" qtype="prevention">How to prevent Arrhenoblastoma of ovary ?</Question>
			<Answer></Answer>
	</QAPair>
</QAPairs>
</Document>
