<?xml version="1.0" encoding="UTF-8"?>
<Document id="0000034" source="ADAM" url="https://www.nlm.nih.gov/medlineplus/ency/article/000696.htm">
 <!--Answers from the A.D.A.M. medical encyclopedia were removed to comply with the MedlinePlus copyright-->
<Focus>Absence seizure</Focus>
<FocusAnnotations>
	<Category>Disease</Category>
	<UMLS>
		<CUIs>
			<CUI>C0014553</CUI>
		</CUIs>
		<SemanticTypes>
			<SemanticType>T047</SemanticType>
		</SemanticTypes>
		<SemanticGroup>Disorders</SemanticGroup>
	</UMLS>
	<Synonyms>
		<Synonym>Seizure - petit mal</Synonym>
		<Synonym>Seizure - absence</Synonym>
		<Synonym>Petit mal seizure</Synonym>
		<Synonym>Epilepsy - absence seizure</Synonym>
	</Synonyms>
</FocusAnnotations>
<QAPairs>
	<QAPair pid="1">
			<Question qid="0000034-1" qtype="information">What is (are) Absence seizure ?</Question>
			<Answer></Answer>
	</QAPair>
	<QAPair pid="2">
			<Question qid="0000034-2" qtype="causes">What causes Absence seizure ?</Question>
			<Answer></Answer>
	</QAPair>
	<QAPair pid="3">
			<Question qid="0000034-3" qtype="symptoms">What are the symptoms of Absence seizure ?</Question>
			<Answer></Answer>
	</QAPair>
	<QAPair pid="4">
			<Question qid="0000034-4" qtype="exams and tests">How to diagnose Absence seizure ?</Question>
			<Answer></Answer>
	</QAPair>
	<QAPair pid="5">
			<Question qid="0000034-5" qtype="treatment">What are the treatments for Absence seizure ?</Question>
			<Answer></Answer>
	</QAPair>
</QAPairs>
</Document>
