<?xml version="1.0" encoding="UTF-8"?>
<Document id="0000390" source="ADAM" url="https://www.nlm.nih.gov/medlineplus/ency/article/003926.htm">
 <!--Answers from the A.D.A.M. medical encyclopedia were removed to comply with the MedlinePlus copyright-->
<Focus>BAER - brainstem auditory evoked response</Focus>
<FocusAnnotations>
	<Category>Other</Category>
	<Synonyms>
		<Synonym>Evoked auditory potentials</Synonym>
		<Synonym>Brainstem auditory evoked potentials</Synonym>
		<Synonym>Evoked response audiometry</Synonym>
		<Synonym>Auditory brainstem response</Synonym>
		<Synonym>ABR</Synonym>
		<Synonym>BAEP</Synonym>
	</Synonyms>
</FocusAnnotations>
<QAPairs>
	<QAPair pid="1">
			<Question qid="0000390-1" qtype="information">Do you have information about BAER - brainstem auditory evoked response</Question>
			<Answer></Answer>
	</QAPair>
</QAPairs>
</Document>
