<?xml version="1.0" encoding="UTF-8"?>
<Document id="0000097" source="ADAM" url="https://www.nlm.nih.gov/medlineplus/ency/article/001182.htm">
 <!--Answers from the A.D.A.M. medical encyclopedia were removed to comply with the MedlinePlus copyright-->
<Focus>Adrenoleukodystrophy</Focus>
<FocusAnnotations>
	<Category>Disease</Category>
	<UMLS>
		<CUIs>
			<CUI>C0162309</CUI>
		</CUIs>
		<SemanticTypes>
			<SemanticType>T047</SemanticType>
		</SemanticTypes>
		<SemanticGroup>Disorders</SemanticGroup>
	</UMLS>
	<Synonyms>
		<Synonym>X-linked Adrenoleukodystrophy</Synonym>
		<Synonym>Adrenomyeloneuropathy</Synonym>
		<Synonym>Childhood cerebral adrenoleukodystrophy</Synonym>
		<Synonym>ALD</Synonym>
		<Synonym>Schilder-Addison Complex</Synonym>
	</Synonyms>
</FocusAnnotations>
<QAPairs>
	<QAPair pid="1">
			<Question qid="0000097-1" qtype="information">What is (are) Adrenoleukodystrophy ?</Question>
			<Answer></Answer>
	</QAPair>
	<QAPair pid="2">
			<Question qid="0000097-2" qtype="causes">What causes Adrenoleukodystrophy ?</Question>
			<Answer></Answer>
	</QAPair>
	<QAPair pid="3">
			<Question qid="0000097-3" qtype="symptoms">What are the symptoms of Adrenoleukodystrophy ?</Question>
			<Answer></Answer>
	</QAPair>
	<QAPair pid="4">
			<Question qid="0000097-4" qtype="exams and tests">How to diagnose Adrenoleukodystrophy ?</Question>
			<Answer></Answer>
	</QAPair>
	<QAPair pid="5">
			<Question qid="0000097-5" qtype="treatment">What are the treatments for Adrenoleukodystrophy ?</Question>
			<Answer></Answer>
	</QAPair>
	<QAPair pid="6">
			<Question qid="0000097-6" qtype="outlook">What is the outlook for Adrenoleukodystrophy ?</Question>
			<Answer></Answer>
	</QAPair>
	<QAPair pid="7">
			<Question qid="0000097-7" qtype="complications">What are the complications of Adrenoleukodystrophy ?</Question>
			<Answer></Answer>
	</QAPair>
	<QAPair pid="8">
			<Question qid="0000097-8" qtype="when to contact a medical professional">Do I need to see a doctor for Adrenoleukodystrophy ?</Question>
			<Answer></Answer>
	</QAPair>
	<QAPair pid="9">
			<Question qid="0000097-9" qtype="prevention">How to prevent Adrenoleukodystrophy ?</Question>
			<Answer></Answer>
	</QAPair>
</QAPairs>
</Document>
