<?xml version="1.0" encoding="UTF-8"?>
<Document id="0000049" source="ADAM" url="https://www.nlm.nih.gov/medlineplus/ency/article/001247.htm">
 <!--Answers from the A.D.A.M. medical encyclopedia were removed to comply with the MedlinePlus copyright-->
<Focus>Achondrogenesis</Focus>
<FocusAnnotations>
	<Category>Disease</Category>
	<UMLS>
		<CUIs>
			<CUI>C0001079</CUI>
		</CUIs>
		<SemanticTypes>
			<SemanticType>T019</SemanticType>
		</SemanticTypes>
		<SemanticGroup>Disorders</SemanticGroup>
	</UMLS>
</FocusAnnotations>
<QAPairs>
	<QAPair pid="1">
			<Question qid="0000049-1" qtype="information">What is (are) Achondrogenesis ?</Question>
			<Answer></Answer>
	</QAPair>
	<QAPair pid="2">
			<Question qid="0000049-2" qtype="causes">What causes Achondrogenesis ?</Question>
			<Answer></Answer>
	</QAPair>
	<QAPair pid="3">
			<Question qid="0000049-3" qtype="symptoms">What are the symptoms of Achondrogenesis ?</Question>
			<Answer></Answer>
	</QAPair>
	<QAPair pid="4">
			<Question qid="0000049-4" qtype="exams and tests">How to diagnose Achondrogenesis ?</Question>
			<Answer></Answer>
	</QAPair>
	<QAPair pid="5">
			<Question qid="0000049-5" qtype="treatment">What are the treatments for Achondrogenesis ?</Question>
			<Answer></Answer>
	</QAPair>
	<QAPair pid="6">
			<Question qid="0000049-6" qtype="outlook">What is the outlook for Achondrogenesis ?</Question>
			<Answer></Answer>
	</QAPair>
	<QAPair pid="7">
			<Question qid="0000049-7" qtype="complications">What are the complications of Achondrogenesis ?</Question>
			<Answer></Answer>
	</QAPair>
	<QAPair pid="8">
			<Question qid="0000049-8" qtype="when to contact a medical professional">Do I need to see a doctor for Achondrogenesis ?</Question>
			<Answer></Answer>
	</QAPair>
</QAPairs>
</Document>
