<?xml version="1.0" encoding="UTF-8"?>
<Document id="0000030" source="ADAM" url="https://www.nlm.nih.gov/medlineplus/ency/patientinstructions/000658.htm">
 <!--Answers from the A.D.A.M. medical encyclopedia were removed to comply with the MedlinePlus copyright-->
<Focus>Abortion - surgical - aftercare</Focus>
<FocusAnnotations>
	<Category>Disease</Category>
	<UMLS>
		<CUIs>
			<CUI>C0156543</CUI>
		</CUIs>
		<SemanticTypes>
			<SemanticType>T033</SemanticType>
		</SemanticTypes>
		<SemanticGroup>Disorders</SemanticGroup>
	</UMLS>
</FocusAnnotations>
<QAPairs>
	<QAPair pid="1">
			<Question qid="0000030-1" qtype="information">What is (are) Abortion - surgical - aftercare ?</Question>
			<Answer></Answer>
	</QAPair>
	<QAPair pid="2">
			<Question qid="0000030-2" qtype="outlook">What is the outlook for Abortion - surgical - aftercare ?</Question>
			<Answer></Answer>
	</QAPair>
</QAPairs>
</Document>
