<?xml version="1.0" encoding="UTF-8"?>
<Document id="0000179" source="ADAM" url="https://www.nlm.nih.gov/medlineplus/ency/patientinstructions/000508.htm">
 <!--Answers from the A.D.A.M. medical encyclopedia were removed to comply with the MedlinePlus copyright-->
<Focus>Am I in labor?</Focus>
<FocusAnnotations>
	<Category>Other</Category>
	<Synonyms>
		<Synonym>False labor</Synonym>
		<Synonym>Braxton Hicks contractions</Synonym>
		<Synonym>Prodromal labor</Synonym>
		<Synonym>Latent labor</Synonym>
		<Synonym>Pregnancy - labor</Synonym>
	</Synonyms>
</FocusAnnotations>
<QAPairs>
	<QAPair pid="1">
			<Question qid="0000179-1" qtype="information">Do you have information about Am I in labor?</Question>
			<Answer></Answer>
	</QAPair>
</QAPairs>
</Document>
