<?xml version="1.0" encoding="UTF-8"?>
<Document id="0000315" source="ADAM" url="https://www.nlm.nih.gov/medlineplus/ency/article/003422.htm">
 <!--Answers from the A.D.A.M. medical encyclopedia were removed to comply with the MedlinePlus copyright-->
<Focus>Arterial stick</Focus>
<FocusAnnotations>
	<Category>Other</Category>
	<Synonyms>
		<Synonym>Blood sample - arterial</Synonym>
	</Synonyms>
</FocusAnnotations>
<QAPairs>
	<QAPair pid="1">
			<Question qid="0000315-1" qtype="information">Do you have information about Arterial stick</Question>
			<Answer></Answer>
	</QAPair>
</QAPairs>
</Document>
