<?xml version="1.0" encoding="UTF-8"?>
<Document id="0000183" source="ADAM" url="https://www.nlm.nih.gov/medlineplus/ency/article/000298.htm">
 <!--Answers from the A.D.A.M. medical encyclopedia were removed to comply with the MedlinePlus copyright-->
<Focus>Amebiasis</Focus>
<FocusAnnotations>
	<Category>Disease</Category>
	<UMLS>
		<CUIs>
			<CUI>C0002438</CUI>
			<CUI>C0013370</CUI>
		</CUIs>
		<SemanticTypes>
			<SemanticType>T047</SemanticType>
		</SemanticTypes>
		<SemanticGroup>Disorders</SemanticGroup>
	</UMLS>
	<Synonyms>
		<Synonym>Amebic dysentery</Synonym>
		<Synonym>Intestinal amebiasis</Synonym>
	</Synonyms>
</FocusAnnotations>
<QAPairs>
	<QAPair pid="1">
			<Question qid="0000183-1" qtype="information">What is (are) Amebiasis ?</Question>
			<Answer></Answer>
	</QAPair>
	<QAPair pid="2">
			<Question qid="0000183-2" qtype="causes">What causes Amebiasis ?</Question>
			<Answer></Answer>
	</QAPair>
	<QAPair pid="3">
			<Question qid="0000183-3" qtype="symptoms">What are the symptoms of Amebiasis ?</Question>
			<Answer></Answer>
	</QAPair>
	<QAPair pid="4">
			<Question qid="0000183-4" qtype="exams and tests">How to diagnose Amebiasis ?</Question>
			<Answer></Answer>
	</QAPair>
	<QAPair pid="5">
			<Question qid="0000183-5" qtype="treatment">What are the treatments for Amebiasis ?</Question>
			<Answer></Answer>
	</QAPair>
	<QAPair pid="6">
			<Question qid="0000183-6" qtype="outlook">What is the outlook for Amebiasis ?</Question>
			<Answer></Answer>
	</QAPair>
	<QAPair pid="7">
			<Question qid="0000183-7" qtype="complications">What are the complications of Amebiasis ?</Question>
			<Answer></Answer>
	</QAPair>
	<QAPair pid="8">
			<Question qid="0000183-8" qtype="when to contact a medical professional">Do I need to see a doctor for Amebiasis ?</Question>
			<Answer></Answer>
	</QAPair>
	<QAPair pid="9">
			<Question qid="0000183-9" qtype="prevention">How to prevent Amebiasis ?</Question>
			<Answer></Answer>
	</QAPair>
</QAPairs>
</Document>
