<?xml version="1.0" encoding="UTF-8"?>
<Document id="0000383" source="ADAM" url="https://www.nlm.nih.gov/medlineplus/ency/article/002563.htm">
 <!--Answers from the A.D.A.M. medical encyclopedia were removed to comply with the MedlinePlus copyright-->
<Focus>Bacitracin overdose</Focus>
<FocusAnnotations>
	<Category>Other</Category>
	<Synonyms>
		<Synonym>Polysporin ointment overdose</Synonym>
		<Synonym>Baciquent ointment overdose</Synonym>
	</Synonyms>
</FocusAnnotations>
<QAPairs>
	<QAPair pid="1">
			<Question qid="0000383-1" qtype="information">Do you have information about Bacitracin overdose</Question>
			<Answer></Answer>
	</QAPair>
</QAPairs>
</Document>
