<?xml version="1.0" encoding="UTF-8"?>
<Document id="0000086" source="ADAM" url="https://www.nlm.nih.gov/medlineplus/ency/article/000378.htm">
 <!--Answers from the A.D.A.M. medical encyclopedia were removed to comply with the MedlinePlus copyright-->
<Focus>Addison disease</Focus>
<FocusAnnotations>
	<Category>Disease</Category>
	<UMLS>
		<CUIs>
			<CUI>C0266273</CUI>
			<CUI>C0001403</CUI>
		</CUIs>
		<SemanticTypes>
			<SemanticType>T019</SemanticType>
			<SemanticType>T047</SemanticType>
		</SemanticTypes>
		<SemanticGroup>Disorders</SemanticGroup>
	</UMLS>
	<Synonyms>
		<Synonym>Adrenocortical hypofunction</Synonym>
		<Synonym>Chronic adrenocortical insufficiency</Synonym>
		<Synonym>Primary adrenal insufficiency</Synonym>
	</Synonyms>
</FocusAnnotations>
<QAPairs>
	<QAPair pid="1">
			<Question qid="0000086-1" qtype="information">What is (are) Addison disease ?</Question>
			<Answer></Answer>
	</QAPair>
	<QAPair pid="2">
			<Question qid="0000086-2" qtype="causes">What causes Addison disease ?</Question>
			<Answer></Answer>
	</QAPair>
	<QAPair pid="3">
			<Question qid="0000086-3" qtype="symptoms">What are the symptoms of Addison disease ?</Question>
			<Answer></Answer>
	</QAPair>
	<QAPair pid="4">
			<Question qid="0000086-4" qtype="exams and tests">How to diagnose Addison disease ?</Question>
			<Answer></Answer>
	</QAPair>
	<QAPair pid="5">
			<Question qid="0000086-5" qtype="treatment">What are the treatments for Addison disease ?</Question>
			<Answer></Answer>
	</QAPair>
	<QAPair pid="6">
			<Question qid="0000086-6" qtype="outlook">What is the outlook for Addison disease ?</Question>
			<Answer></Answer>
	</QAPair>
	<QAPair pid="7">
			<Question qid="0000086-7" qtype="complications">What are the complications of Addison disease ?</Question>
			<Answer></Answer>
	</QAPair>
	<QAPair pid="8">
			<Question qid="0000086-8" qtype="when to contact a medical professional">Do I need to see a doctor for Addison disease ?</Question>
			<Answer></Answer>
	</QAPair>
</QAPairs>
</Document>
