<?xml version="1.0" encoding="UTF-8"?>
<Document id="0000076" source="ADAM" url="https://www.nlm.nih.gov/medlineplus/ency/article/000568.htm">
 <!--Answers from the A.D.A.M. medical encyclopedia were removed to comply with the MedlinePlus copyright-->
<Focus>Acute cytomegalovirus (CMV) infection</Focus>
<FocusAnnotations>
	<Category>Disease</Category>
	<UMLS>
		<CUIs>
			<CUI>C0010825</CUI>
			<CUI>C3714514</CUI>
		</CUIs>
		<SemanticTypes>
			<SemanticType>T005</SemanticType>
			<SemanticType>T046</SemanticType>
		</SemanticTypes>
		<SemanticGroup>Disorders</SemanticGroup>
	</UMLS>
	<Synonyms>
		<Synonym>CMV mononucleosis</Synonym>
		<Synonym>Cytomegalovirus (CMV)</Synonym>
	</Synonyms>
</FocusAnnotations>
<QAPairs>
	<QAPair pid="1">
			<Question qid="0000076-1" qtype="information">What is (are) Acute cytomegalovirus (CMV) infection ?</Question>
			<Answer></Answer>
	</QAPair>
	<QAPair pid="2">
			<Question qid="0000076-2" qtype="causes">What causes Acute cytomegalovirus (CMV) infection ?</Question>
			<Answer></Answer>
	</QAPair>
	<QAPair pid="3">
			<Question qid="0000076-3" qtype="symptoms">What are the symptoms of Acute cytomegalovirus (CMV) infection ?</Question>
			<Answer></Answer>
	</QAPair>
	<QAPair pid="4">
			<Question qid="0000076-4" qtype="exams and tests">How to diagnose Acute cytomegalovirus (CMV) infection ?</Question>
			<Answer></Answer>
	</QAPair>
	<QAPair pid="5">
			<Question qid="0000076-5" qtype="treatment">What are the treatments for Acute cytomegalovirus (CMV) infection ?</Question>
			<Answer></Answer>
	</QAPair>
	<QAPair pid="6">
			<Question qid="0000076-6" qtype="outlook">What is the outlook for Acute cytomegalovirus (CMV) infection ?</Question>
			<Answer></Answer>
	</QAPair>
	<QAPair pid="7">
			<Question qid="0000076-7" qtype="complications">What are the complications of Acute cytomegalovirus (CMV) infection ?</Question>
			<Answer></Answer>
	</QAPair>
	<QAPair pid="8">
			<Question qid="0000076-8" qtype="when to contact a medical professional">Do I need to see a doctor for Acute cytomegalovirus (CMV) infection ?</Question>
			<Answer></Answer>
	</QAPair>
	<QAPair pid="9">
			<Question qid="0000076-9" qtype="prevention">How to prevent Acute cytomegalovirus (CMV) infection ?</Question>
			<Answer></Answer>
	</QAPair>
</QAPairs>
</Document>
