<?xml version="1.0" encoding="UTF-8"?>
<Document id="0000105" source="ADAM" url="https://www.nlm.nih.gov/medlineplus/ency/patientinstructions/000441.htm">
 <!--Answers from the A.D.A.M. medical encyclopedia were removed to comply with the MedlinePlus copyright-->
<Focus>After a fall in the hospital</Focus>
<FocusAnnotations>
	<Category>Disease</Category>
	<UMLS>
		<CUIs>
			<CUI>C0085639</CUI>
		</CUIs>
		<SemanticTypes>
			<SemanticType>T033</SemanticType>
		</SemanticTypes>
		<SemanticGroup>Disorders</SemanticGroup>
	</UMLS>
</FocusAnnotations>
<QAPairs>
	<QAPair pid="1">
			<Question qid="0000105-1" qtype="information">What is (are) After a fall in the hospital ?</Question>
			<Answer></Answer>
	</QAPair>
</QAPairs>
</Document>
