<?xml version="1.0" encoding="UTF-8"?>
<Document id="0000002" source="ADAM" url="https://www.nlm.nih.gov/medlineplus/ency/patientinstructions/000868.htm">
 <!--Answers from the A.D.A.M. medical encyclopedia were removed to comply with the MedlinePlus copyright-->
<Focus>A guide to herbal remedies</Focus>
<FocusAnnotations>
	<Category>Other</Category>
</FocusAnnotations>
<QAPairs>
	<QAPair pid="1">
			<Question qid="0000002-1" qtype="information">Do you have information about A guide to herbal remedies</Question>
			<Answer></Answer>
	</QAPair>
</QAPairs>
</Document>
