<?xml version="1.0" encoding="UTF-8"?>
<Document id="0000271" source="ADAM" url="https://www.nlm.nih.gov/medlineplus/ency/article/002751.htm">
 <!--Answers from the A.D.A.M. medical encyclopedia were removed to comply with the MedlinePlus copyright-->
<Focus>Antifreeze poisoning</Focus>
<FocusAnnotations>
	<Category>Disease</Category>
	<UMLS>
		<CUIs>
			<CUI>C1960938</CUI>
		</CUIs>
		<SemanticTypes>
			<SemanticType>T037</SemanticType>
		</SemanticTypes>
		<SemanticGroup>Disorders</SemanticGroup>
	</UMLS>
	<Synonyms>
		<Synonym>Engine coolant poisoning</Synonym>
	</Synonyms>
</FocusAnnotations>
<QAPairs>
	<QAPair pid="1">
			<Question qid="0000271-1" qtype="information">What is (are) Antifreeze poisoning ?</Question>
			<Answer></Answer>
	</QAPair>
	<QAPair pid="4">
			<Question qid="0000271-4" qtype="symptoms">What are the symptoms of Antifreeze poisoning ?</Question>
			<Answer></Answer>
	</QAPair>
	<QAPair pid="5">
			<Question qid="0000271-5" qtype="considerations">What to do for Antifreeze poisoning ?</Question>
			<Answer></Answer>
	</QAPair>
	<QAPair pid="8">
			<Question qid="0000271-8" qtype="outlook">What is the outlook for Antifreeze poisoning ?</Question>
			<Answer></Answer>
	</QAPair>
	<QAPair pid="9">
			<Question qid="0000271-9" qtype="outlook">What is the outlook for Antifreeze poisoning ?</Question>
			<Answer></Answer>
	</QAPair>
</QAPairs>
</Document>
