<?xml version="1.0" encoding="UTF-8"?>
<Document id="0000019" source="ADAM" url="https://www.nlm.nih.gov/medlineplus/ency/article/003136.htm">
 <!--Answers from the A.D.A.M. medical encyclopedia were removed to comply with the MedlinePlus copyright-->
<Focus>Abdominal rigidity</Focus>
<FocusAnnotations>
	<Category>Disease</Category>
	<UMLS>
		<CUIs>
			<CUI>C0159066</CUI>
		</CUIs>
		<SemanticTypes>
			<SemanticType>T184</SemanticType>
		</SemanticTypes>
		<SemanticGroup>Disorders</SemanticGroup>
	</UMLS>
	<Synonyms>
		<Synonym>Rigidity of the abdomen</Synonym>
	</Synonyms>
</FocusAnnotations>
<QAPairs>
	<QAPair pid="1">
			<Question qid="0000019-1" qtype="information">What is (are) Abdominal rigidity ?</Question>
			<Answer></Answer>
	</QAPair>
	<QAPair pid="2">
			<Question qid="0000019-2" qtype="considerations">What to do for Abdominal rigidity ?</Question>
			<Answer></Answer>
	</QAPair>
	<QAPair pid="3">
			<Question qid="0000019-3" qtype="causes">What causes Abdominal rigidity ?</Question>
			<Answer></Answer>
	</QAPair>
	<QAPair pid="4">
			<Question qid="0000019-4" qtype="when to contact a medical professional">Do I need to see a doctor for Abdominal rigidity ?</Question>
			<Answer></Answer>
	</QAPair>
	<QAPair pid="5">
			<Question qid="0000019-5" qtype="outlook">What is the outlook for Abdominal rigidity ?</Question>
			<Answer></Answer>
	</QAPair>
</QAPairs>
</Document>
