<?xml version="1.0" encoding="UTF-8"?>
<Document id="0000475" source="ADAM" url="https://www.nlm.nih.gov/medlineplus/ency/article/003062.htm">
 <!--Answers from the A.D.A.M. medical encyclopedia were removed to comply with the MedlinePlus copyright-->
<Focus>Bleeding gums</Focus>
<FocusAnnotations>
	<Category>Disease</Category>
	<UMLS>
		<CUIs>
			<CUI>C0017565</CUI>
			<CUI>C2012701</CUI>
		</CUIs>
		<SemanticTypes>
			<SemanticType>T033</SemanticType>
			<SemanticType>T184</SemanticType>
		</SemanticTypes>
		<SemanticGroup>Disorders</SemanticGroup>
	</UMLS>
	<Synonyms>
		<Synonym>Gums - bleeding</Synonym>
	</Synonyms>
</FocusAnnotations>
<QAPairs>
	<QAPair pid="1">
			<Question qid="0000475-1" qtype="information">What is (are) Bleeding gums ?</Question>
			<Answer></Answer>
	</QAPair>
	<QAPair pid="2">
			<Question qid="0000475-2" qtype="causes">What causes Bleeding gums ?</Question>
			<Answer></Answer>
	</QAPair>
	<QAPair pid="3">
			<Question qid="0000475-3" qtype="considerations">What to do for Bleeding gums ?</Question>
			<Answer></Answer>
	</QAPair>
	<QAPair pid="4">
			<Question qid="0000475-4" qtype="when to contact a medical professional">Do I need to see a doctor for Bleeding gums ?</Question>
			<Answer></Answer>
	</QAPair>
	<QAPair pid="5">
			<Question qid="0000475-5" qtype="outlook">What is the outlook for Bleeding gums ?</Question>
			<Answer></Answer>
	</QAPair>
</QAPairs>
</Document>
