<?xml version="1.0" encoding="UTF-8"?>
<Document id="0000132" source="ADAM" url="https://www.nlm.nih.gov/medlineplus/ency/article/000923.htm">
 <!--Answers from the A.D.A.M. medical encyclopedia were removed to comply with the MedlinePlus copyright-->
<Focus>Agoraphobia</Focus>
<FocusAnnotations>
	<Category>Disease</Category>
	<UMLS>
		<CUIs>
			<CUI>C0001818</CUI>
			<CUI>C2188188</CUI>
		</CUIs>
		<SemanticTypes>
			<SemanticType>T048</SemanticType>
			<SemanticType>T184</SemanticType>
		</SemanticTypes>
		<SemanticGroup>Disorders</SemanticGroup>
	</UMLS>
	<Synonyms>
		<Synonym>Agoraphobia</Synonym>
		<Synonym>Anxiety disorder- agoraphobia</Synonym>
	</Synonyms>
</FocusAnnotations>
<QAPairs>
	<QAPair pid="1">
			<Question qid="0000132-1" qtype="information">What is (are) Agoraphobia ?</Question>
			<Answer></Answer>
	</QAPair>
	<QAPair pid="2">
			<Question qid="0000132-2" qtype="causes">What causes Agoraphobia ?</Question>
			<Answer></Answer>
	</QAPair>
	<QAPair pid="3">
			<Question qid="0000132-3" qtype="symptoms">What are the symptoms of Agoraphobia ?</Question>
			<Answer></Answer>
	</QAPair>
	<QAPair pid="4">
			<Question qid="0000132-4" qtype="exams and tests">How to diagnose Agoraphobia ?</Question>
			<Answer></Answer>
	</QAPair>
	<QAPair pid="5">
			<Question qid="0000132-5" qtype="treatment">What are the treatments for Agoraphobia ?</Question>
			<Answer></Answer>
	</QAPair>
	<QAPair pid="6">
			<Question qid="0000132-6" qtype="outlook">What is the outlook for Agoraphobia ?</Question>
			<Answer></Answer>
	</QAPair>
	<QAPair pid="7">
			<Question qid="0000132-7" qtype="complications">What are the complications of Agoraphobia ?</Question>
			<Answer></Answer>
	</QAPair>
	<QAPair pid="8">
			<Question qid="0000132-8" qtype="when to contact a medical professional">Do I need to see a doctor for Agoraphobia ?</Question>
			<Answer></Answer>
	</QAPair>
	<QAPair pid="9">
			<Question qid="0000132-9" qtype="prevention">How to prevent Agoraphobia ?</Question>
			<Answer></Answer>
	</QAPair>
</QAPairs>
</Document>
