<?xml version="1.0" encoding="UTF-8"?>
<Document id="0000191" source="ADAM" url="https://www.nlm.nih.gov/medlineplus/ency/article/002631.htm">
 <!--Answers from the A.D.A.M. medical encyclopedia were removed to comply with the MedlinePlus copyright-->
<Focus>Amitriptyline hydrochloride overdose</Focus>
<FocusAnnotations>
	<Category>Other</Category>
	<Synonyms>
		<Synonym>Elavil overdose</Synonym>
		<Synonym>Adepril overdose</Synonym>
		<Synonym>Endep overdose</Synonym>
		<Synonym>Enovil overdose</Synonym>
		<Synonym>Trepiline overdose</Synonym>
	</Synonyms>
</FocusAnnotations>
<QAPairs>
	<QAPair pid="1">
			<Question qid="0000191-1" qtype="information">Do you have information about Amitriptyline hydrochloride overdose</Question>
			<Answer></Answer>
	</QAPair>
</QAPairs>
</Document>
