<?xml version="1.0" encoding="UTF-8"?>
<Document id="0000328" source="ADAM" url="https://www.nlm.nih.gov/medlineplus/ency/article/002752.htm">
 <!--Answers from the A.D.A.M. medical encyclopedia were removed to comply with the MedlinePlus copyright-->
<Focus>Asphalt cement poisoning</Focus>
<FocusAnnotations>
	<Category>Disease</Category>
	<UMLS>
		<CUIs>
			<CUI>C0032343</CUI>
		</CUIs>
		<SemanticTypes>
			<SemanticType>T037</SemanticType>
		</SemanticTypes>
		<SemanticGroup>Disorders</SemanticGroup>
	</UMLS>
	<Synonyms>
		<Synonym>Asphalt</Synonym>
		<Synonym>Pavement</Synonym>
	</Synonyms>
</FocusAnnotations>
<QAPairs>
	<QAPair pid="1">
			<Question qid="0000328-1" qtype="information">What is (are) Asphalt cement poisoning ?</Question>
			<Answer></Answer>
	</QAPair>
	<QAPair pid="4">
			<Question qid="0000328-4" qtype="symptoms">What are the symptoms of Asphalt cement poisoning ?</Question>
			<Answer></Answer>
	</QAPair>
	<QAPair pid="5">
			<Question qid="0000328-5" qtype="considerations">What to do for Asphalt cement poisoning ?</Question>
			<Answer></Answer>
	</QAPair>
	<QAPair pid="8">
			<Question qid="0000328-8" qtype="outlook">What is the outlook for Asphalt cement poisoning ?</Question>
			<Answer></Answer>
	</QAPair>
	<QAPair pid="9">
			<Question qid="0000328-9" qtype="outlook">What is the outlook for Asphalt cement poisoning ?</Question>
			<Answer></Answer>
	</QAPair>
</QAPairs>
</Document>
