<?xml version="1.0" encoding="UTF-8"?>
<Document id="0000236" source="ADAM" url="https://www.nlm.nih.gov/medlineplus/ency/article/003314.htm">
 <!--Answers from the A.D.A.M. medical encyclopedia were removed to comply with the MedlinePlus copyright-->
<Focus>Anisocoria</Focus>
<FocusAnnotations>
	<Category>Disease</Category>
	<UMLS>
		<CUIs>
			<CUI>C0003079</CUI>
		</CUIs>
		<SemanticTypes>
			<SemanticType>T033</SemanticType>
		</SemanticTypes>
		<SemanticGroup>Disorders</SemanticGroup>
	</UMLS>
	<Synonyms>
		<Synonym>Enlargement of one pupil</Synonym>
		<Synonym>Pupils of different size</Synonym>
		<Synonym>Eyes/pupils different size</Synonym>
	</Synonyms>
</FocusAnnotations>
<QAPairs>
	<QAPair pid="1">
			<Question qid="0000236-1" qtype="information">What is (are) Anisocoria ?</Question>
			<Answer></Answer>
	</QAPair>
	<QAPair pid="2">
			<Question qid="0000236-2" qtype="considerations">What to do for Anisocoria ?</Question>
			<Answer></Answer>
	</QAPair>
	<QAPair pid="3">
			<Question qid="0000236-3" qtype="causes">What causes Anisocoria ?</Question>
			<Answer></Answer>
	</QAPair>
	<QAPair pid="4">
			<Question qid="0000236-4" qtype="considerations">What to do for Anisocoria ?</Question>
			<Answer></Answer>
	</QAPair>
	<QAPair pid="5">
			<Question qid="0000236-5" qtype="when to contact a medical professional">Do I need to see a doctor for Anisocoria ?</Question>
			<Answer></Answer>
	</QAPair>
	<QAPair pid="6">
			<Question qid="0000236-6" qtype="outlook">What is the outlook for Anisocoria ?</Question>
			<Answer></Answer>
	</QAPair>
</QAPairs>
</Document>
