<?xml version="1.0" encoding="UTF-8"?>
<Document id="0000264" source="ADAM" url="https://www.nlm.nih.gov/medlineplus/ency/article/002770.htm">
 <!--Answers from the A.D.A.M. medical encyclopedia were removed to comply with the MedlinePlus copyright-->
<Focus>Anti-rust product poisoning</Focus>
<FocusAnnotations>
	<Category>Other</Category>
</FocusAnnotations>
<QAPairs>
	<QAPair pid="1">
			<Question qid="0000264-1" qtype="information">Do you have information about Anti-rust product poisoning</Question>
			<Answer></Answer>
	</QAPair>
</QAPairs>
</Document>
