<?xml version="1.0" encoding="UTF-8"?>
<Document id="0000234" source="ADAM" url="https://www.nlm.nih.gov/medlineplus/ency/article/007393.htm">
 <!--Answers from the A.D.A.M. medical encyclopedia were removed to comply with the MedlinePlus copyright-->
<Focus>Angioplasty and stent placement -- peripheral arteries</Focus>
<FocusAnnotations>
	<Category>Other</Category>
	<Synonyms>
		<Synonym>Percutaneous transluminal angioplasty - peripheral artery</Synonym>
		<Synonym>PTA - peripheral artery</Synonym>
		<Synonym>Angioplasty - peripheral arteries</Synonym>
		<Synonym>Iliac artery -angioplasty</Synonym>
		<Synonym>Femoral artery - angioplasty</Synonym>
		<Synonym>Popliteal artery - angioplasty</Synonym>
		<Synonym>Tibial artery - angioplasty</Synonym>
		<Synonym>Peroneal artery - angioplasty</Synonym>
		<Synonym>Peripheral vascular disease - angioplasty</Synonym>
		<Synonym>PVD - angioplasty</Synonym>
		<Synonym>PAD - angioplasty</Synonym>
	</Synonyms>
</FocusAnnotations>
<QAPairs>
	<QAPair pid="1">
			<Question qid="0000234-1" qtype="information">Do you have information about Angioplasty and stent placement -- peripheral arteries</Question>
			<Answer></Answer>
	</QAPair>
</QAPairs>
</Document>
