<?xml version="1.0" encoding="UTF-8"?>
<Document id="0000325" source="ADAM" url="https://www.nlm.nih.gov/medlineplus/ency/article/001549.htm">
 <!--Answers from the A.D.A.M. medical encyclopedia were removed to comply with the MedlinePlus copyright-->
<Focus>Asperger syndrome</Focus>
<FocusAnnotations>
	<Category>Disease</Category>
	<UMLS>
		<CUIs>
			<CUI>C0236792</CUI>
		</CUIs>
		<SemanticTypes>
			<SemanticType>T048</SemanticType>
		</SemanticTypes>
		<SemanticGroup>Disorders</SemanticGroup>
	</UMLS>
</FocusAnnotations>
<QAPairs>
	<QAPair pid="1">
			<Question qid="0000325-1" qtype="information">What is (are) Asperger syndrome ?</Question>
			<Answer></Answer>
	</QAPair>
</QAPairs>
</Document>
