<?xml version="1.0" encoding="UTF-8"?>
<Document id="0000036" source="ADAM" url="https://www.nlm.nih.gov/medlineplus/ency/article/000852.htm">
 <!--Answers from the A.D.A.M. medical encyclopedia were removed to comply with the MedlinePlus copyright-->
<Focus>Acanthosis nigricans</Focus>
<FocusAnnotations>
	<Category>Disease</Category>
	<UMLS>
		<CUIs>
			<CUI>C0000889</CUI>
		</CUIs>
		<SemanticTypes>
			<SemanticType>T047</SemanticType>
		</SemanticTypes>
		<SemanticGroup>Disorders</SemanticGroup>
	</UMLS>
</FocusAnnotations>
<QAPairs>
	<QAPair pid="1">
			<Question qid="0000036-1" qtype="information">What is (are) Acanthosis nigricans ?</Question>
			<Answer></Answer>
	</QAPair>
	<QAPair pid="2">
			<Question qid="0000036-2" qtype="causes">What causes Acanthosis nigricans ?</Question>
			<Answer></Answer>
	</QAPair>
	<QAPair pid="3">
			<Question qid="0000036-3" qtype="symptoms">What are the symptoms of Acanthosis nigricans ?</Question>
			<Answer></Answer>
	</QAPair>
	<QAPair pid="4">
			<Question qid="0000036-4" qtype="exams and tests">How to diagnose Acanthosis nigricans ?</Question>
			<Answer></Answer>
	</QAPair>
	<QAPair pid="5">
			<Question qid="0000036-5" qtype="treatment">What are the treatments for Acanthosis nigricans ?</Question>
			<Answer></Answer>
	</QAPair>
	<QAPair pid="6">
			<Question qid="0000036-6" qtype="outlook">What is the outlook for Acanthosis nigricans ?</Question>
			<Answer></Answer>
	</QAPair>
	<QAPair pid="7">
			<Question qid="0000036-7" qtype="when to contact a medical professional">Do I need to see a doctor for Acanthosis nigricans ?</Question>
			<Answer></Answer>
	</QAPair>
</QAPairs>
</Document>
