<?xml version="1.0" encoding="UTF-8"?>
<Document id="0000401" source="ADAM" url="https://www.nlm.nih.gov/medlineplus/ency/article/001069.htm">
 <!--Answers from the A.D.A.M. medical encyclopedia were removed to comply with the MedlinePlus copyright-->
<Focus>Basal ganglia dysfunction</Focus>
<FocusAnnotations>
	<Category>Disease</Category>
	<UMLS>
		<CUIs>
			<CUI>C1845895</CUI>
		</CUIs>
		<SemanticTypes>
			<SemanticType>T033</SemanticType>
		</SemanticTypes>
		<SemanticGroup>Disorders</SemanticGroup>
	</UMLS>
	<Synonyms>
		<Synonym>Extra-pyramidal syndrome</Synonym>
	</Synonyms>
</FocusAnnotations>
<QAPairs>
	<QAPair pid="1">
			<Question qid="0000401-1" qtype="information">What is (are) Basal ganglia dysfunction ?</Question>
			<Answer></Answer>
	</QAPair>
	<QAPair pid="2">
			<Question qid="0000401-2" qtype="causes">What causes Basal ganglia dysfunction ?</Question>
			<Answer></Answer>
	</QAPair>
	<QAPair pid="3">
			<Question qid="0000401-3" qtype="symptoms">What are the symptoms of Basal ganglia dysfunction ?</Question>
			<Answer></Answer>
	</QAPair>
	<QAPair pid="4">
			<Question qid="0000401-4" qtype="exams and tests">How to diagnose Basal ganglia dysfunction ?</Question>
			<Answer></Answer>
	</QAPair>
	<QAPair pid="5">
			<Question qid="0000401-5" qtype="treatment">What are the treatments for Basal ganglia dysfunction ?</Question>
			<Answer></Answer>
	</QAPair>
	<QAPair pid="6">
			<Question qid="0000401-6" qtype="outlook">What is the outlook for Basal ganglia dysfunction ?</Question>
			<Answer></Answer>
	</QAPair>
	<QAPair pid="7">
			<Question qid="0000401-7" qtype="when to contact a medical professional">Do I need to see a doctor for Basal ganglia dysfunction ?</Question>
			<Answer></Answer>
	</QAPair>
</QAPairs>
</Document>
