<?xml version="1.0" encoding="UTF-8"?>
<Document id="0000478" source="ADAM" url="https://www.nlm.nih.gov/medlineplus/ency/article/001619.htm">
 <!--Answers from the A.D.A.M. medical encyclopedia were removed to comply with the MedlinePlus copyright-->
<Focus>Blepharitis</Focus>
<FocusAnnotations>
	<Category>Disease</Category>
	<UMLS>
		<CUIs>
			<CUI>C0005741</CUI>
		</CUIs>
		<SemanticTypes>
			<SemanticType>T047</SemanticType>
		</SemanticTypes>
		<SemanticGroup>Disorders</SemanticGroup>
	</UMLS>
	<Synonyms>
		<Synonym>Eyelid inflammation</Synonym>
		<Synonym>Meibomian gland dysfunction</Synonym>
	</Synonyms>
</FocusAnnotations>
<QAPairs>
	<QAPair pid="1">
			<Question qid="0000478-1" qtype="information">What is (are) Blepharitis ?</Question>
			<Answer></Answer>
	</QAPair>
	<QAPair pid="2">
			<Question qid="0000478-2" qtype="causes">What causes Blepharitis ?</Question>
			<Answer></Answer>
	</QAPair>
	<QAPair pid="3">
			<Question qid="0000478-3" qtype="symptoms">What are the symptoms of Blepharitis ?</Question>
			<Answer></Answer>
	</QAPair>
	<QAPair pid="4">
			<Question qid="0000478-4" qtype="exams and tests">How to diagnose Blepharitis ?</Question>
			<Answer></Answer>
	</QAPair>
	<QAPair pid="5">
			<Question qid="0000478-5" qtype="treatment">What are the treatments for Blepharitis ?</Question>
			<Answer></Answer>
	</QAPair>
	<QAPair pid="6">
			<Question qid="0000478-6" qtype="outlook">What is the outlook for Blepharitis ?</Question>
			<Answer></Answer>
	</QAPair>
	<QAPair pid="7">
			<Question qid="0000478-7" qtype="when to contact a medical professional">Do I need to see a doctor for Blepharitis ?</Question>
			<Answer></Answer>
	</QAPair>
	<QAPair pid="8">
			<Question qid="0000478-8" qtype="prevention">How to prevent Blepharitis ?</Question>
			<Answer></Answer>
	</QAPair>
</QAPairs>
</Document>
