<?xml version="1.0" encoding="UTF-8"?>
<Document id="0000317" source="ADAM" url="https://www.nlm.nih.gov/medlineplus/ency/article/001243.htm">
 <!--Answers from the A.D.A.M. medical encyclopedia were removed to comply with the MedlinePlus copyright-->
<Focus>Arthritis</Focus>
<FocusAnnotations>
	<Category>Disease</Category>
	<UMLS>
		<CUIs>
			<CUI>C0003864</CUI>
		</CUIs>
		<SemanticTypes>
			<SemanticType>T047</SemanticType>
		</SemanticTypes>
		<SemanticGroup>Disorders</SemanticGroup>
	</UMLS>
	<Synonyms>
		<Synonym>Joint inflammation</Synonym>
		<Synonym>Joint degeneration</Synonym>
	</Synonyms>
</FocusAnnotations>
<QAPairs>
	<QAPair pid="1">
			<Question qid="0000317-1" qtype="information">What is (are) Arthritis ?</Question>
			<Answer></Answer>
	</QAPair>
	<QAPair pid="2">
			<Question qid="0000317-2" qtype="causes">What causes Arthritis ?</Question>
			<Answer></Answer>
	</QAPair>
	<QAPair pid="3">
			<Question qid="0000317-3" qtype="symptoms">What are the symptoms of Arthritis ?</Question>
			<Answer></Answer>
	</QAPair>
	<QAPair pid="4">
			<Question qid="0000317-4" qtype="exams and tests">How to diagnose Arthritis ?</Question>
			<Answer></Answer>
	</QAPair>
	<QAPair pid="5">
			<Question qid="0000317-5" qtype="treatment">What are the treatments for Arthritis ?</Question>
			<Answer></Answer>
	</QAPair>
	<QAPair pid="6">
			<Question qid="0000317-6" qtype="outlook">What is the outlook for Arthritis ?</Question>
			<Answer></Answer>
	</QAPair>
	<QAPair pid="7">
			<Question qid="0000317-7" qtype="complications">What are the complications of Arthritis ?</Question>
			<Answer></Answer>
	</QAPair>
	<QAPair pid="8">
			<Question qid="0000317-8" qtype="when to contact a medical professional">Do I need to see a doctor for Arthritis ?</Question>
			<Answer></Answer>
	</QAPair>
	<QAPair pid="9">
			<Question qid="0000317-9" qtype="prevention">How to prevent Arthritis ?</Question>
			<Answer></Answer>
	</QAPair>
</QAPairs>
</Document>
