<?xml version="1.0" encoding="UTF-8"?>
<Document id="0000015" source="ADAM" url="https://www.nlm.nih.gov/medlineplus/ency/article/003796.htm">
 <!--Answers from the A.D.A.M. medical encyclopedia were removed to comply with the MedlinePlus copyright-->
<Focus>Abdominal MRI scan</Focus>
<FocusAnnotations>
	<Category>Other</Category>
	<Synonyms>
		<Synonym>Nuclear magnetic resonance - abdomen</Synonym>
		<Synonym>NMR - abdomen</Synonym>
		<Synonym>Magnetic resonance imaging - abdomen</Synonym>
		<Synonym>MRI of the abdomen</Synonym>
	</Synonyms>
</FocusAnnotations>
<QAPairs>
	<QAPair pid="1">
			<Question qid="0000015-1" qtype="information">Do you have information about Abdominal MRI scan</Question>
			<Answer></Answer>
	</QAPair>
</QAPairs>
</Document>
