<?xml version="1.0" encoding="UTF-8"?>
<Document id="0000194" source="ADAM" url="https://www.nlm.nih.gov/medlineplus/ency/article/002491.htm">
 <!--Answers from the A.D.A.M. medical encyclopedia were removed to comply with the MedlinePlus copyright-->
<Focus>Ammonium hydroxide poisoning</Focus>
<FocusAnnotations>
	<Category>Other</Category>
	<Synonyms>
		<Synonym>Aqueous - ammonia</Synonym>
	</Synonyms>
</FocusAnnotations>
<QAPairs>
	<QAPair pid="1">
			<Question qid="0000194-1" qtype="information">Do you have information about Ammonium hydroxide poisoning</Question>
			<Answer></Answer>
	</QAPair>
</QAPairs>
</Document>
