<?xml version="1.0" encoding="UTF-8"?>
<Document id="0000054" source="ADAM" url="https://www.nlm.nih.gov/medlineplus/ency/article/003766.htm">
 <!--Answers from the A.D.A.M. medical encyclopedia were removed to comply with the MedlinePlus copyright-->
<Focus>Acid-fast stain</Focus>
<FocusAnnotations>
	<Category>Other</Category>
</FocusAnnotations>
<QAPairs>
	<QAPair pid="1">
			<Question qid="0000054-1" qtype="information">Do you have information about Acid-fast stain</Question>
			<Answer></Answer>
	</QAPair>
</QAPairs>
</Document>
