<?xml version="1.0" encoding="UTF-8"?>
<Document id="0000082" source="ADAM" url="https://www.nlm.nih.gov/medlineplus/ency/article/000495.htm">
 <!--Answers from the A.D.A.M. medical encyclopedia were removed to comply with the MedlinePlus copyright-->
<Focus>Acute nephritic syndrome</Focus>
<FocusAnnotations>
	<Category>Disease</Category>
	<UMLS>
		<CUIs>
			<CUI>C0268733</CUI>
		</CUIs>
		<SemanticTypes>
			<SemanticType>T047</SemanticType>
		</SemanticTypes>
		<SemanticGroup>Disorders</SemanticGroup>
	</UMLS>
	<Synonyms>
		<Synonym>Glomerulonephritis - acute</Synonym>
		<Synonym>Acute glomerulonephritis</Synonym>
		<Synonym>Nephritis syndrome - acute</Synonym>
	</Synonyms>
</FocusAnnotations>
<QAPairs>
	<QAPair pid="1">
			<Question qid="0000082-1" qtype="information">What is (are) Acute nephritic syndrome ?</Question>
			<Answer></Answer>
	</QAPair>
	<QAPair pid="2">
			<Question qid="0000082-2" qtype="causes">What causes Acute nephritic syndrome ?</Question>
			<Answer></Answer>
	</QAPair>
	<QAPair pid="3">
			<Question qid="0000082-3" qtype="symptoms">What are the symptoms of Acute nephritic syndrome ?</Question>
			<Answer></Answer>
	</QAPair>
	<QAPair pid="4">
			<Question qid="0000082-4" qtype="exams and tests">How to diagnose Acute nephritic syndrome ?</Question>
			<Answer></Answer>
	</QAPair>
	<QAPair pid="5">
			<Question qid="0000082-5" qtype="treatment">What are the treatments for Acute nephritic syndrome ?</Question>
			<Answer></Answer>
	</QAPair>
	<QAPair pid="6">
			<Question qid="0000082-6" qtype="support groups">Where to find support for people with Acute nephritic syndrome ?</Question>
			<Answer></Answer>
	</QAPair>
	<QAPair pid="7">
			<Question qid="0000082-7" qtype="outlook">What is the outlook for Acute nephritic syndrome ?</Question>
			<Answer></Answer>
	</QAPair>
	<QAPair pid="8">
			<Question qid="0000082-8" qtype="when to contact a medical professional">Do I need to see a doctor for Acute nephritic syndrome ?</Question>
			<Answer></Answer>
	</QAPair>
	<QAPair pid="9">
			<Question qid="0000082-9" qtype="prevention">How to prevent Acute nephritic syndrome ?</Question>
			<Answer></Answer>
	</QAPair>
</QAPairs>
</Document>
