<?xml version="1.0" encoding="UTF-8"?>
<Document id="0000188" source="ADAM" url="https://www.nlm.nih.gov/medlineplus/ency/article/003366.htm">
 <!--Answers from the A.D.A.M. medical encyclopedia were removed to comply with the MedlinePlus copyright-->
<Focus>Aminoaciduria</Focus>
<FocusAnnotations>
	<Category>Disease</Category>
	<UMLS>
		<CUIs>
			<CUI>C0238621</CUI>
		</CUIs>
		<SemanticTypes>
			<SemanticType>T047</SemanticType>
		</SemanticTypes>
		<SemanticGroup>Disorders</SemanticGroup>
	</UMLS>
	<Synonyms>
		<Synonym>Amino acids - urine</Synonym>
		<Synonym>Urine amino acids</Synonym>
	</Synonyms>
</FocusAnnotations>
<QAPairs>
	<QAPair pid="1">
			<Question qid="0000188-1" qtype="information">What is (are) Aminoaciduria ?</Question>
			<Answer></Answer>
	</QAPair>
	<QAPair pid="8">
			<Question qid="0000188-8" qtype="considerations">What to do for Aminoaciduria ?</Question>
			<Answer></Answer>
	</QAPair>
</QAPairs>
</Document>
