<?xml version="1.0" encoding="UTF-8"?>
<Document id="0000331" source="ADAM" url="https://www.nlm.nih.gov/medlineplus/ency/patientinstructions/000092.htm">
 <!--Answers from the A.D.A.M. medical encyclopedia were removed to comply with the MedlinePlus copyright-->
<Focus>Aspirin and heart disease</Focus>
<FocusAnnotations>
	<Category>Disease</Category>
	<UMLS>
		<CUIs>
			<CUI>C0018799</CUI>
		</CUIs>
		<SemanticTypes>
			<SemanticType>T047</SemanticType>
		</SemanticTypes>
		<SemanticGroup>Disorders</SemanticGroup>
	</UMLS>
	<Synonyms>
		<Synonym>Blood thinners - aspirin</Synonym>
		<Synonym>Antiplatelet therapy - aspirin</Synonym>
	</Synonyms>
</FocusAnnotations>
<QAPairs>
	<QAPair pid="1">
			<Question qid="0000331-1" qtype="information">What is (are) Aspirin and heart disease ?</Question>
			<Answer></Answer>
	</QAPair>
	<QAPair pid="4">
			<Question qid="0000331-4" qtype="when to contact a medical professional">Do I need to see a doctor for Aspirin and heart disease ?</Question>
			<Answer></Answer>
	</QAPair>
</QAPairs>
</Document>
