<?xml version="1.0" encoding="UTF-8"?>
<Document id="0000035" source="ADAM" url="https://www.nlm.nih.gov/medlineplus/ency/article/007314.htm">
 <!--Answers from the A.D.A.M. medical encyclopedia were removed to comply with the MedlinePlus copyright-->
<Focus>Absent pulmonary valve</Focus>
<FocusAnnotations>
	<Category>Disease</Category>
	<UMLS>
		<CUIs>
			<CUI>C0265831</CUI>
		</CUIs>
		<SemanticTypes>
			<SemanticType>T019</SemanticType>
		</SemanticTypes>
		<SemanticGroup>Disorders</SemanticGroup>
	</UMLS>
	<Synonyms>
		<Synonym>Absent pulmonary valve syndrome</Synonym>
		<Synonym>Congenital absence of the pulmonary valve</Synonym>
		<Synonym>Pulmonary valve agenesis</Synonym>
	</Synonyms>
</FocusAnnotations>
<QAPairs>
	<QAPair pid="1">
			<Question qid="0000035-1" qtype="information">What is (are) Absent pulmonary valve ?</Question>
			<Answer></Answer>
	</QAPair>
	<QAPair pid="2">
			<Question qid="0000035-2" qtype="causes">What causes Absent pulmonary valve ?</Question>
			<Answer></Answer>
	</QAPair>
	<QAPair pid="3">
			<Question qid="0000035-3" qtype="symptoms">What are the symptoms of Absent pulmonary valve ?</Question>
			<Answer></Answer>
	</QAPair>
	<QAPair pid="4">
			<Question qid="0000035-4" qtype="exams and tests">How to diagnose Absent pulmonary valve ?</Question>
			<Answer></Answer>
	</QAPair>
	<QAPair pid="5">
			<Question qid="0000035-5" qtype="treatment">What are the treatments for Absent pulmonary valve ?</Question>
			<Answer></Answer>
	</QAPair>
	<QAPair pid="6">
			<Question qid="0000035-6" qtype="outlook">What is the outlook for Absent pulmonary valve ?</Question>
			<Answer></Answer>
	</QAPair>
	<QAPair pid="7">
			<Question qid="0000035-7" qtype="complications">What are the complications of Absent pulmonary valve ?</Question>
			<Answer></Answer>
	</QAPair>
	<QAPair pid="8">
			<Question qid="0000035-8" qtype="when to contact a medical professional">Do I need to see a doctor for Absent pulmonary valve ?</Question>
			<Answer></Answer>
	</QAPair>
	<QAPair pid="9">
			<Question qid="0000035-9" qtype="prevention">How to prevent Absent pulmonary valve ?</Question>
			<Answer></Answer>
	</QAPair>
</QAPairs>
</Document>
