<?xml version="1.0" encoding="UTF-8"?>
<Document id="0000020" source="ADAM" url="https://www.nlm.nih.gov/medlineplus/ency/article/003137.htm">
 <!--Answers from the A.D.A.M. medical encyclopedia were removed to comply with the MedlinePlus copyright-->
<Focus>Abdominal sounds</Focus>
<FocusAnnotations>
	<Category>Other</Category>
	<Synonyms>
		<Synonym>Bowel sounds</Synonym>
	</Synonyms>
</FocusAnnotations>
<QAPairs>
	<QAPair pid="1">
			<Question qid="0000020-1" qtype="information">Do you have information about Abdominal sounds</Question>
			<Answer></Answer>
	</QAPair>
</QAPairs>
</Document>
