<?xml version="1.0" encoding="UTF-8"?>
<Document id="0000250" source="ADAM" url="https://www.nlm.nih.gov/medlineplus/ency/article/002232.htm">
 <!--Answers from the A.D.A.M. medical encyclopedia were removed to comply with the MedlinePlus copyright-->
<Focus>Anterior</Focus>
<FocusAnnotations>
	<Category>Other</Category>
	<Synonyms>
		<Synonym>Ventral</Synonym>
	</Synonyms>
</FocusAnnotations>
<QAPairs>
	<QAPair pid="1">
			<Question qid="0000250-1" qtype="information">Do you have information about Anterior</Question>
			<Answer></Answer>
	</QAPair>
</QAPairs>
</Document>
