<?xml version="1.0" encoding="UTF-8"?>
<Document id="0000134" source="ADAM" url="https://www.nlm.nih.gov/medlineplus/ency/article/001664.htm">
 <!--Answers from the A.D.A.M. medical encyclopedia were removed to comply with the MedlinePlus copyright-->
<Focus>Aicardi syndrome</Focus>
<FocusAnnotations>
	<Category>Disease</Category>
	<UMLS>
		<CUIs>
			<CUI>C0175713</CUI>
		</CUIs>
		<SemanticTypes>
			<SemanticType>T047</SemanticType>
		</SemanticTypes>
		<SemanticGroup>Disorders</SemanticGroup>
	</UMLS>
</FocusAnnotations>
<QAPairs>
	<QAPair pid="1">
			<Question qid="0000134-1" qtype="information">What is (are) Aicardi syndrome ?</Question>
			<Answer></Answer>
	</QAPair>
	<QAPair pid="2">
			<Question qid="0000134-2" qtype="causes">What causes Aicardi syndrome ?</Question>
			<Answer></Answer>
	</QAPair>
	<QAPair pid="3">
			<Question qid="0000134-3" qtype="symptoms">What are the symptoms of Aicardi syndrome ?</Question>
			<Answer></Answer>
	</QAPair>
	<QAPair pid="4">
			<Question qid="0000134-4" qtype="exams and tests">How to diagnose Aicardi syndrome ?</Question>
			<Answer></Answer>
	</QAPair>
	<QAPair pid="5">
			<Question qid="0000134-5" qtype="treatment">What are the treatments for Aicardi syndrome ?</Question>
			<Answer></Answer>
	</QAPair>
	<QAPair pid="6">
			<Question qid="0000134-6" qtype="support groups">Where to find support for people with Aicardi syndrome ?</Question>
			<Answer></Answer>
	</QAPair>
	<QAPair pid="7">
			<Question qid="0000134-7" qtype="outlook">What is the outlook for Aicardi syndrome ?</Question>
			<Answer></Answer>
	</QAPair>
	<QAPair pid="8">
			<Question qid="0000134-8" qtype="complications">What are the complications of Aicardi syndrome ?</Question>
			<Answer></Answer>
	</QAPair>
	<QAPair pid="9">
			<Question qid="0000134-9" qtype="when to contact a medical professional">Do I need to see a doctor for Aicardi syndrome ?</Question>
			<Answer></Answer>
	</QAPair>
</QAPairs>
</Document>
