<?xml version="1.0" encoding="UTF-8"?>
<Document id="0000396" source="ADAM" url="https://www.nlm.nih.gov/medlineplus/ency/article/003817.htm">
 <!--Answers from the A.D.A.M. medical encyclopedia were removed to comply with the MedlinePlus copyright-->
<Focus>Barium enema</Focus>
<FocusAnnotations>
	<Category>Other</Category>
	<Synonyms>
		<Synonym>Lower gastrointestinal series</Synonym>
		<Synonym>Lower GI series</Synonym>
	</Synonyms>
</FocusAnnotations>
<QAPairs>
	<QAPair pid="1">
			<Question qid="0000396-1" qtype="information">Do you have information about Barium enema</Question>
			<Answer></Answer>
	</QAPair>
</QAPairs>
</Document>
