<?xml version="1.0" encoding="UTF-8"?>
<Document id="0000289" source="ADAM" url="https://www.nlm.nih.gov/medlineplus/ency/article/007407.htm">
 <!--Answers from the A.D.A.M. medical encyclopedia were removed to comply with the MedlinePlus copyright-->
<Focus>Aortic valve surgery - minimally invasive</Focus>
<FocusAnnotations>
	<Category>Other</Category>
	<Synonyms>
		<Synonym>Mini-thoracotomy aortic valve replacement or repair</Synonym>
		<Synonym>Cardiac valvular surgery</Synonym>
		<Synonym>Mini-sternotomy</Synonym>
		<Synonym>Robotically-assisted aortic valve replacement, Trancatheter aortic valve replacement, TAVR.</Synonym>
	</Synonyms>
</FocusAnnotations>
<QAPairs>
	<QAPair pid="1">
			<Question qid="0000289-1" qtype="information">Do you have information about Aortic valve surgery - minimally invasive</Question>
			<Answer></Answer>
	</QAPair>
</QAPairs>
</Document>
