<?xml version="1.0" encoding="UTF-8"?>
<Document id="0000276" source="ADAM" url="https://www.nlm.nih.gov/medlineplus/ency/article/003351.htm">
 <!--Answers from the A.D.A.M. medical encyclopedia were removed to comply with the MedlinePlus copyright-->
<Focus>Antiparietal cell antibody test</Focus>
<FocusAnnotations>
	<Category>Other</Category>
	<Synonyms>
		<Synonym>APCA</Synonym>
		<Synonym>Anti-gastric parietal cell antibody</Synonym>
	</Synonyms>
</FocusAnnotations>
<QAPairs>
	<QAPair pid="1">
			<Question qid="0000276-1" qtype="information">Do you have information about Antiparietal cell antibody test</Question>
			<Answer></Answer>
	</QAPair>
</QAPairs>
</Document>
