<?xml version="1.0" encoding="UTF-8"?>
<Document id="0000088" source="ADAM" url="https://www.nlm.nih.gov/medlineplus/ency/article/001513.htm">
 <!--Answers from the A.D.A.M. medical encyclopedia were removed to comply with the MedlinePlus copyright-->
<Focus>Adenomyosis</Focus>
<FocusAnnotations>
	<Category>Disease</Category>
	<UMLS>
		<CUIs>
			<CUI>C0341858</CUI>
		</CUIs>
		<SemanticTypes>
			<SemanticType>T047</SemanticType>
		</SemanticTypes>
		<SemanticGroup>Disorders</SemanticGroup>
	</UMLS>
	<Synonyms>
		<Synonym>Endometriosis interna</Synonym>
		<Synonym>Adenomyoma</Synonym>
	</Synonyms>
</FocusAnnotations>
<QAPairs>
	<QAPair pid="1">
			<Question qid="0000088-1" qtype="information">What is (are) Adenomyosis ?</Question>
			<Answer></Answer>
	</QAPair>
	<QAPair pid="2">
			<Question qid="0000088-2" qtype="causes">What causes Adenomyosis ?</Question>
			<Answer></Answer>
	</QAPair>
	<QAPair pid="3">
			<Question qid="0000088-3" qtype="symptoms">What are the symptoms of Adenomyosis ?</Question>
			<Answer></Answer>
	</QAPair>
	<QAPair pid="4">
			<Question qid="0000088-4" qtype="exams and tests">How to diagnose Adenomyosis ?</Question>
			<Answer></Answer>
	</QAPair>
	<QAPair pid="5">
			<Question qid="0000088-5" qtype="treatment">What are the treatments for Adenomyosis ?</Question>
			<Answer></Answer>
	</QAPair>
	<QAPair pid="6">
			<Question qid="0000088-6" qtype="outlook">What is the outlook for Adenomyosis ?</Question>
			<Answer></Answer>
	</QAPair>
	<QAPair pid="7">
			<Question qid="0000088-7" qtype="when to contact a medical professional">Do I need to see a doctor for Adenomyosis ?</Question>
			<Answer></Answer>
	</QAPair>
</QAPairs>
</Document>
