<?xml version="1.0" encoding="UTF-8"?>
<Document id="0000028" source="ADAM" url="https://www.nlm.nih.gov/medlineplus/ency/article/007382.htm">
 <!--Answers from the A.D.A.M. medical encyclopedia were removed to comply with the MedlinePlus copyright-->
<Focus>Abortion - medical</Focus>
<FocusAnnotations>
	<Category>Disease</Category>
	<UMLS>
		<CUIs>
			<CUI>C0156543</CUI>
		</CUIs>
		<SemanticTypes>
			<SemanticType>T033</SemanticType>
		</SemanticTypes>
		<SemanticGroup>Disorders</SemanticGroup>
	</UMLS>
	<Synonyms>
		<Synonym>Therapeutic medical abortion</Synonym>
		<Synonym>Elective medical abortion</Synonym>
		<Synonym>Induced abortion</Synonym>
		<Synonym>Nonsurgical abortion</Synonym>
	</Synonyms>
</FocusAnnotations>
<QAPairs>
	<QAPair pid="1">
			<Question qid="0000028-1" qtype="information">What is (are) Abortion - medical ?</Question>
			<Answer></Answer>
	</QAPair>
	<QAPair pid="2">
			<Question qid="0000028-2" qtype="information">What is (are) Abortion - medical ?</Question>
			<Answer></Answer>
	</QAPair>
	<QAPair pid="4">
			<Question qid="0000028-4" qtype="susceptibility">Who is at risk for Abortion - medical? ?</Question>
			<Answer></Answer>
	</QAPair>
	<QAPair pid="7">
			<Question qid="0000028-7" qtype="outlook">What is the outlook for Abortion - medical ?</Question>
			<Answer></Answer>
	</QAPair>
</QAPairs>
</Document>
