<?xml version="1.0" encoding="UTF-8"?>
<Document id="0000355" source="ADAM" url="https://www.nlm.nih.gov/medlineplus/ency/article/007273.htm">
 <!--Answers from the A.D.A.M. medical encyclopedia were removed to comply with the MedlinePlus copyright-->
<Focus>Atrial myxoma</Focus>
<FocusAnnotations>
	<Category>Disease</Category>
	<UMLS>
		<CUIs>
			<CUI>C0151241</CUI>
		</CUIs>
		<SemanticTypes>
			<SemanticType>T191</SemanticType>
		</SemanticTypes>
		<SemanticGroup>Disorders</SemanticGroup>
	</UMLS>
</FocusAnnotations>
<QAPairs>
	<QAPair pid="1">
			<Question qid="0000355-1" qtype="information">What is (are) Atrial myxoma ?</Question>
			<Answer></Answer>
	</QAPair>
	<QAPair pid="2">
			<Question qid="0000355-2" qtype="causes">What causes Atrial myxoma ?</Question>
			<Answer></Answer>
	</QAPair>
	<QAPair pid="3">
			<Question qid="0000355-3" qtype="symptoms">What are the symptoms of Atrial myxoma ?</Question>
			<Answer></Answer>
	</QAPair>
	<QAPair pid="4">
			<Question qid="0000355-4" qtype="exams and tests">How to diagnose Atrial myxoma ?</Question>
			<Answer></Answer>
	</QAPair>
	<QAPair pid="5">
			<Question qid="0000355-5" qtype="treatment">What are the treatments for Atrial myxoma ?</Question>
			<Answer></Answer>
	</QAPair>
	<QAPair pid="6">
			<Question qid="0000355-6" qtype="outlook">What is the outlook for Atrial myxoma ?</Question>
			<Answer></Answer>
	</QAPair>
	<QAPair pid="7">
			<Question qid="0000355-7" qtype="complications">What are the complications of Atrial myxoma ?</Question>
			<Answer></Answer>
	</QAPair>
</QAPairs>
</Document>
