<?xml version="1.0" encoding="UTF-8"?>
<Document id="0000072" source="ADAM" url="https://www.nlm.nih.gov/medlineplus/ency/article/001272.htm">
 <!--Answers from the A.D.A.M. medical encyclopedia were removed to comply with the MedlinePlus copyright-->
<Focus>Acute arterial occlusion - kidney</Focus>
<FocusAnnotations>
	<Category>Disease</Category>
	<UMLS>
		<CUIs>
			<CUI>C2062866</CUI>
		</CUIs>
		<SemanticTypes>
			<SemanticType>T047</SemanticType>
		</SemanticTypes>
		<SemanticGroup>Disorders</SemanticGroup>
	</UMLS>
	<Synonyms>
		<Synonym>Acute renal arterial thrombosis</Synonym>
		<Synonym>Renal artery embolism</Synonym>
		<Synonym>Acute renal artery occlusion</Synonym>
		<Synonym>Embolism - renal artery</Synonym>
	</Synonyms>
</FocusAnnotations>
<QAPairs>
	<QAPair pid="1">
			<Question qid="0000072-1" qtype="information">What is (are) Acute arterial occlusion - kidney ?</Question>
			<Answer></Answer>
	</QAPair>
	<QAPair pid="2">
			<Question qid="0000072-2" qtype="causes">What causes Acute arterial occlusion - kidney ?</Question>
			<Answer></Answer>
	</QAPair>
	<QAPair pid="3">
			<Question qid="0000072-3" qtype="symptoms">What are the symptoms of Acute arterial occlusion - kidney ?</Question>
			<Answer></Answer>
	</QAPair>
	<QAPair pid="4">
			<Question qid="0000072-4" qtype="exams and tests">How to diagnose Acute arterial occlusion - kidney ?</Question>
			<Answer></Answer>
	</QAPair>
	<QAPair pid="5">
			<Question qid="0000072-5" qtype="treatment">What are the treatments for Acute arterial occlusion - kidney ?</Question>
			<Answer></Answer>
	</QAPair>
	<QAPair pid="6">
			<Question qid="0000072-6" qtype="outlook">What is the outlook for Acute arterial occlusion - kidney ?</Question>
			<Answer></Answer>
	</QAPair>
	<QAPair pid="7">
			<Question qid="0000072-7" qtype="complications">What are the complications of Acute arterial occlusion - kidney ?</Question>
			<Answer></Answer>
	</QAPair>
	<QAPair pid="8">
			<Question qid="0000072-8" qtype="when to contact a medical professional">Do I need to see a doctor for Acute arterial occlusion - kidney ?</Question>
			<Answer></Answer>
	</QAPair>
	<QAPair pid="9">
			<Question qid="0000072-9" qtype="prevention">How to prevent Acute arterial occlusion - kidney ?</Question>
			<Answer></Answer>
	</QAPair>
</QAPairs>
</Document>
