<?xml version="1.0" encoding="UTF-8"?>
<Document id="0000085" source="ADAM" url="https://www.nlm.nih.gov/medlineplus/ency/article/000512.htm">
 <!--Answers from the A.D.A.M. medical encyclopedia were removed to comply with the MedlinePlus copyright-->
<Focus>Acute tubular necrosis</Focus>
<FocusAnnotations>
	<Category>Disease</Category>
	<UMLS>
		<CUIs>
			<CUI>C0022672</CUI>
		</CUIs>
		<SemanticTypes>
			<SemanticType>T047</SemanticType>
		</SemanticTypes>
		<SemanticGroup>Disorders</SemanticGroup>
	</UMLS>
	<Synonyms>
		<Synonym>Necrosis - renal tubular</Synonym>
		<Synonym>ATN</Synonym>
		<Synonym>Necrosis - acute tubular</Synonym>
	</Synonyms>
</FocusAnnotations>
<QAPairs>
	<QAPair pid="1">
			<Question qid="0000085-1" qtype="information">What is (are) Acute tubular necrosis ?</Question>
			<Answer></Answer>
	</QAPair>
	<QAPair pid="2">
			<Question qid="0000085-2" qtype="causes">What causes Acute tubular necrosis ?</Question>
			<Answer></Answer>
	</QAPair>
	<QAPair pid="3">
			<Question qid="0000085-3" qtype="symptoms">What are the symptoms of Acute tubular necrosis ?</Question>
			<Answer></Answer>
	</QAPair>
	<QAPair pid="4">
			<Question qid="0000085-4" qtype="exams and tests">How to diagnose Acute tubular necrosis ?</Question>
			<Answer></Answer>
	</QAPair>
	<QAPair pid="5">
			<Question qid="0000085-5" qtype="treatment">What are the treatments for Acute tubular necrosis ?</Question>
			<Answer></Answer>
	</QAPair>
	<QAPair pid="6">
			<Question qid="0000085-6" qtype="outlook">What is the outlook for Acute tubular necrosis ?</Question>
			<Answer></Answer>
	</QAPair>
	<QAPair pid="7">
			<Question qid="0000085-7" qtype="when to contact a medical professional">Do I need to see a doctor for Acute tubular necrosis ?</Question>
			<Answer></Answer>
	</QAPair>
	<QAPair pid="8">
			<Question qid="0000085-8" qtype="prevention">How to prevent Acute tubular necrosis ?</Question>
			<Answer></Answer>
	</QAPair>
</QAPairs>
</Document>
