<?xml version="1.0" encoding="UTF-8"?>
<Document id="0000410" source="ADAM" url="https://www.nlm.nih.gov/medlineplus/ency/patientinstructions/000581.htm">
 <!--Answers from the A.D.A.M. medical encyclopedia were removed to comply with the MedlinePlus copyright-->
<Focus>Bed rest during pregnancy</Focus>
<FocusAnnotations>
	<Category>Other</Category>
</FocusAnnotations>
<QAPairs>
	<QAPair pid="1">
			<Question qid="0000410-1" qtype="information">Do you have information about Bed rest during pregnancy</Question>
			<Answer></Answer>
	</QAPair>
</QAPairs>
</Document>
