<?xml version="1.0" encoding="UTF-8"?>
<Document id="0000395" source="ADAM" url="https://www.nlm.nih.gov/medlineplus/ency/article/000951.htm">
 <!--Answers from the A.D.A.M. medical encyclopedia were removed to comply with the MedlinePlus copyright-->
<Focus>Barbiturate intoxication and overdose</Focus>
<FocusAnnotations>
	<Category>Disease</Category>
	<UMLS>
		<CUIs>
			<CUI>C0161558</CUI>
		</CUIs>
		<SemanticTypes>
			<SemanticType>T037</SemanticType>
		</SemanticTypes>
		<SemanticGroup>Disorders</SemanticGroup>
	</UMLS>
	<Synonyms>
		<Synonym>Intoxication - barbiturates</Synonym>
	</Synonyms>
</FocusAnnotations>
<QAPairs>
	<QAPair pid="1">
			<Question qid="0000395-1" qtype="information">What is (are) Barbiturate intoxication and overdose ?</Question>
			<Answer></Answer>
	</QAPair>
	<QAPair pid="2">
			<Question qid="0000395-2" qtype="causes">What causes Barbiturate intoxication and overdose ?</Question>
			<Answer></Answer>
	</QAPair>
	<QAPair pid="3">
			<Question qid="0000395-3" qtype="symptoms">What are the symptoms of Barbiturate intoxication and overdose ?</Question>
			<Answer></Answer>
	</QAPair>
	<QAPair pid="4">
			<Question qid="0000395-4" qtype="exams and tests">How to diagnose Barbiturate intoxication and overdose ?</Question>
			<Answer></Answer>
	</QAPair>
	<QAPair pid="5">
			<Question qid="0000395-5" qtype="treatment">What are the treatments for Barbiturate intoxication and overdose ?</Question>
			<Answer></Answer>
	</QAPair>
	<QAPair pid="6">
			<Question qid="0000395-6" qtype="outlook">What is the outlook for Barbiturate intoxication and overdose ?</Question>
			<Answer></Answer>
	</QAPair>
	<QAPair pid="7">
			<Question qid="0000395-7" qtype="complications">What are the complications of Barbiturate intoxication and overdose ?</Question>
			<Answer></Answer>
	</QAPair>
	<QAPair pid="8">
			<Question qid="0000395-8" qtype="when to contact a medical professional">Do I need to see a doctor for Barbiturate intoxication and overdose ?</Question>
			<Answer></Answer>
	</QAPair>
</QAPairs>
</Document>
