<?xml version="1.0" encoding="UTF-8"?>
<Document id="0000354" source="ADAM" url="https://www.nlm.nih.gov/medlineplus/ency/article/000184.htm">
 <!--Answers from the A.D.A.M. medical encyclopedia were removed to comply with the MedlinePlus copyright-->
<Focus>Atrial fibrillation or flutter</Focus>
<FocusAnnotations>
	<Category>Disease</Category>
	<UMLS>
		<CUIs>
			<CUI>C0016385</CUI>
			<CUI>C1963067</CUI>
			<CUI>C0004238</CUI>
		</CUIs>
		<SemanticTypes>
			<SemanticType>T046</SemanticType>
			<SemanticType>T047</SemanticType>
		</SemanticTypes>
		<SemanticGroup>Disorders</SemanticGroup>
	</UMLS>
	<Synonyms>
		<Synonym>Auricular fibrillation</Synonym>
		<Synonym>A-fib</Synonym>
		<Synonym>Afib</Synonym>
	</Synonyms>
</FocusAnnotations>
<QAPairs>
	<QAPair pid="1">
			<Question qid="0000354-1" qtype="information">What is (are) Atrial fibrillation or flutter ?</Question>
			<Answer></Answer>
	</QAPair>
	<QAPair pid="2">
			<Question qid="0000354-2" qtype="causes">What causes Atrial fibrillation or flutter ?</Question>
			<Answer></Answer>
	</QAPair>
	<QAPair pid="3">
			<Question qid="0000354-3" qtype="symptoms">What are the symptoms of Atrial fibrillation or flutter ?</Question>
			<Answer></Answer>
	</QAPair>
	<QAPair pid="4">
			<Question qid="0000354-4" qtype="exams and tests">How to diagnose Atrial fibrillation or flutter ?</Question>
			<Answer></Answer>
	</QAPair>
	<QAPair pid="5">
			<Question qid="0000354-5" qtype="treatment">What are the treatments for Atrial fibrillation or flutter ?</Question>
			<Answer></Answer>
	</QAPair>
	<QAPair pid="6">
			<Question qid="0000354-6" qtype="outlook">What is the outlook for Atrial fibrillation or flutter ?</Question>
			<Answer></Answer>
	</QAPair>
	<QAPair pid="7">
			<Question qid="0000354-7" qtype="when to contact a medical professional">Do I need to see a doctor for Atrial fibrillation or flutter ?</Question>
			<Answer></Answer>
	</QAPair>
	<QAPair pid="8">
			<Question qid="0000354-8" qtype="prevention">How to prevent Atrial fibrillation or flutter ?</Question>
			<Answer></Answer>
	</QAPair>
</QAPairs>
</Document>
