<?xml version="1.0" encoding="UTF-8"?>
<Document id="0000329" source="ADAM" url="https://www.nlm.nih.gov/medlineplus/ency/article/002216.htm">
 <!--Answers from the A.D.A.M. medical encyclopedia were removed to comply with the MedlinePlus copyright-->
<Focus>Aspiration</Focus>
<FocusAnnotations>
	<Category>Disease</Category>
	<UMLS>
		<CUIs>
			<CUI>C2712334</CUI>
			<CUI>C0700198</CUI>
			<CUI>C2827071</CUI>
		</CUIs>
		<SemanticTypes>
			<SemanticType>T046</SemanticType>
			<SemanticType>T033</SemanticType>
		</SemanticTypes>
		<SemanticGroup>Disorders</SemanticGroup>
	</UMLS>
</FocusAnnotations>
<QAPairs>
	<QAPair pid="1">
			<Question qid="0000329-1" qtype="information">What is (are) Aspiration ?</Question>
			<Answer></Answer>
	</QAPair>
</QAPairs>
</Document>
