<?xml version="1.0" encoding="UTF-8"?>
<Document id="0000432" source="ADAM" url="https://www.nlm.nih.gov/medlineplus/ency/article/001582.htm">
 <!--Answers from the A.D.A.M. medical encyclopedia were removed to comply with the MedlinePlus copyright-->
<Focus>Bezoar</Focus>
<FocusAnnotations>
	<Category>Disease</Category>
	<UMLS>
		<CUIs>
			<CUI>C1321581</CUI>
		</CUIs>
		<SemanticTypes>
			<SemanticType>T047</SemanticType>
		</SemanticTypes>
		<SemanticGroup>Disorders</SemanticGroup>
	</UMLS>
	<Synonyms>
		<Synonym>Trichobezoar</Synonym>
		<Synonym>Hairball</Synonym>
	</Synonyms>
</FocusAnnotations>
<QAPairs>
	<QAPair pid="1">
			<Question qid="0000432-1" qtype="information">What is (are) Bezoar ?</Question>
			<Answer></Answer>
	</QAPair>
	<QAPair pid="2">
			<Question qid="0000432-2" qtype="causes">What causes Bezoar ?</Question>
			<Answer></Answer>
	</QAPair>
	<QAPair pid="3">
			<Question qid="0000432-3" qtype="symptoms">What are the symptoms of Bezoar ?</Question>
			<Answer></Answer>
	</QAPair>
	<QAPair pid="4">
			<Question qid="0000432-4" qtype="exams and tests">How to diagnose Bezoar ?</Question>
			<Answer></Answer>
	</QAPair>
	<QAPair pid="5">
			<Question qid="0000432-5" qtype="treatment">What are the treatments for Bezoar ?</Question>
			<Answer></Answer>
	</QAPair>
	<QAPair pid="6">
			<Question qid="0000432-6" qtype="outlook">What is the outlook for Bezoar ?</Question>
			<Answer></Answer>
	</QAPair>
	<QAPair pid="7">
			<Question qid="0000432-7" qtype="complications">What are the complications of Bezoar ?</Question>
			<Answer></Answer>
	</QAPair>
	<QAPair pid="8">
			<Question qid="0000432-8" qtype="when to contact a medical professional">Do I need to see a doctor for Bezoar ?</Question>
			<Answer></Answer>
	</QAPair>
	<QAPair pid="9">
			<Question qid="0000432-9" qtype="prevention">How to prevent Bezoar ?</Question>
			<Answer></Answer>
	</QAPair>
</QAPairs>
</Document>
