<?xml version="1.0" encoding="UTF-8"?>
<Document id="0000270" source="ADAM" url="https://www.nlm.nih.gov/medlineplus/ency/article/003702.htm">
 <!--Answers from the A.D.A.M. medical encyclopedia were removed to comply with the MedlinePlus copyright-->
<Focus>Antidiuretic hormone blood test</Focus>
<FocusAnnotations>
	<Category>Other</Category>
	<Synonyms>
		<Synonym>Arginine vasopressin</Synonym>
		<Synonym>Antidiuretic hormone</Synonym>
		<Synonym>AVP</Synonym>
		<Synonym>Vasopressin</Synonym>
	</Synonyms>
</FocusAnnotations>
<QAPairs>
	<QAPair pid="1">
			<Question qid="0000270-1" qtype="information">Do you have information about Antidiuretic hormone blood test</Question>
			<Answer></Answer>
	</QAPair>
</QAPairs>
</Document>
