<?xml version="1.0" encoding="UTF-8"?>
<Document id="0000471" source="ADAM" url="https://www.nlm.nih.gov/medlineplus/ency/article/000045.htm">
 <!--Answers from the A.D.A.M. medical encyclopedia were removed to comply with the MedlinePlus copyright-->
<Focus>Bleeding</Focus>
<FocusAnnotations>
	<Category>Disease</Category>
	<UMLS>
		<CUIs>
			<CUI>C0019080</CUI>
		</CUIs>
		<SemanticTypes>
			<SemanticType>T046</SemanticType>
		</SemanticTypes>
		<SemanticGroup>Disorders</SemanticGroup>
	</UMLS>
	<Synonyms>
		<Synonym>Blood loss</Synonym>
		<Synonym>Open injury bleeding</Synonym>
	</Synonyms>
</FocusAnnotations>
<QAPairs>
	<QAPair pid="1">
			<Question qid="0000471-1" qtype="information">What is (are) Bleeding ?</Question>
			<Answer></Answer>
	</QAPair>
	<QAPair pid="2">
			<Question qid="0000471-2" qtype="considerations">What to do for Bleeding ?</Question>
			<Answer></Answer>
	</QAPair>
	<QAPair pid="3">
			<Question qid="0000471-3" qtype="causes">What causes Bleeding ?</Question>
			<Answer></Answer>
	</QAPair>
	<QAPair pid="4">
			<Question qid="0000471-4" qtype="symptoms">What are the symptoms of Bleeding ?</Question>
			<Answer></Answer>
	</QAPair>
	<QAPair pid="5">
			<Question qid="0000471-5" qtype="considerations">What to do for Bleeding ?</Question>
			<Answer></Answer>
	</QAPair>
	<QAPair pid="6">
			<Question qid="0000471-6" qtype="considerations">What to do for Bleeding ?</Question>
			<Answer></Answer>
	</QAPair>
	<QAPair pid="7">
			<Question qid="0000471-7" qtype="when to contact a medical professional">Do I need to see a doctor for Bleeding ?</Question>
			<Answer></Answer>
	</QAPair>
	<QAPair pid="8">
			<Question qid="0000471-8" qtype="prevention">How to prevent Bleeding ?</Question>
			<Answer></Answer>
	</QAPair>
</QAPairs>
</Document>
