<?xml version="1.0" encoding="UTF-8"?>
<Document id="0000310" source="ADAM" url="https://www.nlm.nih.gov/medlineplus/ency/article/003099.htm">
 <!--Answers from the A.D.A.M. medical encyclopedia were removed to comply with the MedlinePlus copyright-->
<Focus>Armpit lump</Focus>
<FocusAnnotations>
	<Category>Disease</Category>
	<UMLS>
		<CUIs>
			<CUI>C0577559</CUI>
		</CUIs>
		<SemanticTypes>
			<SemanticType>T033</SemanticType>
		</SemanticTypes>
		<SemanticGroup>Disorders</SemanticGroup>
	</UMLS>
	<Synonyms>
		<Synonym>Lump in the armpit</Synonym>
		<Synonym>Localized lymphadenopathy - armpit</Synonym>
		<Synonym>Axillary lymphadenopathy</Synonym>
		<Synonym>Axillary lymph enlargement</Synonym>
		<Synonym>Lymph nodes enlargement - axillary</Synonym>
		<Synonym>Axillary abscess</Synonym>
	</Synonyms>
</FocusAnnotations>
<QAPairs>
	<QAPair pid="1">
			<Question qid="0000310-1" qtype="information">What is (are) Armpit lump ?</Question>
			<Answer></Answer>
	</QAPair>
	<QAPair pid="2">
			<Question qid="0000310-2" qtype="causes">What causes Armpit lump ?</Question>
			<Answer></Answer>
	</QAPair>
	<QAPair pid="3">
			<Question qid="0000310-3" qtype="considerations">What to do for Armpit lump ?</Question>
			<Answer></Answer>
	</QAPair>
	<QAPair pid="4">
			<Question qid="0000310-4" qtype="when to contact a medical professional">Do I need to see a doctor for Armpit lump ?</Question>
			<Answer></Answer>
	</QAPair>
	<QAPair pid="5">
			<Question qid="0000310-5" qtype="outlook">What is the outlook for Armpit lump ?</Question>
			<Answer></Answer>
	</QAPair>
</QAPairs>
</Document>
