<?xml version="1.0" encoding="UTF-8"?>
<Document id="0000306" source="ADAM" url="https://www.nlm.nih.gov/medlineplus/ency/article/003288.htm">
 <!--Answers from the A.D.A.M. medical encyclopedia were removed to comply with the MedlinePlus copyright-->
<Focus>Arachnodactyly</Focus>
<FocusAnnotations>
	<Category>Disease</Category>
	<UMLS>
		<CUIs>
			<CUI>C0003706</CUI>
		</CUIs>
		<SemanticTypes>
			<SemanticType>T019</SemanticType>
			<SemanticType>T047</SemanticType>
		</SemanticTypes>
		<SemanticGroup>Disorders</SemanticGroup>
	</UMLS>
	<Synonyms>
		<Synonym>Dolichostenomelia (refers to a long, slender body, not just fingers)</Synonym>
		<Synonym>Spider fingers</Synonym>
		<Synonym>Achromacria</Synonym>
	</Synonyms>
</FocusAnnotations>
<QAPairs>
	<QAPair pid="1">
			<Question qid="0000306-1" qtype="information">What is (are) Arachnodactyly ?</Question>
			<Answer></Answer>
	</QAPair>
	<QAPair pid="2">
			<Question qid="0000306-2" qtype="considerations">What to do for Arachnodactyly ?</Question>
			<Answer></Answer>
	</QAPair>
	<QAPair pid="3">
			<Question qid="0000306-3" qtype="causes">What causes Arachnodactyly ?</Question>
			<Answer></Answer>
	</QAPair>
	<QAPair pid="4">
			<Question qid="0000306-4" qtype="when to contact a medical professional">Do I need to see a doctor for Arachnodactyly ?</Question>
			<Answer></Answer>
	</QAPair>
	<QAPair pid="5">
			<Question qid="0000306-5" qtype="outlook">What is the outlook for Arachnodactyly ?</Question>
			<Answer></Answer>
	</QAPair>
</QAPairs>
</Document>
