<?xml version="1.0" encoding="UTF-8"?>
<Document id="0000181" source="ADAM" url="https://www.nlm.nih.gov/medlineplus/ency/article/003269.htm">
 <!--Answers from the A.D.A.M. medical encyclopedia were removed to comply with the MedlinePlus copyright-->
<Focus>Ambiguous genitalia</Focus>
<FocusAnnotations>
	<Category>Disease</Category>
	<UMLS>
		<CUIs>
			<CUI>C0266362</CUI>
		</CUIs>
		<SemanticTypes>
			<SemanticType>T019</SemanticType>
		</SemanticTypes>
		<SemanticGroup>Disorders</SemanticGroup>
	</UMLS>
	<Synonyms>
		<Synonym>Genitals - ambiguous</Synonym>
	</Synonyms>
</FocusAnnotations>
<QAPairs>
	<QAPair pid="1">
			<Question qid="0000181-1" qtype="information">What is (are) Ambiguous genitalia ?</Question>
			<Answer></Answer>
	</QAPair>
	<QAPair pid="2">
			<Question qid="0000181-2" qtype="considerations">What to do for Ambiguous genitalia ?</Question>
			<Answer></Answer>
	</QAPair>
	<QAPair pid="3">
			<Question qid="0000181-3" qtype="causes">What causes Ambiguous genitalia ?</Question>
			<Answer></Answer>
	</QAPair>
	<QAPair pid="4">
			<Question qid="0000181-4" qtype="considerations">What to do for Ambiguous genitalia ?</Question>
			<Answer></Answer>
	</QAPair>
	<QAPair pid="5">
			<Question qid="0000181-5" qtype="when to contact a medical professional">Do I need to see a doctor for Ambiguous genitalia ?</Question>
			<Answer></Answer>
	</QAPair>
	<QAPair pid="6">
			<Question qid="0000181-6" qtype="outlook">What is the outlook for Ambiguous genitalia ?</Question>
			<Answer></Answer>
	</QAPair>
</QAPairs>
</Document>
