<?xml version="1.0" encoding="UTF-8"?>
<Document id="0000032" source="ADAM" url="https://www.nlm.nih.gov/medlineplus/ency/article/000212.htm">
 <!--Answers from the A.D.A.M. medical encyclopedia were removed to comply with the MedlinePlus copyright-->
<Focus>Abscess - abdomen or pelvis</Focus>
<FocusAnnotations>
	<Category>Disease</Category>
	<UMLS>
		<CUIs>
			<CUI>C0000833</CUI>
		</CUIs>
		<SemanticTypes>
			<SemanticType>T047</SemanticType>
		</SemanticTypes>
		<SemanticGroup>Disorders</SemanticGroup>
	</UMLS>
	<Synonyms>
		<Synonym>Abscess - intra-abdominal</Synonym>
		<Synonym>Pelvic abscess</Synonym>
	</Synonyms>
</FocusAnnotations>
<QAPairs>
	<QAPair pid="1">
			<Question qid="0000032-1" qtype="information">What is (are) Abscess - abdomen or pelvis ?</Question>
			<Answer></Answer>
	</QAPair>
	<QAPair pid="2">
			<Question qid="0000032-2" qtype="causes">What causes Abscess - abdomen or pelvis ?</Question>
			<Answer></Answer>
	</QAPair>
	<QAPair pid="3">
			<Question qid="0000032-3" qtype="symptoms">What are the symptoms of Abscess - abdomen or pelvis ?</Question>
			<Answer></Answer>
	</QAPair>
	<QAPair pid="4">
			<Question qid="0000032-4" qtype="exams and tests">How to diagnose Abscess - abdomen or pelvis ?</Question>
			<Answer></Answer>
	</QAPair>
	<QAPair pid="5">
			<Question qid="0000032-5" qtype="treatment">What are the treatments for Abscess - abdomen or pelvis ?</Question>
			<Answer></Answer>
	</QAPair>
	<QAPair pid="6">
			<Question qid="0000032-6" qtype="outlook">What is the outlook for Abscess - abdomen or pelvis ?</Question>
			<Answer></Answer>
	</QAPair>
	<QAPair pid="7">
			<Question qid="0000032-7" qtype="complications">What are the complications of Abscess - abdomen or pelvis ?</Question>
			<Answer></Answer>
	</QAPair>
	<QAPair pid="8">
			<Question qid="0000032-8" qtype="when to contact a medical professional">Do I need to see a doctor for Abscess - abdomen or pelvis ?</Question>
			<Answer></Answer>
	</QAPair>
</QAPairs>
</Document>
