<?xml version="1.0" encoding="UTF-8"?>
<Document id="0000227" source="ADAM" url="https://www.nlm.nih.gov/medlineplus/ency/article/000238.htm">
 <!--Answers from the A.D.A.M. medical encyclopedia were removed to comply with the MedlinePlus copyright-->
<Focus>Angiodysplasia of the colon</Focus>
<FocusAnnotations>
	<Category>Other</Category>
	<Synonyms>
		<Synonym>Vascular ectasia of the colon</Synonym>
		<Synonym>Colonic arteriovenous malformation</Synonym>
	</Synonyms>
</FocusAnnotations>
<QAPairs>
	<QAPair pid="1">
			<Question qid="0000227-1" qtype="information">Do you have information about Angiodysplasia of the colon</Question>
			<Answer></Answer>
	</QAPair>
</QAPairs>
</Document>
