<?xml version="1.0" encoding="UTF-8"?>
<Document id="0000380" source="ADAM" url="https://www.nlm.nih.gov/medlineplus/ency/article/001967.htm">
 <!--Answers from the A.D.A.M. medical encyclopedia were removed to comply with the MedlinePlus copyright-->
<Focus>Babies and shots</Focus>
<FocusAnnotations>
	<Category>Other</Category>
	<Synonyms>
		<Synonym>Babies and vaccines</Synonym>
		<Synonym>Babies and immunizations</Synonym>
		<Synonym>Babies and vaccinations</Synonym>
	</Synonyms>
</FocusAnnotations>
<QAPairs>
	<QAPair pid="1">
			<Question qid="0000380-1" qtype="information">Do you have information about Babies and shots</Question>
			<Answer></Answer>
	</QAPair>
</QAPairs>
</Document>
