<?xml version="1.0" encoding="UTF-8"?>
<Document id="0000280" source="ADAM" url="https://www.nlm.nih.gov/medlineplus/ency/article/003557.htm">
 <!--Answers from the A.D.A.M. medical encyclopedia were removed to comply with the MedlinePlus copyright-->
<Focus>Antithyroglobulin antibody</Focus>
<FocusAnnotations>
	<Category>Other</Category>
	<Synonyms>
		<Synonym>Thyroglobulin antibody</Synonym>
	</Synonyms>
</FocusAnnotations>
<QAPairs>
	<QAPair pid="1">
			<Question qid="0000280-1" qtype="information">Do you have information about Antithyroglobulin antibody</Question>
			<Answer></Answer>
	</QAPair>
</QAPairs>
</Document>
