<?xml version="1.0" encoding="UTF-8"?>
<Document id="0000423" source="ADAM" url="https://www.nlm.nih.gov/medlineplus/ency/article/001033.htm">
 <!--Answers from the A.D.A.M. medical encyclopedia were removed to comply with the MedlinePlus copyright-->
<Focus>Benign ear cyst or tumor</Focus>
<FocusAnnotations>
	<Category>Disease</Category>
	<UMLS>
		<CUIs>
			<CUI>C0743344</CUI>
			<CUI>C3273930</CUI>
			<CUI>C0027651</CUI>
		</CUIs>
		<SemanticTypes>
			<SemanticType>T191</SemanticType>
			<SemanticType>T033</SemanticType>
		</SemanticTypes>
		<SemanticGroup>Disorders</SemanticGroup>
	</UMLS>
	<Synonyms>
		<Synonym>Osteomas</Synonym>
		<Synonym>Exostoses</Synonym>
		<Synonym>Tumor - ear</Synonym>
		<Synonym>Cysts - ear</Synonym>
		<Synonym>Ear cysts</Synonym>
		<Synonym>Ear tumors</Synonym>
		<Synonym>Bony tumor of the ear canal</Synonym>
	</Synonyms>
</FocusAnnotations>
<QAPairs>
	<QAPair pid="1">
			<Question qid="0000423-1" qtype="information">What is (are) Benign ear cyst or tumor ?</Question>
			<Answer></Answer>
	</QAPair>
	<QAPair pid="2">
			<Question qid="0000423-2" qtype="causes">What causes Benign ear cyst or tumor ?</Question>
			<Answer></Answer>
	</QAPair>
	<QAPair pid="3">
			<Question qid="0000423-3" qtype="symptoms">What are the symptoms of Benign ear cyst or tumor ?</Question>
			<Answer></Answer>
	</QAPair>
	<QAPair pid="4">
			<Question qid="0000423-4" qtype="exams and tests">How to diagnose Benign ear cyst or tumor ?</Question>
			<Answer></Answer>
	</QAPair>
	<QAPair pid="5">
			<Question qid="0000423-5" qtype="treatment">What are the treatments for Benign ear cyst or tumor ?</Question>
			<Answer></Answer>
	</QAPair>
	<QAPair pid="6">
			<Question qid="0000423-6" qtype="outlook">What is the outlook for Benign ear cyst or tumor ?</Question>
			<Answer></Answer>
	</QAPair>
	<QAPair pid="7">
			<Question qid="0000423-7" qtype="complications">What are the complications of Benign ear cyst or tumor ?</Question>
			<Answer></Answer>
	</QAPair>
	<QAPair pid="8">
			<Question qid="0000423-8" qtype="when to contact a medical professional">Do I need to see a doctor for Benign ear cyst or tumor ?</Question>
			<Answer></Answer>
	</QAPair>
</QAPairs>
</Document>
