<?xml version="1.0" encoding="UTF-8"?>
<Document id="0000279" source="ADAM" url="https://www.nlm.nih.gov/medlineplus/ency/article/003661.htm">
 <!--Answers from the A.D.A.M. medical encyclopedia were removed to comply with the MedlinePlus copyright-->
<Focus>Antithrombin III blood test</Focus>
<FocusAnnotations>
	<Category>Other</Category>
	<Synonyms>
		<Synonym>Antithrombin</Synonym>
		<Synonym>AT III</Synonym>
		<Synonym>AT 3</Synonym>
		<Synonym>Functional antithrombin III</Synonym>
	</Synonyms>
</FocusAnnotations>
<QAPairs>
	<QAPair pid="1">
			<Question qid="0000279-1" qtype="information">Do you have information about Antithrombin III blood test</Question>
			<Answer></Answer>
	</QAPair>
</QAPairs>
</Document>
