<?xml version="1.0" encoding="UTF-8"?>
<Document id="0000316" source="ADAM" url="https://www.nlm.nih.gov/medlineplus/ency/article/003327.htm">
 <!--Answers from the A.D.A.M. medical encyclopedia were removed to comply with the MedlinePlus copyright-->
<Focus>Arteriogram</Focus>
<FocusAnnotations>
	<Category>Other</Category>
	<Synonyms>
		<Synonym>Angiogram</Synonym>
		<Synonym>Angiography</Synonym>
	</Synonyms>
</FocusAnnotations>
<QAPairs>
	<QAPair pid="1">
			<Question qid="0000316-1" qtype="information">Do you have information about Arteriogram</Question>
			<Answer></Answer>
	</QAPair>
</QAPairs>
</Document>
