<?xml version="1.0" encoding="UTF-8"?>
<Document id="0000321" source="ADAM" url="https://www.nlm.nih.gov/medlineplus/ency/article/000286.htm">
 <!--Answers from the A.D.A.M. medical encyclopedia were removed to comply with the MedlinePlus copyright-->
<Focus>Ascites</Focus>
<FocusAnnotations>
	<Category>Disease</Category>
	<UMLS>
		<CUIs>
			<CUI>C0003962</CUI>
		</CUIs>
		<SemanticTypes>
			<SemanticType>T033</SemanticType>
		</SemanticTypes>
		<SemanticGroup>Disorders</SemanticGroup>
	</UMLS>
	<Synonyms>
		<Synonym>Portal hypertension - ascites</Synonym>
		<Synonym>Cirrhosis - ascites</Synonym>
		<Synonym>Liver failure - ascites</Synonym>
		<Synonym>Alcohol use - ascites</Synonym>
		<Synonym>End-stage liver disease - ascites</Synonym>
		<Synonym>ESLD - ascites</Synonym>
	</Synonyms>
</FocusAnnotations>
<QAPairs>
	<QAPair pid="1">
			<Question qid="0000321-1" qtype="information">What is (are) Ascites ?</Question>
			<Answer></Answer>
	</QAPair>
	<QAPair pid="2">
			<Question qid="0000321-2" qtype="causes">What causes Ascites ?</Question>
			<Answer></Answer>
	</QAPair>
	<QAPair pid="3">
			<Question qid="0000321-3" qtype="symptoms">What are the symptoms of Ascites ?</Question>
			<Answer></Answer>
	</QAPair>
	<QAPair pid="4">
			<Question qid="0000321-4" qtype="exams and tests">How to diagnose Ascites ?</Question>
			<Answer></Answer>
	</QAPair>
	<QAPair pid="5">
			<Question qid="0000321-5" qtype="treatment">What are the treatments for Ascites ?</Question>
			<Answer></Answer>
	</QAPair>
	<QAPair pid="6">
			<Question qid="0000321-6" qtype="complications">What are the complications of Ascites ?</Question>
			<Answer></Answer>
	</QAPair>
	<QAPair pid="7">
			<Question qid="0000321-7" qtype="when to contact a medical professional">Do I need to see a doctor for Ascites ?</Question>
			<Answer></Answer>
	</QAPair>
</QAPairs>
</Document>
