<?xml version="1.0" encoding="UTF-8"?>
<Document id="0000167" source="ADAM" url="https://www.nlm.nih.gov/medlineplus/ency/article/003470.htm">
 <!--Answers from the A.D.A.M. medical encyclopedia were removed to comply with the MedlinePlus copyright-->
<Focus>ALP - blood test</Focus>
<FocusAnnotations>
	<Category>Other</Category>
	<Synonyms>
		<Synonym>Alkaline phosphatase</Synonym>
	</Synonyms>
</FocusAnnotations>
<QAPairs>
	<QAPair pid="1">
			<Question qid="0000167-1" qtype="information">Do you have information about ALP - blood test</Question>
			<Answer></Answer>
	</QAPair>
</QAPairs>
</Document>
