<?xml version="1.0" encoding="UTF-8"?>
<Document id="0000068" source="ADAM" url="https://www.nlm.nih.gov/medlineplus/ency/article/000827.htm">
 <!--Answers from the A.D.A.M. medical encyclopedia were removed to comply with the MedlinePlus copyright-->
<Focus>Actinic keratosis</Focus>
<FocusAnnotations>
	<Category>Disease</Category>
	<UMLS>
		<CUIs>
			<CUI>C0022602</CUI>
		</CUIs>
		<SemanticTypes>
			<SemanticType>T191</SemanticType>
		</SemanticTypes>
		<SemanticGroup>Disorders</SemanticGroup>
	</UMLS>
	<Synonyms>
		<Synonym>Solar keratosis</Synonym>
		<Synonym>Sun-induced skin changes - keratosis</Synonym>
		<Synonym>Keratosis - actinic (solar)</Synonym>
	</Synonyms>
</FocusAnnotations>
<QAPairs>
	<QAPair pid="1">
			<Question qid="0000068-1" qtype="information">What is (are) Actinic keratosis ?</Question>
			<Answer></Answer>
	</QAPair>
	<QAPair pid="2">
			<Question qid="0000068-2" qtype="causes">What causes Actinic keratosis ?</Question>
			<Answer></Answer>
	</QAPair>
	<QAPair pid="3">
			<Question qid="0000068-3" qtype="symptoms">What are the symptoms of Actinic keratosis ?</Question>
			<Answer></Answer>
	</QAPair>
	<QAPair pid="4">
			<Question qid="0000068-4" qtype="exams and tests">How to diagnose Actinic keratosis ?</Question>
			<Answer></Answer>
	</QAPair>
	<QAPair pid="5">
			<Question qid="0000068-5" qtype="treatment">What are the treatments for Actinic keratosis ?</Question>
			<Answer></Answer>
	</QAPair>
	<QAPair pid="6">
			<Question qid="0000068-6" qtype="outlook">What is the outlook for Actinic keratosis ?</Question>
			<Answer></Answer>
	</QAPair>
	<QAPair pid="7">
			<Question qid="0000068-7" qtype="when to contact a medical professional">Do I need to see a doctor for Actinic keratosis ?</Question>
			<Answer></Answer>
	</QAPair>
	<QAPair pid="8">
			<Question qid="0000068-8" qtype="prevention">How to prevent Actinic keratosis ?</Question>
			<Answer></Answer>
	</QAPair>
</QAPairs>
</Document>
