<?xml version="1.0" encoding="UTF-8"?>
<Document id="0000297" source="ADAM" url="https://www.nlm.nih.gov/medlineplus/ency/article/003502.htm">
 <!--Answers from the A.D.A.M. medical encyclopedia were removed to comply with the MedlinePlus copyright-->
<Focus>Apolipoprotein B100</Focus>
<FocusAnnotations>
	<Category>Other</Category>
	<Synonyms>
		<Synonym>ApoB100</Synonym>
		<Synonym>Apoprotein B100</Synonym>
	</Synonyms>
</FocusAnnotations>
<QAPairs>
	<QAPair pid="1">
			<Question qid="0000297-1" qtype="information">Do you have information about Apolipoprotein B100</Question>
			<Answer></Answer>
	</QAPair>
</QAPairs>
</Document>
