<?xml version="1.0" encoding="UTF-8"?>
<Document id="0000442" source="ADAM" url="https://www.nlm.nih.gov/medlineplus/ency/article/000220.htm">
 <!--Answers from the A.D.A.M. medical encyclopedia were removed to comply with the MedlinePlus copyright-->
<Focus>Biliary stricture</Focus>
<FocusAnnotations>
	<Category>Disease</Category>
	<UMLS>
		<CUIs>
			<CUI>C0597984</CUI>
		</CUIs>
		<SemanticTypes>
			<SemanticType>T190</SemanticType>
			<SemanticType>T047</SemanticType>
		</SemanticTypes>
		<SemanticGroup>Disorders</SemanticGroup>
	</UMLS>
	<Synonyms>
		<Synonym>Bile duct stricture</Synonym>
	</Synonyms>
</FocusAnnotations>
<QAPairs>
	<QAPair pid="1">
			<Question qid="0000442-1" qtype="information">What is (are) Biliary stricture ?</Question>
			<Answer></Answer>
	</QAPair>
	<QAPair pid="2">
			<Question qid="0000442-2" qtype="causes">What causes Biliary stricture ?</Question>
			<Answer></Answer>
	</QAPair>
	<QAPair pid="3">
			<Question qid="0000442-3" qtype="symptoms">What are the symptoms of Biliary stricture ?</Question>
			<Answer></Answer>
	</QAPair>
	<QAPair pid="4">
			<Question qid="0000442-4" qtype="exams and tests">How to diagnose Biliary stricture ?</Question>
			<Answer></Answer>
	</QAPair>
	<QAPair pid="5">
			<Question qid="0000442-5" qtype="treatment">What are the treatments for Biliary stricture ?</Question>
			<Answer></Answer>
	</QAPair>
	<QAPair pid="6">
			<Question qid="0000442-6" qtype="outlook">What is the outlook for Biliary stricture ?</Question>
			<Answer></Answer>
	</QAPair>
	<QAPair pid="7">
			<Question qid="0000442-7" qtype="complications">What are the complications of Biliary stricture ?</Question>
			<Answer></Answer>
	</QAPair>
	<QAPair pid="8">
			<Question qid="0000442-8" qtype="when to contact a medical professional">Do I need to see a doctor for Biliary stricture ?</Question>
			<Answer></Answer>
	</QAPair>
</QAPairs>
</Document>
