<?xml version="1.0" encoding="UTF-8"?>
<Document id="0000186" source="ADAM" url="https://www.nlm.nih.gov/medlineplus/ency/article/001218.htm">
 <!--Answers from the A.D.A.M. medical encyclopedia were removed to comply with the MedlinePlus copyright-->
<Focus>Amenorrhea - primary</Focus>
<FocusAnnotations>
	<Category>Disease</Category>
	<UMLS>
		<CUIs>
			<CUI>C0002453</CUI>
			<CUI>C2219717</CUI>
		</CUIs>
		<SemanticTypes>
			<SemanticType>T047</SemanticType>
			<SemanticType>T184</SemanticType>
		</SemanticTypes>
		<SemanticGroup>Disorders</SemanticGroup>
	</UMLS>
	<Synonyms>
		<Synonym>Primary amenorrhea</Synonym>
		<Synonym>No periods - primary</Synonym>
		<Synonym>Absent periods - primary</Synonym>
		<Synonym>Absent menses - primary</Synonym>
		<Synonym>Absence of periods - primary</Synonym>
	</Synonyms>
</FocusAnnotations>
<QAPairs>
	<QAPair pid="1">
			<Question qid="0000186-1" qtype="information">What is (are) Amenorrhea - primary ?</Question>
			<Answer></Answer>
	</QAPair>
	<QAPair pid="2">
			<Question qid="0000186-2" qtype="causes">What causes Amenorrhea - primary ?</Question>
			<Answer></Answer>
	</QAPair>
	<QAPair pid="3">
			<Question qid="0000186-3" qtype="symptoms">What are the symptoms of Amenorrhea - primary ?</Question>
			<Answer></Answer>
	</QAPair>
	<QAPair pid="4">
			<Question qid="0000186-4" qtype="exams and tests">How to diagnose Amenorrhea - primary ?</Question>
			<Answer></Answer>
	</QAPair>
	<QAPair pid="5">
			<Question qid="0000186-5" qtype="treatment">What are the treatments for Amenorrhea - primary ?</Question>
			<Answer></Answer>
	</QAPair>
	<QAPair pid="6">
			<Question qid="0000186-6" qtype="outlook">What is the outlook for Amenorrhea - primary ?</Question>
			<Answer></Answer>
	</QAPair>
	<QAPair pid="7">
			<Question qid="0000186-7" qtype="when to contact a medical professional">Do I need to see a doctor for Amenorrhea - primary ?</Question>
			<Answer></Answer>
	</QAPair>
</QAPairs>
</Document>
