<?xml version="1.0" encoding="UTF-8"?>
<Document id="0000220" source="ADAM" url="https://www.nlm.nih.gov/medlineplus/ency/article/001122.htm">
 <!--Answers from the A.D.A.M. medical encyclopedia were removed to comply with the MedlinePlus copyright-->
<Focus>Aneurysm</Focus>
<FocusAnnotations>
	<Category>Disease</Category>
	<UMLS>
		<CUIs>
			<CUI>C0002940</CUI>
		</CUIs>
		<SemanticTypes>
			<SemanticType>T047</SemanticType>
		</SemanticTypes>
		<SemanticGroup>Disorders</SemanticGroup>
	</UMLS>
</FocusAnnotations>
<QAPairs>
	<QAPair pid="1">
			<Question qid="0000220-1" qtype="information">What is (are) Aneurysm ?</Question>
			<Answer></Answer>
	</QAPair>
	<QAPair pid="2">
			<Question qid="0000220-2" qtype="causes">What causes Aneurysm ?</Question>
			<Answer></Answer>
	</QAPair>
	<QAPair pid="3">
			<Question qid="0000220-3" qtype="symptoms">What are the symptoms of Aneurysm ?</Question>
			<Answer></Answer>
	</QAPair>
	<QAPair pid="4">
			<Question qid="0000220-4" qtype="exams and tests">How to diagnose Aneurysm ?</Question>
			<Answer></Answer>
	</QAPair>
	<QAPair pid="5">
			<Question qid="0000220-5" qtype="treatment">What are the treatments for Aneurysm ?</Question>
			<Answer></Answer>
	</QAPair>
	<QAPair pid="6">
			<Question qid="0000220-6" qtype="when to contact a medical professional">Do I need to see a doctor for Aneurysm ?</Question>
			<Answer></Answer>
	</QAPair>
	<QAPair pid="7">
			<Question qid="0000220-7" qtype="prevention">How to prevent Aneurysm ?</Question>
			<Answer></Answer>
	</QAPair>
</QAPairs>
</Document>
