<?xml version="1.0" encoding="UTF-8"?>
<Document id="0000406" source="ADAM" url="https://www.nlm.nih.gov/medlineplus/ency/patientinstructions/000021.htm">
 <!--Answers from the A.D.A.M. medical encyclopedia were removed to comply with the MedlinePlus copyright-->
<Focus>Bathroom safety - adults</Focus>
<FocusAnnotations>
	<Category>Other</Category>
	<Synonyms>
		<Synonym>Older adult bathroom safety</Synonym>
	</Synonyms>
</FocusAnnotations>
<QAPairs>
	<QAPair pid="1">
			<Question qid="0000406-1" qtype="information">Do you have information about Bathroom safety - adults</Question>
			<Answer></Answer>
	</QAPair>
</QAPairs>
</Document>
