<?xml version="1.0" encoding="UTF-8"?>
<Document id="0000098" source="ADAM" url="https://www.nlm.nih.gov/medlineplus/ency/article/007654.htm">
 <!--Answers from the A.D.A.M. medical encyclopedia were removed to comply with the MedlinePlus copyright-->
<Focus>Adult soft tissue sarcoma</Focus>
<FocusAnnotations>
	<Category>Disease</Category>
	<UMLS>
		<CUIs>
			<CUI>C0220613</CUI>
		</CUIs>
		<SemanticTypes>
			<SemanticType>T191</SemanticType>
		</SemanticTypes>
		<SemanticGroup>Disorders</SemanticGroup>
	</UMLS>
	<Synonyms>
		<Synonym>Leiomyosarcoma</Synonym>
		<Synonym>Hemangiosarcoma</Synonym>
		<Synonym>Kaposi's sarcoma</Synonym>
		<Synonym>Lymphangiosarcoma</Synonym>
		<Synonym>Synovial sarcoma</Synonym>
		<Synonym>Neurofibrosarcoma</Synonym>
		<Synonym>Liposarcoma</Synonym>
		<Synonym>Fibrosarcoma</Synonym>
		<Synonym>Malignant fibrous histiocytoma</Synonym>
		<Synonym>Dermatofibrosarcoma</Synonym>
		<Synonym>Angiosarcoma</Synonym>
	</Synonyms>
</FocusAnnotations>
<QAPairs>
	<QAPair pid="1">
			<Question qid="0000098-1" qtype="information">What is (are) Adult soft tissue sarcoma ?</Question>
			<Answer></Answer>
	</QAPair>
	<QAPair pid="2">
			<Question qid="0000098-2" qtype="causes">What causes Adult soft tissue sarcoma ?</Question>
			<Answer></Answer>
	</QAPair>
	<QAPair pid="3">
			<Question qid="0000098-3" qtype="symptoms">What are the symptoms of Adult soft tissue sarcoma ?</Question>
			<Answer></Answer>
	</QAPair>
	<QAPair pid="4">
			<Question qid="0000098-4" qtype="exams and tests">How to diagnose Adult soft tissue sarcoma ?</Question>
			<Answer></Answer>
	</QAPair>
	<QAPair pid="5">
			<Question qid="0000098-5" qtype="treatment">What are the treatments for Adult soft tissue sarcoma ?</Question>
			<Answer></Answer>
	</QAPair>
	<QAPair pid="6">
			<Question qid="0000098-6" qtype="support groups">Where to find support for people with Adult soft tissue sarcoma ?</Question>
			<Answer></Answer>
	</QAPair>
	<QAPair pid="7">
			<Question qid="0000098-7" qtype="outlook">What is the outlook for Adult soft tissue sarcoma ?</Question>
			<Answer></Answer>
	</QAPair>
	<QAPair pid="8">
			<Question qid="0000098-8" qtype="complications">What are the complications of Adult soft tissue sarcoma ?</Question>
			<Answer></Answer>
	</QAPair>
	<QAPair pid="9">
			<Question qid="0000098-9" qtype="when to contact a medical professional">Do I need to see a doctor for Adult soft tissue sarcoma ?</Question>
			<Answer></Answer>
	</QAPair>
	<QAPair pid="10">
			<Question qid="0000098-10" qtype="prevention">How to prevent Adult soft tissue sarcoma ?</Question>
			<Answer></Answer>
	</QAPair>
</QAPairs>
</Document>
