<?xml version="1.0" encoding="UTF-8"?>
<Document id="0000096" source="ADAM" url="https://www.nlm.nih.gov/medlineplus/ency/article/001663.htm">
 <!--Answers from the A.D.A.M. medical encyclopedia were removed to comply with the MedlinePlus copyright-->
<Focus>Adrenocortical carcinoma</Focus>
<FocusAnnotations>
	<Category>Disease</Category>
	<UMLS>
		<CUIs>
			<CUI>C0206686</CUI>
		</CUIs>
		<SemanticTypes>
			<SemanticType>T191</SemanticType>
		</SemanticTypes>
		<SemanticGroup>Disorders</SemanticGroup>
	</UMLS>
	<Synonyms>
		<Synonym>Tumor - adrenal</Synonym>
	</Synonyms>
</FocusAnnotations>
<QAPairs>
	<QAPair pid="1">
			<Question qid="0000096-1" qtype="information">What is (are) Adrenocortical carcinoma ?</Question>
			<Answer></Answer>
	</QAPair>
	<QAPair pid="2">
			<Question qid="0000096-2" qtype="causes">What causes Adrenocortical carcinoma ?</Question>
			<Answer></Answer>
	</QAPair>
	<QAPair pid="3">
			<Question qid="0000096-3" qtype="symptoms">What are the symptoms of Adrenocortical carcinoma ?</Question>
			<Answer></Answer>
	</QAPair>
	<QAPair pid="4">
			<Question qid="0000096-4" qtype="exams and tests">How to diagnose Adrenocortical carcinoma ?</Question>
			<Answer></Answer>
	</QAPair>
	<QAPair pid="5">
			<Question qid="0000096-5" qtype="treatment">What are the treatments for Adrenocortical carcinoma ?</Question>
			<Answer></Answer>
	</QAPair>
	<QAPair pid="6">
			<Question qid="0000096-6" qtype="outlook">What is the outlook for Adrenocortical carcinoma ?</Question>
			<Answer></Answer>
	</QAPair>
	<QAPair pid="7">
			<Question qid="0000096-7" qtype="complications">What are the complications of Adrenocortical carcinoma ?</Question>
			<Answer></Answer>
	</QAPair>
	<QAPair pid="8">
			<Question qid="0000096-8" qtype="when to contact a medical professional">Do I need to see a doctor for Adrenocortical carcinoma ?</Question>
			<Answer></Answer>
	</QAPair>
</QAPairs>
</Document>
