<?xml version="1.0" encoding="UTF-8"?>
<Document id="0000211" source="ADAM" url="https://www.nlm.nih.gov/medlineplus/ency/article/001180.htm">
 <!--Answers from the A.D.A.M. medical encyclopedia were removed to comply with the MedlinePlus copyright-->
<Focus>Androgen insensitivity syndrome</Focus>
<FocusAnnotations>
	<Category>Disease</Category>
	<UMLS>
		<CUIs>
			<CUI>C0936016</CUI>
			<CUI>C0039585</CUI>
			<CUI>C0237677</CUI>
		</CUIs>
		<SemanticTypes>
			<SemanticType>T047</SemanticType>
			<SemanticType>T033</SemanticType>
		</SemanticTypes>
		<SemanticGroup>Disorders</SemanticGroup>
	</UMLS>
	<Synonyms>
		<Synonym>Testicular feminization</Synonym>
	</Synonyms>
</FocusAnnotations>
<QAPairs>
	<QAPair pid="1">
			<Question qid="0000211-1" qtype="information">What is (are) Androgen insensitivity syndrome ?</Question>
			<Answer></Answer>
	</QAPair>
	<QAPair pid="2">
			<Question qid="0000211-2" qtype="causes">What causes Androgen insensitivity syndrome ?</Question>
			<Answer></Answer>
	</QAPair>
	<QAPair pid="3">
			<Question qid="0000211-3" qtype="symptoms">What are the symptoms of Androgen insensitivity syndrome ?</Question>
			<Answer></Answer>
	</QAPair>
	<QAPair pid="4">
			<Question qid="0000211-4" qtype="exams and tests">How to diagnose Androgen insensitivity syndrome ?</Question>
			<Answer></Answer>
	</QAPair>
	<QAPair pid="5">
			<Question qid="0000211-5" qtype="treatment">What are the treatments for Androgen insensitivity syndrome ?</Question>
			<Answer></Answer>
	</QAPair>
	<QAPair pid="6">
			<Question qid="0000211-6" qtype="outlook">What is the outlook for Androgen insensitivity syndrome ?</Question>
			<Answer></Answer>
	</QAPair>
	<QAPair pid="7">
			<Question qid="0000211-7" qtype="complications">What are the complications of Androgen insensitivity syndrome ?</Question>
			<Answer></Answer>
	</QAPair>
	<QAPair pid="8">
			<Question qid="0000211-8" qtype="when to contact a medical professional">Do I need to see a doctor for Androgen insensitivity syndrome ?</Question>
			<Answer></Answer>
	</QAPair>
</QAPairs>
</Document>
