<?xml version="1.0" encoding="UTF-8"?>
<Document id="0000001" source="ADAM" url="https://www.nlm.nih.gov/medlineplus/ency/patientinstructions/000823.htm">
 <!--Answers from the A.D.A.M. medical encyclopedia were removed to comply with the MedlinePlus copyright-->
<Focus>A guide to clinical trials for cancer</Focus>
<FocusAnnotations>
	<Category>Disease</Category>
	<UMLS>
		<CUIs>
			<CUI>C0006826</CUI>
		</CUIs>
		<SemanticTypes>
			<SemanticType>T191</SemanticType>
		</SemanticTypes>
		<SemanticGroup>Disorders</SemanticGroup>
	</UMLS>
	<Synonyms>
		<Synonym>Intervention study</Synonym>
	</Synonyms>
</FocusAnnotations>
<QAPairs>
	<QAPair pid="1">
			<Question qid="0000001-1" qtype="information">What is (are) A guide to clinical trials for cancer ?</Question>
			<Answer></Answer>
	</QAPair>
	<QAPair pid="2">
			<Question qid="0000001-2" qtype="research">what research (or clinical trials) is being done for A guide to clinical trials for cancer ?</Question>
			<Answer></Answer>
	</QAPair>
	<QAPair pid="3">
			<Question qid="0000001-3" qtype="research">what research (or clinical trials) is being done for A guide to clinical trials for cancer ?</Question>
			<Answer></Answer>
	</QAPair>
	<QAPair pid="6">
			<Question qid="0000001-6" qtype="research">what research (or clinical trials) is being done for A guide to clinical trials for cancer ?</Question>
			<Answer></Answer>
	</QAPair>
	<QAPair pid="7">
			<Question qid="0000001-7" qtype="research">what research (or clinical trials) is being done for A guide to clinical trials for cancer ?</Question>
			<Answer></Answer>
	</QAPair>
</QAPairs>
</Document>
