<?xml version="1.0" encoding="UTF-8"?>
<Document id="0000169" source="ADAM" url="https://www.nlm.nih.gov/medlineplus/ency/article/003573.htm">
 <!--Answers from the A.D.A.M. medical encyclopedia were removed to comply with the MedlinePlus copyright-->
<Focus>Alpha fetoprotein</Focus>
<FocusAnnotations>
	<Category>Other</Category>
	<Synonyms>
		<Synonym>Fetal alpha globulin</Synonym>
		<Synonym>AFP</Synonym>
	</Synonyms>
</FocusAnnotations>
<QAPairs>
	<QAPair pid="1">
			<Question qid="0000169-1" qtype="information">Do you have information about Alpha fetoprotein</Question>
			<Answer></Answer>
	</QAPair>
</QAPairs>
</Document>
