<?xml version="1.0" encoding="UTF-8"?>
<Document id="0000301" source="ADAM" url="https://www.nlm.nih.gov/medlineplus/ency/article/000256.htm">
 <!--Answers from the A.D.A.M. medical encyclopedia were removed to comply with the MedlinePlus copyright-->
<Focus>Appendicitis</Focus>
<FocusAnnotations>
	<Category>Disease</Category>
	<UMLS>
		<CUIs>
			<CUI>C0085693</CUI>
			<CUI>C0003615</CUI>
		</CUIs>
		<SemanticTypes>
			<SemanticType>T047</SemanticType>
		</SemanticTypes>
		<SemanticGroup>Disorders</SemanticGroup>
	</UMLS>
</FocusAnnotations>
<QAPairs>
	<QAPair pid="1">
			<Question qid="0000301-1" qtype="information">What is (are) Appendicitis ?</Question>
			<Answer></Answer>
	</QAPair>
	<QAPair pid="2">
			<Question qid="0000301-2" qtype="causes">What causes Appendicitis ?</Question>
			<Answer></Answer>
	</QAPair>
	<QAPair pid="3">
			<Question qid="0000301-3" qtype="symptoms">What are the symptoms of Appendicitis ?</Question>
			<Answer></Answer>
	</QAPair>
	<QAPair pid="4">
			<Question qid="0000301-4" qtype="exams and tests">How to diagnose Appendicitis ?</Question>
			<Answer></Answer>
	</QAPair>
	<QAPair pid="5">
			<Question qid="0000301-5" qtype="treatment">What are the treatments for Appendicitis ?</Question>
			<Answer></Answer>
	</QAPair>
	<QAPair pid="6">
			<Question qid="0000301-6" qtype="outlook">What is the outlook for Appendicitis ?</Question>
			<Answer></Answer>
	</QAPair>
	<QAPair pid="7">
			<Question qid="0000301-7" qtype="when to contact a medical professional">Do I need to see a doctor for Appendicitis ?</Question>
			<Answer></Answer>
	</QAPair>
</QAPairs>
</Document>
