<?xml version="1.0" encoding="UTF-8"?>
<Document id="0000044" source="ADAM" url="https://www.nlm.nih.gov/medlineplus/ency/article/000267.htm">
 <!--Answers from the A.D.A.M. medical encyclopedia were removed to comply with the MedlinePlus copyright-->
<Focus>Achalasia</Focus>
<FocusAnnotations>
	<Category>Disease</Category>
	<UMLS>
		<CUIs>
			<CUI>C1321756</CUI>
			<CUI>C0014848</CUI>
		</CUIs>
		<SemanticTypes>
			<SemanticType>T047</SemanticType>
			<SemanticType>T033</SemanticType>
		</SemanticTypes>
		<SemanticGroup>Disorders</SemanticGroup>
	</UMLS>
	<Synonyms>
		<Synonym>Esophageal achalasia</Synonym>
		<Synonym>Swallowing problems - achalasia</Synonym>
		<Synonym>Lower esophageal sphincter</Synonym>
		<Synonym>LES</Synonym>
		<Synonym>Myotomy</Synonym>
	</Synonyms>
</FocusAnnotations>
<QAPairs>
	<QAPair pid="1">
			<Question qid="0000044-1" qtype="information">What is (are) Achalasia ?</Question>
			<Answer></Answer>
	</QAPair>
	<QAPair pid="2">
			<Question qid="0000044-2" qtype="causes">What causes Achalasia ?</Question>
			<Answer></Answer>
	</QAPair>
	<QAPair pid="3">
			<Question qid="0000044-3" qtype="symptoms">What are the symptoms of Achalasia ?</Question>
			<Answer></Answer>
	</QAPair>
	<QAPair pid="4">
			<Question qid="0000044-4" qtype="exams and tests">How to diagnose Achalasia ?</Question>
			<Answer></Answer>
	</QAPair>
	<QAPair pid="5">
			<Question qid="0000044-5" qtype="treatment">What are the treatments for Achalasia ?</Question>
			<Answer></Answer>
	</QAPair>
	<QAPair pid="6">
			<Question qid="0000044-6" qtype="outlook">What is the outlook for Achalasia ?</Question>
			<Answer></Answer>
	</QAPair>
	<QAPair pid="7">
			<Question qid="0000044-7" qtype="complications">What are the complications of Achalasia ?</Question>
			<Answer></Answer>
	</QAPair>
	<QAPair pid="8">
			<Question qid="0000044-8" qtype="when to contact a medical professional">Do I need to see a doctor for Achalasia ?</Question>
			<Answer></Answer>
	</QAPair>
	<QAPair pid="9">
			<Question qid="0000044-9" qtype="prevention">How to prevent Achalasia ?</Question>
			<Answer></Answer>
	</QAPair>
</QAPairs>
</Document>
