<?xml version="1.0" encoding="UTF-8"?>
<Document id="0000473" source="ADAM" url="https://www.nlm.nih.gov/medlineplus/ency/patientinstructions/000022.htm">
 <!--Answers from the A.D.A.M. medical encyclopedia were removed to comply with the MedlinePlus copyright-->
<Focus>Bleeding during cancer treatment</Focus>
<FocusAnnotations>
	<Category>Other</Category>
</FocusAnnotations>
<QAPairs>
	<QAPair pid="1">
			<Question qid="0000473-1" qtype="information">Do you have information about Bleeding during cancer treatment</Question>
			<Answer></Answer>
	</QAPair>
</QAPairs>
</Document>
