<?xml version="1.0" encoding="UTF-8"?>
<Document id="0000340" source="ADAM" url="https://www.nlm.nih.gov/medlineplus/ency/patientinstructions/000209.htm">
 <!--Answers from the A.D.A.M. medical encyclopedia were removed to comply with the MedlinePlus copyright-->
<Focus>Asthma - what to ask your doctor - child</Focus>
<FocusAnnotations>
	<Category>Disease</Category>
	<UMLS>
		<CUIs>
			<CUI>C0004096</CUI>
		</CUIs>
		<SemanticTypes>
			<SemanticType>T047</SemanticType>
		</SemanticTypes>
		<SemanticGroup>Disorders</SemanticGroup>
	</UMLS>
	<Synonyms>
		<Synonym>What to ask your doctor about asthma - child</Synonym>
	</Synonyms>
</FocusAnnotations>
<QAPairs>
	<QAPair pid="1">
			<Question qid="0000340-1" qtype="information">What is (are) Asthma - what to ask your doctor - child ?</Question>
			<Answer></Answer>
	</QAPair>
</QAPairs>
</Document>
