<?xml version="1.0" encoding="UTF-8"?>
<Document id="0000003" source="ADAM" url="https://www.nlm.nih.gov/medlineplus/ency/article/003640.htm">
 <!--Answers from the A.D.A.M. medical encyclopedia were removed to comply with the MedlinePlus copyright-->
<Focus>A1C test</Focus>
<FocusAnnotations>
	<Category>Disease</Category>
	<UMLS>
		<CUIs>
			<CUI>C0456984</CUI>
		</CUIs>
		<SemanticTypes>
			<SemanticType>T033</SemanticType>
		</SemanticTypes>
		<SemanticGroup>Disorders</SemanticGroup>
	</UMLS>
	<Synonyms>
		<Synonym>HbA1C test</Synonym>
		<Synonym>Glycated hemoglobin test</Synonym>
		<Synonym>Glycosylated hemoglobin test</Synonym>
		<Synonym>Hemoglobin glycosylated test</Synonym>
		<Synonym>Glycohemoglobin test</Synonym>
	</Synonyms>
</FocusAnnotations>
<QAPairs>
	<QAPair pid="1">
			<Question qid="0000003-1" qtype="information">What is (are) A1C test ?</Question>
			<Answer></Answer>
	</QAPair>
	<QAPair pid="8">
			<Question qid="0000003-8" qtype="susceptibility">Who is at risk for A1C test? ?</Question>
			<Answer></Answer>
	</QAPair>
</QAPairs>
</Document>
