<?xml version="1.0" encoding="UTF-8"?>
<Document id="0000466" source="ADAM" url="https://www.nlm.nih.gov/medlineplus/ency/article/002997.htm">
 <!--Answers from the A.D.A.M. medical encyclopedia were removed to comply with the MedlinePlus copyright-->
<Focus>Bladder exstrophy repair</Focus>
<FocusAnnotations>
	<Category>Disease</Category>
	<UMLS>
		<CUIs>
			<CUI>C0015338</CUI>
		</CUIs>
		<SemanticTypes>
			<SemanticType>T019</SemanticType>
		</SemanticTypes>
		<SemanticGroup>Disorders</SemanticGroup>
	</UMLS>
	<Synonyms>
		<Synonym>Bladder birth defect repair</Synonym>
		<Synonym>Everted bladder repair</Synonym>
		<Synonym>Exposed bladder repair</Synonym>
		<Synonym>Repair of bladder exstrophy</Synonym>
	</Synonyms>
</FocusAnnotations>
<QAPairs>
	<QAPair pid="1">
			<Question qid="0000466-1" qtype="information">What is (are) Bladder exstrophy repair ?</Question>
			<Answer></Answer>
	</QAPair>
	<QAPair pid="2">
			<Question qid="0000466-2" qtype="information">What is (are) Bladder exstrophy repair ?</Question>
			<Answer></Answer>
	</QAPair>
	<QAPair pid="4">
			<Question qid="0000466-4" qtype="susceptibility">Who is at risk for Bladder exstrophy repair? ?</Question>
			<Answer></Answer>
	</QAPair>
	<QAPair pid="7">
			<Question qid="0000466-7" qtype="outlook">What is the outlook for Bladder exstrophy repair ?</Question>
			<Answer></Answer>
	</QAPair>
</QAPairs>
</Document>
