<?xml version="1.0" encoding="UTF-8"?>
<Document id="0000313" source="ADAM" url="https://www.nlm.nih.gov/medlineplus/ency/article/001102.htm">
 <!--Answers from the A.D.A.M. medical encyclopedia were removed to comply with the MedlinePlus copyright-->
<Focus>Arterial embolism</Focus>
<FocusAnnotations>
	<Category>Disease</Category>
	<UMLS>
		<CUIs>
			<CUI>C0549124</CUI>
		</CUIs>
		<SemanticTypes>
			<SemanticType>T046</SemanticType>
		</SemanticTypes>
		<SemanticGroup>Disorders</SemanticGroup>
	</UMLS>
</FocusAnnotations>
<QAPairs>
	<QAPair pid="1">
			<Question qid="0000313-1" qtype="information">What is (are) Arterial embolism ?</Question>
			<Answer></Answer>
	</QAPair>
	<QAPair pid="2">
			<Question qid="0000313-2" qtype="causes">What causes Arterial embolism ?</Question>
			<Answer></Answer>
	</QAPair>
	<QAPair pid="3">
			<Question qid="0000313-3" qtype="symptoms">What are the symptoms of Arterial embolism ?</Question>
			<Answer></Answer>
	</QAPair>
	<QAPair pid="4">
			<Question qid="0000313-4" qtype="exams and tests">How to diagnose Arterial embolism ?</Question>
			<Answer></Answer>
	</QAPair>
	<QAPair pid="5">
			<Question qid="0000313-5" qtype="treatment">What are the treatments for Arterial embolism ?</Question>
			<Answer></Answer>
	</QAPair>
	<QAPair pid="6">
			<Question qid="0000313-6" qtype="outlook">What is the outlook for Arterial embolism ?</Question>
			<Answer></Answer>
	</QAPair>
	<QAPair pid="7">
			<Question qid="0000313-7" qtype="complications">What are the complications of Arterial embolism ?</Question>
			<Answer></Answer>
	</QAPair>
	<QAPair pid="8">
			<Question qid="0000313-8" qtype="when to contact a medical professional">Do I need to see a doctor for Arterial embolism ?</Question>
			<Answer></Answer>
	</QAPair>
	<QAPair pid="9">
			<Question qid="0000313-9" qtype="prevention">How to prevent Arterial embolism ?</Question>
			<Answer></Answer>
	</QAPair>
</QAPairs>
</Document>
