<?xml version="1.0" encoding="UTF-8"?>
<Document id="0000117" source="ADAM" url="https://www.nlm.nih.gov/medlineplus/ency/article/004014.htm">
 <!--Answers from the A.D.A.M. medical encyclopedia were removed to comply with the MedlinePlus copyright-->
<Focus>Aging changes in skin</Focus>
<FocusAnnotations>
	<Category>Other</Category>
	<Synonyms>
		<Synonym>Wrinkles - aging changes</Synonym>
		<Synonym>Thinning of skin</Synonym>
	</Synonyms>
</FocusAnnotations>
<QAPairs>
	<QAPair pid="1">
			<Question qid="0000117-1" qtype="information">Do you have information about Aging changes in skin</Question>
			<Answer></Answer>
	</QAPair>
</QAPairs>
</Document>
