<?xml version="1.0" encoding="UTF-8"?>
<Document id="0000119" source="ADAM" url="https://www.nlm.nih.gov/medlineplus/ency/article/004015.htm">
 <!--Answers from the A.D.A.M. medical encyclopedia were removed to comply with the MedlinePlus copyright-->
<Focus>Aging changes in the bones - muscles - joints</Focus>
<FocusAnnotations>
	<Category>Other</Category>
	<Synonyms>
		<Synonym>Osteoporosis and aging</Synonym>
		<Synonym>Muscle weakness associated with aging</Synonym>
		<Synonym>Osteoarthritis</Synonym>
	</Synonyms>
</FocusAnnotations>
<QAPairs>
	<QAPair pid="1">
			<Question qid="0000119-1" qtype="information">Do you have information about Aging changes in the bones - muscles - joints</Question>
			<Answer></Answer>
	</QAPair>
</QAPairs>
</Document>
