<?xml version="1.0" encoding="UTF-8"?>
<Document id="0000060" source="ADAM" url="https://www.nlm.nih.gov/medlineplus/ency/article/000778.htm">
 <!--Answers from the A.D.A.M. medical encyclopedia were removed to comply with the MedlinePlus copyright-->
<Focus>Acoustic neuroma</Focus>
<FocusAnnotations>
	<Category>Disease</Category>
	<UMLS>
		<CUIs>
			<CUI>C0027859</CUI>
		</CUIs>
		<SemanticTypes>
			<SemanticType>T191</SemanticType>
		</SemanticTypes>
		<SemanticGroup>Disorders</SemanticGroup>
	</UMLS>
	<Synonyms>
		<Synonym>Vestibular schwannoma</Synonym>
		<Synonym>Tumor - acoustic</Synonym>
		<Synonym>Cerebellopontine angle tumor</Synonym>
		<Synonym>Angle tumor</Synonym>
	</Synonyms>
</FocusAnnotations>
<QAPairs>
	<QAPair pid="1">
			<Question qid="0000060-1" qtype="information">What is (are) Acoustic neuroma ?</Question>
			<Answer></Answer>
	</QAPair>
	<QAPair pid="2">
			<Question qid="0000060-2" qtype="causes">What causes Acoustic neuroma ?</Question>
			<Answer></Answer>
	</QAPair>
	<QAPair pid="3">
			<Question qid="0000060-3" qtype="symptoms">What are the symptoms of Acoustic neuroma ?</Question>
			<Answer></Answer>
	</QAPair>
	<QAPair pid="4">
			<Question qid="0000060-4" qtype="exams and tests">How to diagnose Acoustic neuroma ?</Question>
			<Answer></Answer>
	</QAPair>
	<QAPair pid="5">
			<Question qid="0000060-5" qtype="treatment">What are the treatments for Acoustic neuroma ?</Question>
			<Answer></Answer>
	</QAPair>
	<QAPair pid="6">
			<Question qid="0000060-6" qtype="outlook">What is the outlook for Acoustic neuroma ?</Question>
			<Answer></Answer>
	</QAPair>
	<QAPair pid="7">
			<Question qid="0000060-7" qtype="complications">What are the complications of Acoustic neuroma ?</Question>
			<Answer></Answer>
	</QAPair>
	<QAPair pid="8">
			<Question qid="0000060-8" qtype="when to contact a medical professional">Do I need to see a doctor for Acoustic neuroma ?</Question>
			<Answer></Answer>
	</QAPair>
</QAPairs>
</Document>
