<?xml version="1.0" encoding="UTF-8"?>
<Document id="0000066" source="ADAM" url="https://www.nlm.nih.gov/medlineplus/ency/article/003696.htm">
 <!--Answers from the A.D.A.M. medical encyclopedia were removed to comply with the MedlinePlus copyright-->
<Focus>ACTH (cosyntropin) stimulation test</Focus>
<FocusAnnotations>
	<Category>Other</Category>
	<Synonyms>
		<Synonym>Tests of adrenal reserve</Synonym>
		<Synonym>Cortrosyn stimulation test</Synonym>
	</Synonyms>
</FocusAnnotations>
<QAPairs>
	<QAPair pid="1">
			<Question qid="0000066-1" qtype="information">Do you have information about ACTH (cosyntropin) stimulation test</Question>
			<Answer></Answer>
	</QAPair>
</QAPairs>
</Document>
