<?xml version="1.0" encoding="UTF-8"?>
<Document id="0000308" source="ADAM" url="https://www.nlm.nih.gov/medlineplus/ency/article/007347.htm">
 <!--Answers from the A.D.A.M. medical encyclopedia were removed to comply with the MedlinePlus copyright-->
<Focus>Arm CT scan</Focus>
<FocusAnnotations>
	<Category>Other</Category>
	<Synonyms>
		<Synonym>CAT scan - arm</Synonym>
		<Synonym>Computed axial tomography scan - arm</Synonym>
		<Synonym>Computed tomography scan - arm</Synonym>
		<Synonym>CT scan - arm</Synonym>
	</Synonyms>
</FocusAnnotations>
<QAPairs>
	<QAPair pid="1">
			<Question qid="0000308-1" qtype="information">Do you have information about Arm CT scan</Question>
			<Answer></Answer>
	</QAPair>
</QAPairs>
</Document>
