<?xml version="1.0" encoding="UTF-8"?>
<Document id="0000393" source="ADAM" url="https://www.nlm.nih.gov/medlineplus/ency/article/002749.htm">
 <!--Answers from the A.D.A.M. medical encyclopedia were removed to comply with the MedlinePlus copyright-->
<Focus>Baking soda overdose</Focus>
<FocusAnnotations>
	<Category>Other</Category>
	<Synonyms>
		<Synonym>Soda loading</Synonym>
	</Synonyms>
</FocusAnnotations>
<QAPairs>
	<QAPair pid="1">
			<Question qid="0000393-1" qtype="information">Do you have information about Baking soda overdose</Question>
			<Answer></Answer>
	</QAPair>
</QAPairs>
</Document>
