<?xml version="1.0" encoding="UTF-8"?>
<Document id="0000326" source="ADAM" url="https://www.nlm.nih.gov/medlineplus/ency/article/001326.htm">
 <!--Answers from the A.D.A.M. medical encyclopedia were removed to comply with the MedlinePlus copyright-->
<Focus>Aspergillosis</Focus>
<FocusAnnotations>
	<Category>Disease</Category>
	<UMLS>
		<CUIs>
			<CUI>C0004030</CUI>
		</CUIs>
		<SemanticTypes>
			<SemanticType>T047</SemanticType>
		</SemanticTypes>
		<SemanticGroup>Disorders</SemanticGroup>
	</UMLS>
	<Synonyms>
		<Synonym>Aspergillus infection</Synonym>
	</Synonyms>
</FocusAnnotations>
<QAPairs>
	<QAPair pid="1">
			<Question qid="0000326-1" qtype="information">What is (are) Aspergillosis ?</Question>
			<Answer></Answer>
	</QAPair>
	<QAPair pid="2">
			<Question qid="0000326-2" qtype="causes">What causes Aspergillosis ?</Question>
			<Answer></Answer>
	</QAPair>
	<QAPair pid="3">
			<Question qid="0000326-3" qtype="symptoms">What are the symptoms of Aspergillosis ?</Question>
			<Answer></Answer>
	</QAPair>
	<QAPair pid="4">
			<Question qid="0000326-4" qtype="exams and tests">How to diagnose Aspergillosis ?</Question>
			<Answer></Answer>
	</QAPair>
	<QAPair pid="5">
			<Question qid="0000326-5" qtype="treatment">What are the treatments for Aspergillosis ?</Question>
			<Answer></Answer>
	</QAPair>
	<QAPair pid="6">
			<Question qid="0000326-6" qtype="outlook">What is the outlook for Aspergillosis ?</Question>
			<Answer></Answer>
	</QAPair>
	<QAPair pid="7">
			<Question qid="0000326-7" qtype="complications">What are the complications of Aspergillosis ?</Question>
			<Answer></Answer>
	</QAPair>
	<QAPair pid="8">
			<Question qid="0000326-8" qtype="when to contact a medical professional">Do I need to see a doctor for Aspergillosis ?</Question>
			<Answer></Answer>
	</QAPair>
	<QAPair pid="9">
			<Question qid="0000326-9" qtype="prevention">How to prevent Aspergillosis ?</Question>
			<Answer></Answer>
	</QAPair>
</QAPairs>
</Document>
