<?xml version="1.0" encoding="UTF-8"?>
<Document id="0000039" source="ADAM" url="https://www.nlm.nih.gov/medlineplus/ency/article/002562.htm">
 <!--Answers from the A.D.A.M. medical encyclopedia were removed to comply with the MedlinePlus copyright-->
<Focus>Acetaminophen and codeine overdose</Focus>
<FocusAnnotations>
	<Category>Disease</Category>
	<UMLS>
		<CUIs>
			<CUI>C0572066</CUI>
		</CUIs>
		<SemanticTypes>
			<SemanticType>T037</SemanticType>
		</SemanticTypes>
		<SemanticGroup>Disorders</SemanticGroup>
	</UMLS>
	<Synonyms>
		<Synonym>Tylenol #3 overdose</Synonym>
		<Synonym>Phenaphen with codeine overdose</Synonym>
		<Synonym>Tylenol with codeine overdose</Synonym>
	</Synonyms>
</FocusAnnotations>
<QAPairs>
	<QAPair pid="1">
			<Question qid="0000039-1" qtype="information">What is (are) Acetaminophen and codeine overdose ?</Question>
			<Answer></Answer>
	</QAPair>
	<QAPair pid="4">
			<Question qid="0000039-4" qtype="symptoms">What are the symptoms of Acetaminophen and codeine overdose ?</Question>
			<Answer></Answer>
	</QAPair>
	<QAPair pid="5">
			<Question qid="0000039-5" qtype="considerations">What to do for Acetaminophen and codeine overdose ?</Question>
			<Answer></Answer>
	</QAPair>
	<QAPair pid="8">
			<Question qid="0000039-8" qtype="outlook">What is the outlook for Acetaminophen and codeine overdose ?</Question>
			<Answer></Answer>
	</QAPair>
	<QAPair pid="9">
			<Question qid="0000039-9" qtype="outlook">What is the outlook for Acetaminophen and codeine overdose ?</Question>
			<Answer></Answer>
	</QAPair>
</QAPairs>
</Document>
