<?xml version="1.0" encoding="UTF-8"?>
<Document id="0000005" source="ADAM" url="https://www.nlm.nih.gov/medlineplus/ency/article/001662.htm">
 <!--Answers from the A.D.A.M. medical encyclopedia were removed to comply with the MedlinePlus copyright-->
<Focus>Aase syndrome</Focus>
<FocusAnnotations>
	<Category>Disease</Category>
	<UMLS>
		<CUIs>
			<CUI>C0265265</CUI>
			<CUI>C2676137</CUI>
		</CUIs>
		<SemanticTypes>
			<SemanticType>T019</SemanticType>
			<SemanticType>T047</SemanticType>
		</SemanticTypes>
		<SemanticGroup>Disorders</SemanticGroup>
	</UMLS>
	<Synonyms>
		<Synonym>Aase-Smith syndrome</Synonym>
		<Synonym>Hypoplastic anemia - triphalangeal thumbs, Aase-Smith type</Synonym>
	</Synonyms>
</FocusAnnotations>
<QAPairs>
	<QAPair pid="1">
			<Question qid="0000005-1" qtype="information">What is (are) Aase syndrome ?</Question>
			<Answer></Answer>
	</QAPair>
	<QAPair pid="2">
			<Question qid="0000005-2" qtype="causes">What causes Aase syndrome ?</Question>
			<Answer></Answer>
	</QAPair>
	<QAPair pid="3">
			<Question qid="0000005-3" qtype="symptoms">What are the symptoms of Aase syndrome ?</Question>
			<Answer></Answer>
	</QAPair>
	<QAPair pid="4">
			<Question qid="0000005-4" qtype="exams and tests">How to diagnose Aase syndrome ?</Question>
			<Answer></Answer>
	</QAPair>
	<QAPair pid="5">
			<Question qid="0000005-5" qtype="treatment">What are the treatments for Aase syndrome ?</Question>
			<Answer></Answer>
	</QAPair>
	<QAPair pid="6">
			<Question qid="0000005-6" qtype="outlook">What is the outlook for Aase syndrome ?</Question>
			<Answer></Answer>
	</QAPair>
	<QAPair pid="7">
			<Question qid="0000005-7" qtype="complications">What are the complications of Aase syndrome ?</Question>
			<Answer></Answer>
	</QAPair>
	<QAPair pid="8">
			<Question qid="0000005-8" qtype="prevention">How to prevent Aase syndrome ?</Question>
			<Answer></Answer>
	</QAPair>
</QAPairs>
</Document>
