<?xml version="1.0" encoding="UTF-8"?>
<Document id="0000322" source="ADAM" url="https://www.nlm.nih.gov/medlineplus/ency/article/001483.htm">
 <!--Answers from the A.D.A.M. medical encyclopedia were removed to comply with the MedlinePlus copyright-->
<Focus>Asherman syndrome</Focus>
<FocusAnnotations>
	<Category>Disease</Category>
	<UMLS>
		<CUIs>
			<CUI>C0156372</CUI>
		</CUIs>
		<SemanticTypes>
			<SemanticType>T047</SemanticType>
		</SemanticTypes>
		<SemanticGroup>Disorders</SemanticGroup>
	</UMLS>
	<Synonyms>
		<Synonym>Uterine synechiae, Intrauterine adhesions</Synonym>
	</Synonyms>
</FocusAnnotations>
<QAPairs>
	<QAPair pid="1">
			<Question qid="0000322-1" qtype="information">What is (are) Asherman syndrome ?</Question>
			<Answer></Answer>
	</QAPair>
	<QAPair pid="2">
			<Question qid="0000322-2" qtype="causes">What causes Asherman syndrome ?</Question>
			<Answer></Answer>
	</QAPair>
	<QAPair pid="3">
			<Question qid="0000322-3" qtype="symptoms">What are the symptoms of Asherman syndrome ?</Question>
			<Answer></Answer>
	</QAPair>
	<QAPair pid="4">
			<Question qid="0000322-4" qtype="exams and tests">How to diagnose Asherman syndrome ?</Question>
			<Answer></Answer>
	</QAPair>
	<QAPair pid="5">
			<Question qid="0000322-5" qtype="treatment">What are the treatments for Asherman syndrome ?</Question>
			<Answer></Answer>
	</QAPair>
	<QAPair pid="6">
			<Question qid="0000322-6" qtype="support groups">Where to find support for people with Asherman syndrome ?</Question>
			<Answer></Answer>
	</QAPair>
	<QAPair pid="7">
			<Question qid="0000322-7" qtype="outlook">What is the outlook for Asherman syndrome ?</Question>
			<Answer></Answer>
	</QAPair>
	<QAPair pid="8">
			<Question qid="0000322-8" qtype="complications">What are the complications of Asherman syndrome ?</Question>
			<Answer></Answer>
	</QAPair>
	<QAPair pid="9">
			<Question qid="0000322-9" qtype="when to contact a medical professional">Do I need to see a doctor for Asherman syndrome ?</Question>
			<Answer></Answer>
	</QAPair>
	<QAPair pid="10">
			<Question qid="0000322-10" qtype="prevention">How to prevent Asherman syndrome ?</Question>
			<Answer></Answer>
	</QAPair>
</QAPairs>
</Document>
