<?xml version="1.0" encoding="UTF-8"?>
<Document id="0000247" source="ADAM" url="https://www.nlm.nih.gov/medlineplus/ency/article/001519.htm">
 <!--Answers from the A.D.A.M. medical encyclopedia were removed to comply with the MedlinePlus copyright-->
<Focus>Anorectal abscess</Focus>
<FocusAnnotations>
	<Category>Disease</Category>
	<UMLS>
		<CUIs>
			<CUI>C0000833</CUI>
			<CUI>C0267567</CUI>
		</CUIs>
		<SemanticTypes>
			<SemanticType>T047</SemanticType>
		</SemanticTypes>
		<SemanticGroup>Disorders</SemanticGroup>
	</UMLS>
	<Synonyms>
		<Synonym>Anal abscess</Synonym>
		<Synonym>Rectal abscess</Synonym>
		<Synonym>Perirectal abscess</Synonym>
		<Synonym>Perianal abscess</Synonym>
		<Synonym>anal gland abscess</Synonym>
		<Synonym>Abscess - anorectal</Synonym>
	</Synonyms>
</FocusAnnotations>
<QAPairs>
	<QAPair pid="1">
			<Question qid="0000247-1" qtype="information">What is (are) Anorectal abscess ?</Question>
			<Answer></Answer>
	</QAPair>
	<QAPair pid="2">
			<Question qid="0000247-2" qtype="causes">What causes Anorectal abscess ?</Question>
			<Answer></Answer>
	</QAPair>
	<QAPair pid="3">
			<Question qid="0000247-3" qtype="symptoms">What are the symptoms of Anorectal abscess ?</Question>
			<Answer></Answer>
	</QAPair>
	<QAPair pid="4">
			<Question qid="0000247-4" qtype="exams and tests">How to diagnose Anorectal abscess ?</Question>
			<Answer></Answer>
	</QAPair>
	<QAPair pid="5">
			<Question qid="0000247-5" qtype="treatment">What are the treatments for Anorectal abscess ?</Question>
			<Answer></Answer>
	</QAPair>
	<QAPair pid="6">
			<Question qid="0000247-6" qtype="outlook">What is the outlook for Anorectal abscess ?</Question>
			<Answer></Answer>
	</QAPair>
	<QAPair pid="7">
			<Question qid="0000247-7" qtype="complications">What are the complications of Anorectal abscess ?</Question>
			<Answer></Answer>
	</QAPair>
	<QAPair pid="8">
			<Question qid="0000247-8" qtype="when to contact a medical professional">Do I need to see a doctor for Anorectal abscess ?</Question>
			<Answer></Answer>
	</QAPair>
	<QAPair pid="9">
			<Question qid="0000247-9" qtype="prevention">How to prevent Anorectal abscess ?</Question>
			<Answer></Answer>
	</QAPair>
</QAPairs>
</Document>
