<?xml version="1.0" encoding="UTF-8"?>
<Document id="0000344" source="ADAM" url="https://www.nlm.nih.gov/medlineplus/ency/article/002217.htm">
 <!--Answers from the A.D.A.M. medical encyclopedia were removed to comply with the MedlinePlus copyright-->
<Focus>Asymptomatic</Focus>
<FocusAnnotations>
	<Category>Disease</Category>
	<UMLS>
		<CUIs>
			<CUI>C0231221</CUI>
		</CUIs>
		<SemanticTypes>
			<SemanticType>T033</SemanticType>
		</SemanticTypes>
		<SemanticGroup>Disorders</SemanticGroup>
	</UMLS>
</FocusAnnotations>
<QAPairs>
	<QAPair pid="1">
			<Question qid="0000344-1" qtype="information">What is (are) Asymptomatic ?</Question>
			<Answer></Answer>
	</QAPair>
</QAPairs>
</Document>
