<?xml version="1.0" encoding="UTF-8"?>
<Document id="0000111" source="ADAM" url="https://www.nlm.nih.gov/medlineplus/ency/article/001045.htm">
 <!--Answers from the A.D.A.M. medical encyclopedia were removed to comply with the MedlinePlus copyright-->
<Focus>Age-related hearing loss</Focus>
<FocusAnnotations>
	<Category>Disease</Category>
	<UMLS>
		<CUIs>
			<CUI>C0445223</CUI>
			<CUI>C0033074</CUI>
		</CUIs>
		<SemanticTypes>
			<SemanticType>T046</SemanticType>
			<SemanticType>T033</SemanticType>
		</SemanticTypes>
		<SemanticGroup>Disorders</SemanticGroup>
	</UMLS>
	<Synonyms>
		<Synonym>Hearing loss - age related</Synonym>
		<Synonym>Presbycusis</Synonym>
	</Synonyms>
</FocusAnnotations>
<QAPairs>
	<QAPair pid="1">
			<Question qid="0000111-1" qtype="information">What is (are) Age-related hearing loss ?</Question>
			<Answer></Answer>
	</QAPair>
	<QAPair pid="2">
			<Question qid="0000111-2" qtype="causes">What causes Age-related hearing loss ?</Question>
			<Answer></Answer>
	</QAPair>
	<QAPair pid="3">
			<Question qid="0000111-3" qtype="symptoms">What are the symptoms of Age-related hearing loss ?</Question>
			<Answer></Answer>
	</QAPair>
	<QAPair pid="4">
			<Question qid="0000111-4" qtype="exams and tests">How to diagnose Age-related hearing loss ?</Question>
			<Answer></Answer>
	</QAPair>
	<QAPair pid="5">
			<Question qid="0000111-5" qtype="treatment">What are the treatments for Age-related hearing loss ?</Question>
			<Answer></Answer>
	</QAPair>
	<QAPair pid="6">
			<Question qid="0000111-6" qtype="outlook">What is the outlook for Age-related hearing loss ?</Question>
			<Answer></Answer>
	</QAPair>
	<QAPair pid="7">
			<Question qid="0000111-7" qtype="complications">What are the complications of Age-related hearing loss ?</Question>
			<Answer></Answer>
	</QAPair>
	<QAPair pid="8">
			<Question qid="0000111-8" qtype="when to contact a medical professional">Do I need to see a doctor for Age-related hearing loss ?</Question>
			<Answer></Answer>
	</QAPair>
</QAPairs>
</Document>
