<?xml version="1.0" encoding="UTF-8"?>
<Document id="0000336" source="ADAM" url="https://www.nlm.nih.gov/medlineplus/ency/article/000990.htm">
 <!--Answers from the A.D.A.M. medical encyclopedia were removed to comply with the MedlinePlus copyright-->
<Focus>Asthma - children</Focus>
<FocusAnnotations>
	<Category>Disease</Category>
	<UMLS>
		<CUIs>
			<CUI>C0004096</CUI>
		</CUIs>
		<SemanticTypes>
			<SemanticType>T047</SemanticType>
		</SemanticTypes>
		<SemanticGroup>Disorders</SemanticGroup>
	</UMLS>
	<Synonyms>
		<Synonym>Pediatric asthma</Synonym>
		<Synonym>Asthma - pediatric</Synonym>
		<Synonym>Wheezing - asthma - children</Synonym>
	</Synonyms>
</FocusAnnotations>
<QAPairs>
	<QAPair pid="1">
			<Question qid="0000336-1" qtype="information">What is (are) Asthma - children ?</Question>
			<Answer></Answer>
	</QAPair>
	<QAPair pid="2">
			<Question qid="0000336-2" qtype="causes">What causes Asthma - children ?</Question>
			<Answer></Answer>
	</QAPair>
	<QAPair pid="3">
			<Question qid="0000336-3" qtype="symptoms">What are the symptoms of Asthma - children ?</Question>
			<Answer></Answer>
	</QAPair>
	<QAPair pid="4">
			<Question qid="0000336-4" qtype="exams and tests">How to diagnose Asthma - children ?</Question>
			<Answer></Answer>
	</QAPair>
	<QAPair pid="5">
			<Question qid="0000336-5" qtype="treatment">What are the treatments for Asthma - children ?</Question>
			<Answer></Answer>
	</QAPair>
	<QAPair pid="6">
			<Question qid="0000336-6" qtype="outlook">What is the outlook for Asthma - children ?</Question>
			<Answer></Answer>
	</QAPair>
	<QAPair pid="7">
			<Question qid="0000336-7" qtype="when to contact a medical professional">Do I need to see a doctor for Asthma - children ?</Question>
			<Answer></Answer>
	</QAPair>
</QAPairs>
</Document>
