<?xml version="1.0" encoding="UTF-8"?>
<Document id="0000213" source="ADAM" url="https://www.nlm.nih.gov/medlineplus/ency/article/000574.htm">
 <!--Answers from the A.D.A.M. medical encyclopedia were removed to comply with the MedlinePlus copyright-->
<Focus>Anemia - B12 deficiency</Focus>
<FocusAnnotations>
	<Category>Disease</Category>
	<UMLS>
		<CUIs>
			<CUI>C0002871</CUI>
		</CUIs>
		<SemanticTypes>
			<SemanticType>T047</SemanticType>
		</SemanticTypes>
		<SemanticGroup>Disorders</SemanticGroup>
	</UMLS>
	<Synonyms>
		<Synonym>Macrocytic anemia</Synonym>
	</Synonyms>
</FocusAnnotations>
<QAPairs>
	<QAPair pid="1">
			<Question qid="0000213-1" qtype="information">What is (are) Anemia - B12 deficiency ?</Question>
			<Answer></Answer>
	</QAPair>
	<QAPair pid="2">
			<Question qid="0000213-2" qtype="causes">What causes Anemia - B12 deficiency ?</Question>
			<Answer></Answer>
	</QAPair>
	<QAPair pid="3">
			<Question qid="0000213-3" qtype="symptoms">What are the symptoms of Anemia - B12 deficiency ?</Question>
			<Answer></Answer>
	</QAPair>
	<QAPair pid="4">
			<Question qid="0000213-4" qtype="exams and tests">How to diagnose Anemia - B12 deficiency ?</Question>
			<Answer></Answer>
	</QAPair>
	<QAPair pid="5">
			<Question qid="0000213-5" qtype="treatment">What are the treatments for Anemia - B12 deficiency ?</Question>
			<Answer></Answer>
	</QAPair>
	<QAPair pid="6">
			<Question qid="0000213-6" qtype="outlook">What is the outlook for Anemia - B12 deficiency ?</Question>
			<Answer></Answer>
	</QAPair>
	<QAPair pid="7">
			<Question qid="0000213-7" qtype="complications">What are the complications of Anemia - B12 deficiency ?</Question>
			<Answer></Answer>
	</QAPair>
	<QAPair pid="8">
			<Question qid="0000213-8" qtype="when to contact a medical professional">Do I need to see a doctor for Anemia - B12 deficiency ?</Question>
			<Answer></Answer>
	</QAPair>
	<QAPair pid="9">
			<Question qid="0000213-9" qtype="prevention">How to prevent Anemia - B12 deficiency ?</Question>
			<Answer></Answer>
	</QAPair>
</QAPairs>
</Document>
