<?xml version="1.0" encoding="UTF-8"?>
<Document id="0000074" source="ADAM" url="https://www.nlm.nih.gov/medlineplus/ency/article/000264.htm">
 <!--Answers from the A.D.A.M. medical encyclopedia were removed to comply with the MedlinePlus copyright-->
<Focus>Acute cholecystitis</Focus>
<FocusAnnotations>
	<Category>Disease</Category>
	<UMLS>
		<CUIs>
			<CUI>C0149520</CUI>
		</CUIs>
		<SemanticTypes>
			<SemanticType>T047</SemanticType>
		</SemanticTypes>
		<SemanticGroup>Disorders</SemanticGroup>
	</UMLS>
	<Synonyms>
		<Synonym>Cholecystitis - acute</Synonym>
	</Synonyms>
</FocusAnnotations>
<QAPairs>
	<QAPair pid="1">
			<Question qid="0000074-1" qtype="information">What is (are) Acute cholecystitis ?</Question>
			<Answer></Answer>
	</QAPair>
	<QAPair pid="2">
			<Question qid="0000074-2" qtype="causes">What causes Acute cholecystitis ?</Question>
			<Answer></Answer>
	</QAPair>
	<QAPair pid="3">
			<Question qid="0000074-3" qtype="symptoms">What are the symptoms of Acute cholecystitis ?</Question>
			<Answer></Answer>
	</QAPair>
	<QAPair pid="4">
			<Question qid="0000074-4" qtype="exams and tests">How to diagnose Acute cholecystitis ?</Question>
			<Answer></Answer>
	</QAPair>
	<QAPair pid="5">
			<Question qid="0000074-5" qtype="treatment">What are the treatments for Acute cholecystitis ?</Question>
			<Answer></Answer>
	</QAPair>
	<QAPair pid="6">
			<Question qid="0000074-6" qtype="outlook">What is the outlook for Acute cholecystitis ?</Question>
			<Answer></Answer>
	</QAPair>
	<QAPair pid="7">
			<Question qid="0000074-7" qtype="complications">What are the complications of Acute cholecystitis ?</Question>
			<Answer></Answer>
	</QAPair>
	<QAPair pid="8">
			<Question qid="0000074-8" qtype="when to contact a medical professional">Do I need to see a doctor for Acute cholecystitis ?</Question>
			<Answer></Answer>
	</QAPair>
	<QAPair pid="9">
			<Question qid="0000074-9" qtype="prevention">How to prevent Acute cholecystitis ?</Question>
			<Answer></Answer>
	</QAPair>
</QAPairs>
</Document>
