<?xml version="1.0" encoding="UTF-8"?>
<Document id="0000221" source="ADAM" url="https://www.nlm.nih.gov/medlineplus/ency/article/001414.htm">
 <!--Answers from the A.D.A.M. medical encyclopedia were removed to comply with the MedlinePlus copyright-->
<Focus>Aneurysm in the brain</Focus>
<FocusAnnotations>
	<Category>Disease</Category>
	<UMLS>
		<CUIs>
			<CUI>C0002940</CUI>
		</CUIs>
		<SemanticTypes>
			<SemanticType>T047</SemanticType>
		</SemanticTypes>
		<SemanticGroup>Disorders</SemanticGroup>
	</UMLS>
	<Synonyms>
		<Synonym>Aneurysm - cerebral</Synonym>
		<Synonym>Cerebral aneurysm</Synonym>
		<Synonym>Aneurysm - intracranial</Synonym>
	</Synonyms>
</FocusAnnotations>
<QAPairs>
	<QAPair pid="1">
			<Question qid="0000221-1" qtype="information">What is (are) Aneurysm in the brain ?</Question>
			<Answer></Answer>
	</QAPair>
	<QAPair pid="2">
			<Question qid="0000221-2" qtype="causes">What causes Aneurysm in the brain ?</Question>
			<Answer></Answer>
	</QAPair>
	<QAPair pid="3">
			<Question qid="0000221-3" qtype="symptoms">What are the symptoms of Aneurysm in the brain ?</Question>
			<Answer></Answer>
	</QAPair>
	<QAPair pid="4">
			<Question qid="0000221-4" qtype="exams and tests">How to diagnose Aneurysm in the brain ?</Question>
			<Answer></Answer>
	</QAPair>
	<QAPair pid="5">
			<Question qid="0000221-5" qtype="treatment">What are the treatments for Aneurysm in the brain ?</Question>
			<Answer></Answer>
	</QAPair>
	<QAPair pid="6">
			<Question qid="0000221-6" qtype="outlook">What is the outlook for Aneurysm in the brain ?</Question>
			<Answer></Answer>
	</QAPair>
	<QAPair pid="7">
			<Question qid="0000221-7" qtype="complications">What are the complications of Aneurysm in the brain ?</Question>
			<Answer></Answer>
	</QAPair>
	<QAPair pid="8">
			<Question qid="0000221-8" qtype="when to contact a medical professional">Do I need to see a doctor for Aneurysm in the brain ?</Question>
			<Answer></Answer>
	</QAPair>
	<QAPair pid="9">
			<Question qid="0000221-9" qtype="prevention">How to prevent Aneurysm in the brain ?</Question>
			<Answer></Answer>
	</QAPair>
</QAPairs>
</Document>
