<?xml version="1.0" encoding="UTF-8"?>
<Document id="0000205" source="ADAM" url="https://www.nlm.nih.gov/medlineplus/ency/article/001130.htm">
 <!--Answers from the A.D.A.M. medical encyclopedia were removed to comply with the MedlinePlus copyright-->
<Focus>Anal fissure</Focus>
<FocusAnnotations>
	<Category>Disease</Category>
	<UMLS>
		<CUIs>
			<CUI>C0016167</CUI>
			<CUI>C2227930</CUI>
		</CUIs>
		<SemanticTypes>
			<SemanticType>T033</SemanticType>
			<SemanticType>T020</SemanticType>
		</SemanticTypes>
		<SemanticGroup>Disorders</SemanticGroup>
	</UMLS>
	<Synonyms>
		<Synonym>Fissure in ano</Synonym>
	</Synonyms>
</FocusAnnotations>
<QAPairs>
	<QAPair pid="1">
			<Question qid="0000205-1" qtype="information">What is (are) Anal fissure ?</Question>
			<Answer></Answer>
	</QAPair>
	<QAPair pid="2">
			<Question qid="0000205-2" qtype="causes">What causes Anal fissure ?</Question>
			<Answer></Answer>
	</QAPair>
	<QAPair pid="3">
			<Question qid="0000205-3" qtype="symptoms">What are the symptoms of Anal fissure ?</Question>
			<Answer></Answer>
	</QAPair>
	<QAPair pid="4">
			<Question qid="0000205-4" qtype="exams and tests">How to diagnose Anal fissure ?</Question>
			<Answer></Answer>
	</QAPair>
	<QAPair pid="5">
			<Question qid="0000205-5" qtype="treatment">What are the treatments for Anal fissure ?</Question>
			<Answer></Answer>
	</QAPair>
	<QAPair pid="6">
			<Question qid="0000205-6" qtype="outlook">What is the outlook for Anal fissure ?</Question>
			<Answer></Answer>
	</QAPair>
</QAPairs>
</Document>
