<?xml version="1.0" encoding="UTF-8"?>
<Document id="0000218" source="ADAM" url="https://www.nlm.nih.gov/medlineplus/ency/patientinstructions/000183.htm">
 <!--Answers from the A.D.A.M. medical encyclopedia were removed to comply with the MedlinePlus copyright-->
<Focus>Anesthesia - what to ask your doctor - adult</Focus>
<FocusAnnotations>
	<Category>Disease</Category>
	<UMLS>
		<CUIs>
			<CUI>C2219802</CUI>
		</CUIs>
		<SemanticTypes>
			<SemanticType>T033</SemanticType>
		</SemanticTypes>
		<SemanticGroup>Disorders</SemanticGroup>
	</UMLS>
	<Synonyms>
		<Synonym>What to ask your doctor about anesthesia - adult</Synonym>
	</Synonyms>
</FocusAnnotations>
<QAPairs>
	<QAPair pid="1">
			<Question qid="0000218-1" qtype="information">What is (are) Anesthesia - what to ask your doctor - adult ?</Question>
			<Answer></Answer>
	</QAPair>
</QAPairs>
</Document>
