<?xml version="1.0" encoding="UTF-8"?>
<Document id="0000253" source="ADAM" url="https://www.nlm.nih.gov/medlineplus/ency/article/000452.htm">
 <!--Answers from the A.D.A.M. medical encyclopedia were removed to comply with the MedlinePlus copyright-->
<Focus>Anterior knee pain</Focus>
<FocusAnnotations>
	<Category>Disease</Category>
	<UMLS>
		<CUIs>
			<CUI>C0409326</CUI>
		</CUIs>
		<SemanticTypes>
			<SemanticType>T184</SemanticType>
		</SemanticTypes>
		<SemanticGroup>Disorders</SemanticGroup>
	</UMLS>
	<Synonyms>
		<Synonym>Patellofemoral syndrome</Synonym>
		<Synonym>Chondromalacia patella</Synonym>
		<Synonym>Runner's knee</Synonym>
		<Synonym>Patellar tendinitis</Synonym>
		<Synonym>Jumper's knee</Synonym>
	</Synonyms>
</FocusAnnotations>
<QAPairs>
	<QAPair pid="1">
			<Question qid="0000253-1" qtype="information">What is (are) Anterior knee pain ?</Question>
			<Answer></Answer>
	</QAPair>
	<QAPair pid="2">
			<Question qid="0000253-2" qtype="causes">What causes Anterior knee pain ?</Question>
			<Answer></Answer>
	</QAPair>
	<QAPair pid="3">
			<Question qid="0000253-3" qtype="symptoms">What are the symptoms of Anterior knee pain ?</Question>
			<Answer></Answer>
	</QAPair>
	<QAPair pid="4">
			<Question qid="0000253-4" qtype="exams and tests">How to diagnose Anterior knee pain ?</Question>
			<Answer></Answer>
	</QAPair>
	<QAPair pid="5">
			<Question qid="0000253-5" qtype="treatment">What are the treatments for Anterior knee pain ?</Question>
			<Answer></Answer>
	</QAPair>
	<QAPair pid="6">
			<Question qid="0000253-6" qtype="outlook">What is the outlook for Anterior knee pain ?</Question>
			<Answer></Answer>
	</QAPair>
	<QAPair pid="7">
			<Question qid="0000253-7" qtype="when to contact a medical professional">Do I need to see a doctor for Anterior knee pain ?</Question>
			<Answer></Answer>
	</QAPair>
</QAPairs>
</Document>
