<?xml version="1.0" encoding="UTF-8"?>
<Document id="0000230" source="ADAM" url="https://www.nlm.nih.gov/medlineplus/ency/article/002953.htm">
 <!--Answers from the A.D.A.M. medical encyclopedia were removed to comply with the MedlinePlus copyright-->
<Focus>Angioplasty and stent placement - carotid artery</Focus>
<FocusAnnotations>
	<Category>Other</Category>
	<Synonyms>
		<Synonym>Carotid angioplasty and stenting</Synonym>
		<Synonym>CAS</Synonym>
		<Synonym>Angioplasty - carotid artery</Synonym>
		<Synonym>Carotid artery stenosis - angioplasty</Synonym>
	</Synonyms>
</FocusAnnotations>
<QAPairs>
	<QAPair pid="1">
			<Question qid="0000230-1" qtype="information">Do you have information about Angioplasty and stent placement - carotid artery</Question>
			<Answer></Answer>
	</QAPair>
</QAPairs>
</Document>
