<?xml version="1.0" encoding="UTF-8"?>
<Document id="0000136" source="ADAM" url="https://www.nlm.nih.gov/medlineplus/ency/article/003473.htm">
 <!--Answers from the A.D.A.M. medical encyclopedia were removed to comply with the MedlinePlus copyright-->
<Focus>Alanine transaminase (ALT) blood test</Focus>
<FocusAnnotations>
	<Category>Other</Category>
	<Synonyms>
		<Synonym>SGPT</Synonym>
		<Synonym>Serum glutamate pyruvate transaminase</Synonym>
		<Synonym>Alanine transaminase</Synonym>
		<Synonym>Alanine aminotransferase</Synonym>
	</Synonyms>
</FocusAnnotations>
<QAPairs>
	<QAPair pid="1">
			<Question qid="0000136-1" qtype="information">Do you have information about Alanine transaminase (ALT) blood test</Question>
			<Answer></Answer>
	</QAPair>
</QAPairs>
</Document>
