<?xml version="1.0" encoding="UTF-8"?>
<Document id="0000350" source="ADAM" url="https://www.nlm.nih.gov/medlineplus/ency/article/000875.htm">
 <!--Answers from the A.D.A.M. medical encyclopedia were removed to comply with the MedlinePlus copyright-->
<Focus>Athlete's foot</Focus>
<FocusAnnotations>
	<Category>Disease</Category>
	<UMLS>
		<CUIs>
			<CUI>C0040259</CUI>
		</CUIs>
		<SemanticTypes>
			<SemanticType>T047</SemanticType>
		</SemanticTypes>
		<SemanticGroup>Disorders</SemanticGroup>
	</UMLS>
	<Synonyms>
		<Synonym>Tinea pedis</Synonym>
		<Synonym>Fungal infection - feet</Synonym>
		<Synonym>Tinea of the foot</Synonym>
		<Synonym>Infection - fungal - feet</Synonym>
		<Synonym>Ringworm - foot</Synonym>
	</Synonyms>
</FocusAnnotations>
<QAPairs>
	<QAPair pid="1">
			<Question qid="0000350-1" qtype="information">What is (are) Athlete's foot ?</Question>
			<Answer></Answer>
	</QAPair>
	<QAPair pid="2">
			<Question qid="0000350-2" qtype="causes">What causes Athlete's foot ?</Question>
			<Answer></Answer>
	</QAPair>
	<QAPair pid="3">
			<Question qid="0000350-3" qtype="symptoms">What are the symptoms of Athlete's foot ?</Question>
			<Answer></Answer>
	</QAPair>
	<QAPair pid="4">
			<Question qid="0000350-4" qtype="exams and tests">How to diagnose Athlete's foot ?</Question>
			<Answer></Answer>
	</QAPair>
	<QAPair pid="5">
			<Question qid="0000350-5" qtype="treatment">What are the treatments for Athlete's foot ?</Question>
			<Answer></Answer>
	</QAPair>
	<QAPair pid="6">
			<Question qid="0000350-6" qtype="outlook">What is the outlook for Athlete's foot ?</Question>
			<Answer></Answer>
	</QAPair>
	<QAPair pid="7">
			<Question qid="0000350-7" qtype="when to contact a medical professional">Do I need to see a doctor for Athlete's foot ?</Question>
			<Answer></Answer>
	</QAPair>
</QAPairs>
</Document>
