<?xml version="1.0" encoding="UTF-8"?>
<Document id="0000290" source="ADAM" url="https://www.nlm.nih.gov/medlineplus/ency/article/007408.htm">
 <!--Answers from the A.D.A.M. medical encyclopedia were removed to comply with the MedlinePlus copyright-->
<Focus>Aortic valve surgery - open</Focus>
<FocusAnnotations>
	<Category>Other</Category>
	<Synonyms>
		<Synonym>Aortic valve replacement</Synonym>
		<Synonym>Aortic valvuloplasty</Synonym>
		<Synonym>Aortic valve repair</Synonym>
		<Synonym>Replacement - aortic valve</Synonym>
		<Synonym>AVR</Synonym>
	</Synonyms>
</FocusAnnotations>
<QAPairs>
	<QAPair pid="1">
			<Question qid="0000290-1" qtype="information">Do you have information about Aortic valve surgery - open</Question>
			<Answer></Answer>
	</QAPair>
</QAPairs>
</Document>
