<?xml version="1.0" encoding="UTF-8"?>
<Document id="0000145" source="ADAM" url="https://www.nlm.nih.gov/medlineplus/ency/article/000714.htm">
 <!--Answers from the A.D.A.M. medical encyclopedia were removed to comply with the MedlinePlus copyright-->
<Focus>Alcoholic neuropathy</Focus>
<FocusAnnotations>
	<Category>Disease</Category>
	<UMLS>
		<CUIs>
			<CUI>C0085677</CUI>
		</CUIs>
		<SemanticTypes>
			<SemanticType>T047</SemanticType>
		</SemanticTypes>
		<SemanticGroup>Disorders</SemanticGroup>
	</UMLS>
	<Synonyms>
		<Synonym>Neuropathy - alcoholic</Synonym>
		<Synonym>Alcoholic polyneuropathy</Synonym>
	</Synonyms>
</FocusAnnotations>
<QAPairs>
	<QAPair pid="1">
			<Question qid="0000145-1" qtype="information">What is (are) Alcoholic neuropathy ?</Question>
			<Answer></Answer>
	</QAPair>
	<QAPair pid="2">
			<Question qid="0000145-2" qtype="causes">What causes Alcoholic neuropathy ?</Question>
			<Answer></Answer>
	</QAPair>
	<QAPair pid="3">
			<Question qid="0000145-3" qtype="symptoms">What are the symptoms of Alcoholic neuropathy ?</Question>
			<Answer></Answer>
	</QAPair>
	<QAPair pid="4">
			<Question qid="0000145-4" qtype="exams and tests">How to diagnose Alcoholic neuropathy ?</Question>
			<Answer></Answer>
	</QAPair>
	<QAPair pid="5">
			<Question qid="0000145-5" qtype="treatment">What are the treatments for Alcoholic neuropathy ?</Question>
			<Answer></Answer>
	</QAPair>
	<QAPair pid="6">
			<Question qid="0000145-6" qtype="outlook">What is the outlook for Alcoholic neuropathy ?</Question>
			<Answer></Answer>
	</QAPair>
	<QAPair pid="7">
			<Question qid="0000145-7" qtype="when to contact a medical professional">Do I need to see a doctor for Alcoholic neuropathy ?</Question>
			<Answer></Answer>
	</QAPair>
	<QAPair pid="8">
			<Question qid="0000145-8" qtype="prevention">How to prevent Alcoholic neuropathy ?</Question>
			<Answer></Answer>
	</QAPair>
</QAPairs>
</Document>
