<?xml version="1.0" encoding="UTF-8"?>
<Document id="0000189" source="ADAM" url="https://www.nlm.nih.gov/medlineplus/ency/article/002572.htm">
 <!--Answers from the A.D.A.M. medical encyclopedia were removed to comply with the MedlinePlus copyright-->
<Focus>Aminophylline overdose</Focus>
<FocusAnnotations>
	<Category>Disease</Category>
	<UMLS>
		<CUIs>
			<CUI>C0573310</CUI>
		</CUIs>
		<SemanticTypes>
			<SemanticType>T037</SemanticType>
		</SemanticTypes>
		<SemanticGroup>Disorders</SemanticGroup>
	</UMLS>
	<Synonyms>
		<Synonym>Theophylline overdose</Synonym>
		<Synonym>Xanthine overdose</Synonym>
	</Synonyms>
</FocusAnnotations>
<QAPairs>
	<QAPair pid="1">
			<Question qid="0000189-1" qtype="information">What is (are) Aminophylline overdose ?</Question>
			<Answer></Answer>
	</QAPair>
	<QAPair pid="4">
			<Question qid="0000189-4" qtype="symptoms">What are the symptoms of Aminophylline overdose ?</Question>
			<Answer></Answer>
	</QAPair>
	<QAPair pid="5">
			<Question qid="0000189-5" qtype="considerations">What to do for Aminophylline overdose ?</Question>
			<Answer></Answer>
	</QAPair>
	<QAPair pid="8">
			<Question qid="0000189-8" qtype="outlook">What is the outlook for Aminophylline overdose ?</Question>
			<Answer></Answer>
	</QAPair>
	<QAPair pid="9">
			<Question qid="0000189-9" qtype="outlook">What is the outlook for Aminophylline overdose ?</Question>
			<Answer></Answer>
	</QAPair>
</QAPairs>
</Document>
