<?xml version="1.0" encoding="UTF-8"?>
<Document id="0000055" source="ADAM" url="https://www.nlm.nih.gov/medlineplus/ency/article/001181.htm">
 <!--Answers from the A.D.A.M. medical encyclopedia were removed to comply with the MedlinePlus copyright-->
<Focus>Acidosis</Focus>
<FocusAnnotations>
	<Category>Disease</Category>
	<UMLS>
		<CUIs>
			<CUI>C0001122</CUI>
			<CUI>C0220981</CUI>
		</CUIs>
		<SemanticTypes>
			<SemanticType>T046</SemanticType>
		</SemanticTypes>
		<SemanticGroup>Disorders</SemanticGroup>
	</UMLS>
</FocusAnnotations>
<QAPairs>
	<QAPair pid="1">
			<Question qid="0000055-1" qtype="information">What is (are) Acidosis ?</Question>
			<Answer></Answer>
	</QAPair>
	<QAPair pid="2">
			<Question qid="0000055-2" qtype="causes">What causes Acidosis ?</Question>
			<Answer></Answer>
	</QAPair>
	<QAPair pid="3">
			<Question qid="0000055-3" qtype="symptoms">What are the symptoms of Acidosis ?</Question>
			<Answer></Answer>
	</QAPair>
	<QAPair pid="4">
			<Question qid="0000055-4" qtype="exams and tests">How to diagnose Acidosis ?</Question>
			<Answer></Answer>
	</QAPair>
	<QAPair pid="5">
			<Question qid="0000055-5" qtype="treatment">What are the treatments for Acidosis ?</Question>
			<Answer></Answer>
	</QAPair>
	<QAPair pid="6">
			<Question qid="0000055-6" qtype="outlook">What is the outlook for Acidosis ?</Question>
			<Answer></Answer>
	</QAPair>
	<QAPair pid="7">
			<Question qid="0000055-7" qtype="complications">What are the complications of Acidosis ?</Question>
			<Answer></Answer>
	</QAPair>
	<QAPair pid="8">
			<Question qid="0000055-8" qtype="when to contact a medical professional">Do I need to see a doctor for Acidosis ?</Question>
			<Answer></Answer>
	</QAPair>
	<QAPair pid="9">
			<Question qid="0000055-9" qtype="prevention">How to prevent Acidosis ?</Question>
			<Answer></Answer>
	</QAPair>
</QAPairs>
</Document>
