<?xml version="1.0" encoding="UTF-8"?>
<Document id="0000281" source="ADAM" url="https://www.nlm.nih.gov/medlineplus/ency/article/003556.htm">
 <!--Answers from the A.D.A.M. medical encyclopedia were removed to comply with the MedlinePlus copyright-->
<Focus>Antithyroid microsomal antibody</Focus>
<FocusAnnotations>
	<Category>Other</Category>
	<Synonyms>
		<Synonym>Thyroid antimicrosomal antibody</Synonym>
		<Synonym>Antimicrosomal antibody</Synonym>
		<Synonym>Microsomal antibody</Synonym>
		<Synonym>Thyroid peroxidase antibody</Synonym>
		<Synonym>TPOAb</Synonym>
	</Synonyms>
</FocusAnnotations>
<QAPairs>
	<QAPair pid="1">
			<Question qid="0000281-1" qtype="information">Do you have information about Antithyroid microsomal antibody</Question>
			<Answer></Answer>
	</QAPair>
</QAPairs>
</Document>
