<?xml version="1.0" encoding="UTF-8"?>
<Document id="0000041" source="ADAM" url="https://www.nlm.nih.gov/medlineplus/ency/article/002598.htm">
 <!--Answers from the A.D.A.M. medical encyclopedia were removed to comply with the MedlinePlus copyright-->
<Focus>Acetaminophen overdose</Focus>
<FocusAnnotations>
	<Category>Disease</Category>
	<UMLS>
		<CUIs>
			<CUI>C0572025</CUI>
		</CUIs>
		<SemanticTypes>
			<SemanticType>T037</SemanticType>
		</SemanticTypes>
		<SemanticGroup>Disorders</SemanticGroup>
	</UMLS>
	<Synonyms>
		<Synonym>Tylenol overdose</Synonym>
		<Synonym>Paracetamol overdose</Synonym>
	</Synonyms>
</FocusAnnotations>
<QAPairs>
	<QAPair pid="1">
			<Question qid="0000041-1" qtype="information">What is (are) Acetaminophen overdose ?</Question>
			<Answer></Answer>
	</QAPair>
	<QAPair pid="3">
			<Question qid="0000041-3" qtype="symptoms">What are the symptoms of Acetaminophen overdose ?</Question>
			<Answer></Answer>
	</QAPair>
	<QAPair pid="4">
			<Question qid="0000041-4" qtype="considerations">What to do for Acetaminophen overdose ?</Question>
			<Answer></Answer>
	</QAPair>
	<QAPair pid="7">
			<Question qid="0000041-7" qtype="outlook">What is the outlook for Acetaminophen overdose ?</Question>
			<Answer></Answer>
	</QAPair>
	<QAPair pid="8">
			<Question qid="0000041-8" qtype="outlook">What is the outlook for Acetaminophen overdose ?</Question>
			<Answer></Answer>
	</QAPair>
</QAPairs>
</Document>
