<?xml version="1.0" encoding="UTF-8"?>
<Document id="0000052" source="ADAM" url="https://www.nlm.nih.gov/medlineplus/ency/article/003368.htm">
 <!--Answers from the A.D.A.M. medical encyclopedia were removed to comply with the MedlinePlus copyright-->
<Focus>Acid mucopolysaccharides</Focus>
<FocusAnnotations>
	<Category>Other</Category>
	<Synonyms>
		<Synonym>AMP</Synonym>
		<Synonym>Dermatan sulfate - urine</Synonym>
		<Synonym>Urine heparan sulfate</Synonym>
		<Synonym>Urine dermatan sulfate</Synonym>
		<Synonym>Heparan sulfate - urine</Synonym>
	</Synonyms>
</FocusAnnotations>
<QAPairs>
	<QAPair pid="1">
			<Question qid="0000052-1" qtype="information">Do you have information about Acid mucopolysaccharides</Question>
			<Answer></Answer>
	</QAPair>
</QAPairs>
</Document>
