<?xml version="1.0" encoding="UTF-8"?>
<Document id="0000144" source="ADAM" url="https://www.nlm.nih.gov/medlineplus/ency/article/000281.htm">
 <!--Answers from the A.D.A.M. medical encyclopedia were removed to comply with the MedlinePlus copyright-->
<Focus>Alcoholic liver disease</Focus>
<FocusAnnotations>
	<Category>Disease</Category>
	<UMLS>
		<CUIs>
			<CUI>C0023896</CUI>
		</CUIs>
		<SemanticTypes>
			<SemanticType>T047</SemanticType>
		</SemanticTypes>
		<SemanticGroup>Disorders</SemanticGroup>
	</UMLS>
	<Synonyms>
		<Synonym>Liver disease due to alcohol</Synonym>
		<Synonym>Cirrhosis or hepatitis - alcoholic</Synonym>
		<Synonym>Laennec's cirrhosis</Synonym>
	</Synonyms>
</FocusAnnotations>
<QAPairs>
	<QAPair pid="1">
			<Question qid="0000144-1" qtype="information">What is (are) Alcoholic liver disease ?</Question>
			<Answer></Answer>
	</QAPair>
	<QAPair pid="2">
			<Question qid="0000144-2" qtype="causes">What causes Alcoholic liver disease ?</Question>
			<Answer></Answer>
	</QAPair>
	<QAPair pid="3">
			<Question qid="0000144-3" qtype="symptoms">What are the symptoms of Alcoholic liver disease ?</Question>
			<Answer></Answer>
	</QAPair>
	<QAPair pid="4">
			<Question qid="0000144-4" qtype="exams and tests">How to diagnose Alcoholic liver disease ?</Question>
			<Answer></Answer>
	</QAPair>
	<QAPair pid="5">
			<Question qid="0000144-5" qtype="treatment">What are the treatments for Alcoholic liver disease ?</Question>
			<Answer></Answer>
	</QAPair>
	<QAPair pid="6">
			<Question qid="0000144-6" qtype="support groups">Where to find support for people with Alcoholic liver disease ?</Question>
			<Answer></Answer>
	</QAPair>
	<QAPair pid="7">
			<Question qid="0000144-7" qtype="outlook">What is the outlook for Alcoholic liver disease ?</Question>
			<Answer></Answer>
	</QAPair>
	<QAPair pid="8">
			<Question qid="0000144-8" qtype="complications">What are the complications of Alcoholic liver disease ?</Question>
			<Answer></Answer>
	</QAPair>
	<QAPair pid="9">
			<Question qid="0000144-9" qtype="when to contact a medical professional">Do I need to see a doctor for Alcoholic liver disease ?</Question>
			<Answer></Answer>
	</QAPair>
	<QAPair pid="10">
			<Question qid="0000144-10" qtype="prevention">How to prevent Alcoholic liver disease ?</Question>
			<Answer></Answer>
	</QAPair>
</QAPairs>
</Document>
