<?xml version="1.0" encoding="UTF-8"?>
<Document id="0000175" source="ADAM" url="https://www.nlm.nih.gov/medlineplus/ency/article/002064.htm">
 <!--Answers from the A.D.A.M. medical encyclopedia were removed to comply with the MedlinePlus copyright-->
<Focus>Alternative medicine - pain relief</Focus>
<FocusAnnotations>
	<Category>Other</Category>
	<Synonyms>
		<Synonym>Acupuncture - pain relief</Synonym>
		<Synonym>Hypnosis - pain relief</Synonym>
		<Synonym>Guided imagery</Synonym>
	</Synonyms>
</FocusAnnotations>
<QAPairs>
	<QAPair pid="1">
			<Question qid="0000175-1" qtype="information">Do you have information about Alternative medicine - pain relief</Question>
			<Answer></Answer>
	</QAPair>
</QAPairs>
</Document>
