<?xml version="1.0" encoding="UTF-8"?>
<Document id="0000285" source="ADAM" url="https://www.nlm.nih.gov/medlineplus/ency/article/001123.htm">
 <!--Answers from the A.D.A.M. medical encyclopedia were removed to comply with the MedlinePlus copyright-->
<Focus>Aortic arch syndrome</Focus>
<FocusAnnotations>
	<Category>Disease</Category>
	<UMLS>
		<CUIs>
			<CUI>C0003490</CUI>
			<CUI>C0039263</CUI>
		</CUIs>
		<SemanticTypes>
			<SemanticType>T047</SemanticType>
		</SemanticTypes>
		<SemanticGroup>Disorders</SemanticGroup>
	</UMLS>
	<Synonyms>
		<Synonym>Subclavian artery occlusive syndrome</Synonym>
		<Synonym>Carotid artery occlusion syndrome</Synonym>
		<Synonym>Subclavian steal syndrome</Synonym>
		<Synonym>Vertebral-basilar artery occlusive syndrome</Synonym>
		<Synonym>Takayasu disease</Synonym>
		<Synonym>Pulseless disease</Synonym>
	</Synonyms>
</FocusAnnotations>
<QAPairs>
	<QAPair pid="1">
			<Question qid="0000285-1" qtype="information">What is (are) Aortic arch syndrome ?</Question>
			<Answer></Answer>
	</QAPair>
	<QAPair pid="2">
			<Question qid="0000285-2" qtype="causes">What causes Aortic arch syndrome ?</Question>
			<Answer></Answer>
	</QAPair>
	<QAPair pid="3">
			<Question qid="0000285-3" qtype="symptoms">What are the symptoms of Aortic arch syndrome ?</Question>
			<Answer></Answer>
	</QAPair>
	<QAPair pid="4">
			<Question qid="0000285-4" qtype="treatment">What are the treatments for Aortic arch syndrome ?</Question>
			<Answer></Answer>
	</QAPair>
</QAPairs>
</Document>
