<?xml version="1.0" encoding="UTF-8"?>
<Document id="0000209" source="ADAM" url="https://www.nlm.nih.gov/medlineplus/ency/article/000352.htm">
 <!--Answers from the A.D.A.M. medical encyclopedia were removed to comply with the MedlinePlus copyright-->
<Focus>Anaplastic thyroid cancer</Focus>
<FocusAnnotations>
	<Category>Disease</Category>
	<UMLS>
		<CUIs>
			<CUI>C0238461</CUI>
		</CUIs>
		<SemanticTypes>
			<SemanticType>T191</SemanticType>
		</SemanticTypes>
		<SemanticGroup>Disorders</SemanticGroup>
	</UMLS>
	<Synonyms>
		<Synonym>Anaplastic carcinoma of the thyroid</Synonym>
	</Synonyms>
</FocusAnnotations>
<QAPairs>
	<QAPair pid="1">
			<Question qid="0000209-1" qtype="information">What is (are) Anaplastic thyroid cancer ?</Question>
			<Answer></Answer>
	</QAPair>
	<QAPair pid="2">
			<Question qid="0000209-2" qtype="causes">What causes Anaplastic thyroid cancer ?</Question>
			<Answer></Answer>
	</QAPair>
	<QAPair pid="3">
			<Question qid="0000209-3" qtype="symptoms">What are the symptoms of Anaplastic thyroid cancer ?</Question>
			<Answer></Answer>
	</QAPair>
	<QAPair pid="4">
			<Question qid="0000209-4" qtype="exams and tests">How to diagnose Anaplastic thyroid cancer ?</Question>
			<Answer></Answer>
	</QAPair>
	<QAPair pid="5">
			<Question qid="0000209-5" qtype="treatment">What are the treatments for Anaplastic thyroid cancer ?</Question>
			<Answer></Answer>
	</QAPair>
	<QAPair pid="6">
			<Question qid="0000209-6" qtype="support groups">Where to find support for people with Anaplastic thyroid cancer ?</Question>
			<Answer></Answer>
	</QAPair>
	<QAPair pid="7">
			<Question qid="0000209-7" qtype="outlook">What is the outlook for Anaplastic thyroid cancer ?</Question>
			<Answer></Answer>
	</QAPair>
	<QAPair pid="8">
			<Question qid="0000209-8" qtype="complications">What are the complications of Anaplastic thyroid cancer ?</Question>
			<Answer></Answer>
	</QAPair>
	<QAPair pid="9">
			<Question qid="0000209-9" qtype="when to contact a medical professional">Do I need to see a doctor for Anaplastic thyroid cancer ?</Question>
			<Answer></Answer>
	</QAPair>
</QAPairs>
</Document>
