<?xml version="1.0" encoding="UTF-8"?>
<Document id="0000165" source="ADAM" url="https://www.nlm.nih.gov/medlineplus/ency/article/002709.htm">
 <!--Answers from the A.D.A.M. medical encyclopedia were removed to comply with the MedlinePlus copyright-->
<Focus>Aloe</Focus>
<FocusAnnotations>
	<Category>Other</Category>
	<Synonyms>
		<Synonym>Skin and sunburn treatments</Synonym>
	</Synonyms>
</FocusAnnotations>
<QAPairs>
	<QAPair pid="1">
			<Question qid="0000165-1" qtype="information">Do you have information about Aloe</Question>
			<Answer></Answer>
	</QAPair>
</QAPairs>
</Document>
