<?xml version="1.0" encoding="UTF-8"?>
<Document id="0000078" source="ADAM" url="https://www.nlm.nih.gov/medlineplus/ency/article/000541.htm">
 <!--Answers from the A.D.A.M. medical encyclopedia were removed to comply with the MedlinePlus copyright-->
<Focus>Acute lymphoblastic leukemia (ALL)</Focus>
<FocusAnnotations>
	<Category>Disease</Category>
	<UMLS>
		<CUIs>
			<CUI>C1961102</CUI>
			<CUI>C0023449</CUI>
		</CUIs>
		<SemanticTypes>
			<SemanticType>T191</SemanticType>
		</SemanticTypes>
		<SemanticGroup>Disorders</SemanticGroup>
	</UMLS>
	<Synonyms>
		<Synonym>ALL</Synonym>
		<Synonym>Acute lymphoblastic leukemia</Synonym>
		<Synonym>Acute lymphoid leukemia</Synonym>
		<Synonym>Acute childhood leukemia</Synonym>
		<Synonym>Cancer - acute childhood leukemia (ALL)</Synonym>
		<Synonym>Leukemia - acute childhood (ALL)</Synonym>
	</Synonyms>
</FocusAnnotations>
<QAPairs>
	<QAPair pid="1">
			<Question qid="0000078-1" qtype="information">What is (are) Acute lymphoblastic leukemia (ALL) ?</Question>
			<Answer></Answer>
	</QAPair>
	<QAPair pid="2">
			<Question qid="0000078-2" qtype="causes">What causes Acute lymphoblastic leukemia (ALL) ?</Question>
			<Answer></Answer>
	</QAPair>
	<QAPair pid="3">
			<Question qid="0000078-3" qtype="symptoms">What are the symptoms of Acute lymphoblastic leukemia (ALL) ?</Question>
			<Answer></Answer>
	</QAPair>
	<QAPair pid="4">
			<Question qid="0000078-4" qtype="exams and tests">How to diagnose Acute lymphoblastic leukemia (ALL) ?</Question>
			<Answer></Answer>
	</QAPair>
	<QAPair pid="5">
			<Question qid="0000078-5" qtype="treatment">What are the treatments for Acute lymphoblastic leukemia (ALL) ?</Question>
			<Answer></Answer>
	</QAPair>
	<QAPair pid="6">
			<Question qid="0000078-6" qtype="support groups">Where to find support for people with Acute lymphoblastic leukemia (ALL) ?</Question>
			<Answer></Answer>
	</QAPair>
	<QAPair pid="7">
			<Question qid="0000078-7" qtype="outlook">What is the outlook for Acute lymphoblastic leukemia (ALL) ?</Question>
			<Answer></Answer>
	</QAPair>
	<QAPair pid="8">
			<Question qid="0000078-8" qtype="complications">What are the complications of Acute lymphoblastic leukemia (ALL) ?</Question>
			<Answer></Answer>
	</QAPair>
	<QAPair pid="9">
			<Question qid="0000078-9" qtype="when to contact a medical professional">Do I need to see a doctor for Acute lymphoblastic leukemia (ALL) ?</Question>
			<Answer></Answer>
	</QAPair>
	<QAPair pid="10">
			<Question qid="0000078-10" qtype="prevention">How to prevent Acute lymphoblastic leukemia (ALL) ?</Question>
			<Answer></Answer>
	</QAPair>
</QAPairs>
</Document>
