<?xml version="1.0" encoding="UTF-8"?>
<Document id="0000305" source="ADAM" url="https://www.nlm.nih.gov/medlineplus/ency/article/007472.htm">
 <!--Answers from the A.D.A.M. medical encyclopedia were removed to comply with the MedlinePlus copyright-->
<Focus>Apraxia</Focus>
<FocusAnnotations>
	<Category>Disease</Category>
	<UMLS>
		<CUIs>
			<CUI>C0003635</CUI>
		</CUIs>
		<SemanticTypes>
			<SemanticType>T048</SemanticType>
		</SemanticTypes>
		<SemanticGroup>Disorders</SemanticGroup>
	</UMLS>
	<Synonyms>
		<Synonym>Verbal apraxia</Synonym>
		<Synonym>Dyspraxia</Synonym>
		<Synonym>Speech disorder - apraxia</Synonym>
		<Synonym>Childhood apraxia of speech</Synonym>
		<Synonym>Apraxia of speech</Synonym>
		<Synonym>Acquired apraxia</Synonym>
	</Synonyms>
</FocusAnnotations>
<QAPairs>
	<QAPair pid="1">
			<Question qid="0000305-1" qtype="information">What is (are) Apraxia ?</Question>
			<Answer></Answer>
	</QAPair>
	<QAPair pid="2">
			<Question qid="0000305-2" qtype="causes">What causes Apraxia ?</Question>
			<Answer></Answer>
	</QAPair>
	<QAPair pid="3">
			<Question qid="0000305-3" qtype="symptoms">What are the symptoms of Apraxia ?</Question>
			<Answer></Answer>
	</QAPair>
	<QAPair pid="4">
			<Question qid="0000305-4" qtype="exams and tests">How to diagnose Apraxia ?</Question>
			<Answer></Answer>
	</QAPair>
	<QAPair pid="5">
			<Question qid="0000305-5" qtype="treatment">What are the treatments for Apraxia ?</Question>
			<Answer></Answer>
	</QAPair>
	<QAPair pid="6">
			<Question qid="0000305-6" qtype="outlook">What is the outlook for Apraxia ?</Question>
			<Answer></Answer>
	</QAPair>
	<QAPair pid="7">
			<Question qid="0000305-7" qtype="complications">What are the complications of Apraxia ?</Question>
			<Answer></Answer>
	</QAPair>
	<QAPair pid="8">
			<Question qid="0000305-8" qtype="when to contact a medical professional">Do I need to see a doctor for Apraxia ?</Question>
			<Answer></Answer>
	</QAPair>
	<QAPair pid="9">
			<Question qid="0000305-9" qtype="prevention">How to prevent Apraxia ?</Question>
			<Answer></Answer>
	</QAPair>
</QAPairs>
</Document>
