<?xml version="1.0" encoding="UTF-8"?>
<Document id="0000246" source="ADAM" url="https://www.nlm.nih.gov/medlineplus/ency/article/001185.htm">
 <!--Answers from the A.D.A.M. medical encyclopedia were removed to comply with the MedlinePlus copyright-->
<Focus>Anorchia</Focus>
<FocusAnnotations>
	<Category>Disease</Category>
	<UMLS>
		<CUIs>
			<CUI>C1261504</CUI>
		</CUIs>
		<SemanticTypes>
			<SemanticType>T019</SemanticType>
		</SemanticTypes>
		<SemanticGroup>Disorders</SemanticGroup>
	</UMLS>
	<Synonyms>
		<Synonym>Vanishing testes - anorchia</Synonym>
		<Synonym>Empty scrotum - anorchia</Synonym>
		<Synonym>Scrotum - empty (anorchia)</Synonym>
	</Synonyms>
</FocusAnnotations>
<QAPairs>
	<QAPair pid="1">
			<Question qid="0000246-1" qtype="information">What is (are) Anorchia ?</Question>
			<Answer></Answer>
	</QAPair>
	<QAPair pid="2">
			<Question qid="0000246-2" qtype="causes">What causes Anorchia ?</Question>
			<Answer></Answer>
	</QAPair>
	<QAPair pid="3">
			<Question qid="0000246-3" qtype="symptoms">What are the symptoms of Anorchia ?</Question>
			<Answer></Answer>
	</QAPair>
	<QAPair pid="4">
			<Question qid="0000246-4" qtype="exams and tests">How to diagnose Anorchia ?</Question>
			<Answer></Answer>
	</QAPair>
	<QAPair pid="5">
			<Question qid="0000246-5" qtype="treatment">What are the treatments for Anorchia ?</Question>
			<Answer></Answer>
	</QAPair>
	<QAPair pid="6">
			<Question qid="0000246-6" qtype="outlook">What is the outlook for Anorchia ?</Question>
			<Answer></Answer>
	</QAPair>
	<QAPair pid="7">
			<Question qid="0000246-7" qtype="complications">What are the complications of Anorchia ?</Question>
			<Answer></Answer>
	</QAPair>
	<QAPair pid="8">
			<Question qid="0000246-8" qtype="when to contact a medical professional">Do I need to see a doctor for Anorchia ?</Question>
			<Answer></Answer>
	</QAPair>
</QAPairs>
</Document>
