<?xml version="1.0" encoding="UTF-8"?>
<Document id="0000418" source="ADAM" url="https://www.nlm.nih.gov/medlineplus/ency/article/000773.htm">
 <!--Answers from the A.D.A.M. medical encyclopedia were removed to comply with the MedlinePlus copyright-->
<Focus>Bell's palsy</Focus>
<FocusAnnotations>
	<Category>Disease</Category>
	<UMLS>
		<CUIs>
			<CUI>C0376175</CUI>
			<CUI>C0015469</CUI>
		</CUIs>
		<SemanticTypes>
			<SemanticType>T047</SemanticType>
		</SemanticTypes>
		<SemanticGroup>Disorders</SemanticGroup>
	</UMLS>
	<Synonyms>
		<Synonym>Facial palsy</Synonym>
		<Synonym>Idiopathic peripheral facial palsy</Synonym>
		<Synonym>Cranial mononeuropathy</Synonym>
	</Synonyms>
</FocusAnnotations>
<QAPairs>
	<QAPair pid="1">
			<Question qid="0000418-1" qtype="information">What is (are) Bell's palsy ?</Question>
			<Answer></Answer>
	</QAPair>
	<QAPair pid="2">
			<Question qid="0000418-2" qtype="causes">What causes Bell's palsy ?</Question>
			<Answer></Answer>
	</QAPair>
	<QAPair pid="3">
			<Question qid="0000418-3" qtype="symptoms">What are the symptoms of Bell's palsy ?</Question>
			<Answer></Answer>
	</QAPair>
	<QAPair pid="4">
			<Question qid="0000418-4" qtype="exams and tests">How to diagnose Bell's palsy ?</Question>
			<Answer></Answer>
	</QAPair>
	<QAPair pid="5">
			<Question qid="0000418-5" qtype="treatment">What are the treatments for Bell's palsy ?</Question>
			<Answer></Answer>
	</QAPair>
	<QAPair pid="6">
			<Question qid="0000418-6" qtype="outlook">What is the outlook for Bell's palsy ?</Question>
			<Answer></Answer>
	</QAPair>
	<QAPair pid="7">
			<Question qid="0000418-7" qtype="complications">What are the complications of Bell's palsy ?</Question>
			<Answer></Answer>
	</QAPair>
	<QAPair pid="8">
			<Question qid="0000418-8" qtype="when to contact a medical professional">Do I need to see a doctor for Bell's palsy ?</Question>
			<Answer></Answer>
	</QAPair>
	<QAPair pid="9">
			<Question qid="0000418-9" qtype="prevention">How to prevent Bell's palsy ?</Question>
			<Answer></Answer>
	</QAPair>
</QAPairs>
</Document>
