<?xml version="1.0" encoding="UTF-8"?>
<Document id="0000370" source="ADAM" url="https://www.nlm.nih.gov/medlineplus/ency/article/001431.htm">
 <!--Answers from the A.D.A.M. medical encyclopedia were removed to comply with the MedlinePlus copyright-->
<Focus>Autonomic hyperreflexia</Focus>
<FocusAnnotations>
	<Category>Disease</Category>
	<UMLS>
		<CUIs>
			<CUI>C0238015</CUI>
		</CUIs>
		<SemanticTypes>
			<SemanticType>T047</SemanticType>
		</SemanticTypes>
		<SemanticGroup>Disorders</SemanticGroup>
	</UMLS>
</FocusAnnotations>
<QAPairs>
	<QAPair pid="1">
			<Question qid="0000370-1" qtype="information">What is (are) Autonomic hyperreflexia ?</Question>
			<Answer></Answer>
	</QAPair>
	<QAPair pid="2">
			<Question qid="0000370-2" qtype="causes">What causes Autonomic hyperreflexia ?</Question>
			<Answer></Answer>
	</QAPair>
	<QAPair pid="3">
			<Question qid="0000370-3" qtype="symptoms">What are the symptoms of Autonomic hyperreflexia ?</Question>
			<Answer></Answer>
	</QAPair>
	<QAPair pid="4">
			<Question qid="0000370-4" qtype="exams and tests">How to diagnose Autonomic hyperreflexia ?</Question>
			<Answer></Answer>
	</QAPair>
	<QAPair pid="5">
			<Question qid="0000370-5" qtype="treatment">What are the treatments for Autonomic hyperreflexia ?</Question>
			<Answer></Answer>
	</QAPair>
	<QAPair pid="6">
			<Question qid="0000370-6" qtype="outlook">What is the outlook for Autonomic hyperreflexia ?</Question>
			<Answer></Answer>
	</QAPair>
	<QAPair pid="7">
			<Question qid="0000370-7" qtype="complications">What are the complications of Autonomic hyperreflexia ?</Question>
			<Answer></Answer>
	</QAPair>
	<QAPair pid="8">
			<Question qid="0000370-8" qtype="when to contact a medical professional">Do I need to see a doctor for Autonomic hyperreflexia ?</Question>
			<Answer></Answer>
	</QAPair>
	<QAPair pid="9">
			<Question qid="0000370-9" qtype="prevention">How to prevent Autonomic hyperreflexia ?</Question>
			<Answer></Answer>
	</QAPair>
</QAPairs>
</Document>
