<?xml version="1.0" encoding="UTF-8"?>
<Document id="0000212" source="ADAM" url="https://www.nlm.nih.gov/medlineplus/ency/article/000560.htm">
 <!--Answers from the A.D.A.M. medical encyclopedia were removed to comply with the MedlinePlus copyright-->
<Focus>Anemia</Focus>
<FocusAnnotations>
	<Category>Disease</Category>
	<UMLS>
		<CUIs>
			<CUI>C0002871</CUI>
		</CUIs>
		<SemanticTypes>
			<SemanticType>T047</SemanticType>
		</SemanticTypes>
		<SemanticGroup>Disorders</SemanticGroup>
	</UMLS>
</FocusAnnotations>
<QAPairs>
	<QAPair pid="1">
			<Question qid="0000212-1" qtype="information">What is (are) Anemia ?</Question>
			<Answer></Answer>
	</QAPair>
	<QAPair pid="2">
			<Question qid="0000212-2" qtype="causes">What causes Anemia ?</Question>
			<Answer></Answer>
	</QAPair>
	<QAPair pid="3">
			<Question qid="0000212-3" qtype="symptoms">What are the symptoms of Anemia ?</Question>
			<Answer></Answer>
	</QAPair>
	<QAPair pid="4">
			<Question qid="0000212-4" qtype="exams and tests">How to diagnose Anemia ?</Question>
			<Answer></Answer>
	</QAPair>
	<QAPair pid="5">
			<Question qid="0000212-5" qtype="treatment">What are the treatments for Anemia ?</Question>
			<Answer></Answer>
	</QAPair>
	<QAPair pid="6">
			<Question qid="0000212-6" qtype="complications">What are the complications of Anemia ?</Question>
			<Answer></Answer>
	</QAPair>
	<QAPair pid="7">
			<Question qid="0000212-7" qtype="when to contact a medical professional">Do I need to see a doctor for Anemia ?</Question>
			<Answer></Answer>
	</QAPair>
</QAPairs>
</Document>
