<?xml version="1.0" encoding="UTF-8"?>
<Document id="0000077" source="ADAM" url="https://www.nlm.nih.gov/medlineplus/ency/article/000501.htm">
 <!--Answers from the A.D.A.M. medical encyclopedia were removed to comply with the MedlinePlus copyright-->
<Focus>Acute kidney failure</Focus>
<FocusAnnotations>
	<Category>Disease</Category>
	<UMLS>
		<CUIs>
			<CUI>C0022660</CUI>
		</CUIs>
		<SemanticTypes>
			<SemanticType>T047</SemanticType>
		</SemanticTypes>
		<SemanticGroup>Disorders</SemanticGroup>
	</UMLS>
	<Synonyms>
		<Synonym>Kidney failure</Synonym>
		<Synonym>Renal failure</Synonym>
		<Synonym>Renal failure - acute</Synonym>
		<Synonym>ARF</Synonym>
		<Synonym>Kidney injury - acute</Synonym>
	</Synonyms>
</FocusAnnotations>
<QAPairs>
	<QAPair pid="1">
			<Question qid="0000077-1" qtype="information">What is (are) Acute kidney failure ?</Question>
			<Answer></Answer>
	</QAPair>
	<QAPair pid="2">
			<Question qid="0000077-2" qtype="causes">What causes Acute kidney failure ?</Question>
			<Answer></Answer>
	</QAPair>
	<QAPair pid="3">
			<Question qid="0000077-3" qtype="symptoms">What are the symptoms of Acute kidney failure ?</Question>
			<Answer></Answer>
	</QAPair>
	<QAPair pid="4">
			<Question qid="0000077-4" qtype="exams and tests">How to diagnose Acute kidney failure ?</Question>
			<Answer></Answer>
	</QAPair>
	<QAPair pid="5">
			<Question qid="0000077-5" qtype="treatment">What are the treatments for Acute kidney failure ?</Question>
			<Answer></Answer>
	</QAPair>
	<QAPair pid="6">
			<Question qid="0000077-6" qtype="when to contact a medical professional">Do I need to see a doctor for Acute kidney failure ?</Question>
			<Answer></Answer>
	</QAPair>
	<QAPair pid="7">
			<Question qid="0000077-7" qtype="prevention">How to prevent Acute kidney failure ?</Question>
			<Answer></Answer>
	</QAPair>
</QAPairs>
</Document>
