<?xml version="1.0" encoding="UTF-8"?>
<Document id="0000366" source="ADAM" url="https://www.nlm.nih.gov/medlineplus/ency/article/000245.htm">
 <!--Answers from the A.D.A.M. medical encyclopedia were removed to comply with the MedlinePlus copyright-->
<Focus>Autoimmune hepatitis</Focus>
<FocusAnnotations>
	<Category>Disease</Category>
	<UMLS>
		<CUIs>
			<CUI>C0241910</CUI>
		</CUIs>
		<SemanticTypes>
			<SemanticType>T047</SemanticType>
		</SemanticTypes>
		<SemanticGroup>Disorders</SemanticGroup>
	</UMLS>
	<Synonyms>
		<Synonym>Lupoid hepatitis</Synonym>
		<Synonym>Chronic acute liver disease</Synonym>
	</Synonyms>
</FocusAnnotations>
<QAPairs>
	<QAPair pid="1">
			<Question qid="0000366-1" qtype="information">What is (are) Autoimmune hepatitis ?</Question>
			<Answer></Answer>
	</QAPair>
	<QAPair pid="2">
			<Question qid="0000366-2" qtype="causes">What causes Autoimmune hepatitis ?</Question>
			<Answer></Answer>
	</QAPair>
	<QAPair pid="3">
			<Question qid="0000366-3" qtype="symptoms">What are the symptoms of Autoimmune hepatitis ?</Question>
			<Answer></Answer>
	</QAPair>
	<QAPair pid="4">
			<Question qid="0000366-4" qtype="exams and tests">How to diagnose Autoimmune hepatitis ?</Question>
			<Answer></Answer>
	</QAPair>
	<QAPair pid="5">
			<Question qid="0000366-5" qtype="treatment">What are the treatments for Autoimmune hepatitis ?</Question>
			<Answer></Answer>
	</QAPair>
	<QAPair pid="6">
			<Question qid="0000366-6" qtype="outlook">What is the outlook for Autoimmune hepatitis ?</Question>
			<Answer></Answer>
	</QAPair>
	<QAPair pid="7">
			<Question qid="0000366-7" qtype="complications">What are the complications of Autoimmune hepatitis ?</Question>
			<Answer></Answer>
	</QAPair>
	<QAPair pid="8">
			<Question qid="0000366-8" qtype="when to contact a medical professional">Do I need to see a doctor for Autoimmune hepatitis ?</Question>
			<Answer></Answer>
	</QAPair>
	<QAPair pid="9">
			<Question qid="0000366-9" qtype="prevention">How to prevent Autoimmune hepatitis ?</Question>
			<Answer></Answer>
	</QAPair>
</QAPairs>
</Document>
