<?xml version="1.0" encoding="UTF-8"?>
<Document id="0000215" source="ADAM" url="https://www.nlm.nih.gov/medlineplus/ency/article/007618.htm">
 <!--Answers from the A.D.A.M. medical encyclopedia were removed to comply with the MedlinePlus copyright-->
<Focus>Anemia caused by low iron - infants and toddlers</Focus>
<FocusAnnotations>
	<Category>Disease</Category>
	<UMLS>
		<CUIs>
			<CUI>C0002871</CUI>
			<CUI>C0860975</CUI>
		</CUIs>
		<SemanticTypes>
			<SemanticType>T047</SemanticType>
			<SemanticType>T033</SemanticType>
		</SemanticTypes>
		<SemanticGroup>Disorders</SemanticGroup>
	</UMLS>
	<Synonyms>
		<Synonym>Anemia - iron deficiency- infants and toddlers</Synonym>
	</Synonyms>
</FocusAnnotations>
<QAPairs>
	<QAPair pid="1">
			<Question qid="0000215-1" qtype="information">What is (are) Anemia caused by low iron - infants and toddlers ?</Question>
			<Answer></Answer>
	</QAPair>
	<QAPair pid="2">
			<Question qid="0000215-2" qtype="causes">What causes Anemia caused by low iron - infants and toddlers ?</Question>
			<Answer></Answer>
	</QAPair>
	<QAPair pid="3">
			<Question qid="0000215-3" qtype="symptoms">What are the symptoms of Anemia caused by low iron - infants and toddlers ?</Question>
			<Answer></Answer>
	</QAPair>
	<QAPair pid="4">
			<Question qid="0000215-4" qtype="exams and tests">How to diagnose Anemia caused by low iron - infants and toddlers ?</Question>
			<Answer></Answer>
	</QAPair>
	<QAPair pid="5">
			<Question qid="0000215-5" qtype="treatment">What are the treatments for Anemia caused by low iron - infants and toddlers ?</Question>
			<Answer></Answer>
	</QAPair>
	<QAPair pid="6">
			<Question qid="0000215-6" qtype="outlook">What is the outlook for Anemia caused by low iron - infants and toddlers ?</Question>
			<Answer></Answer>
	</QAPair>
	<QAPair pid="7">
			<Question qid="0000215-7" qtype="complications">What are the complications of Anemia caused by low iron - infants and toddlers ?</Question>
			<Answer></Answer>
	</QAPair>
	<QAPair pid="8">
			<Question qid="0000215-8" qtype="prevention">How to prevent Anemia caused by low iron - infants and toddlers ?</Question>
			<Answer></Answer>
	</QAPair>
</QAPairs>
</Document>
