<?xml version="1.0" encoding="UTF-8"?>
<Document id="0000371" source="ADAM" url="https://www.nlm.nih.gov/medlineplus/ency/article/000776.htm">
 <!--Answers from the A.D.A.M. medical encyclopedia were removed to comply with the MedlinePlus copyright-->
<Focus>Autonomic neuropathy</Focus>
<FocusAnnotations>
	<Category>Disease</Category>
	<UMLS>
		<CUIs>
			<CUI>C0259749</CUI>
		</CUIs>
		<SemanticTypes>
			<SemanticType>T047</SemanticType>
		</SemanticTypes>
		<SemanticGroup>Disorders</SemanticGroup>
	</UMLS>
	<Synonyms>
		<Synonym>Neuropathy - autonomic</Synonym>
		<Synonym>Autonomic nerve disease</Synonym>
	</Synonyms>
</FocusAnnotations>
<QAPairs>
	<QAPair pid="1">
			<Question qid="0000371-1" qtype="information">What is (are) Autonomic neuropathy ?</Question>
			<Answer></Answer>
	</QAPair>
	<QAPair pid="2">
			<Question qid="0000371-2" qtype="causes">What causes Autonomic neuropathy ?</Question>
			<Answer></Answer>
	</QAPair>
	<QAPair pid="3">
			<Question qid="0000371-3" qtype="symptoms">What are the symptoms of Autonomic neuropathy ?</Question>
			<Answer></Answer>
	</QAPair>
	<QAPair pid="4">
			<Question qid="0000371-4" qtype="exams and tests">How to diagnose Autonomic neuropathy ?</Question>
			<Answer></Answer>
	</QAPair>
	<QAPair pid="5">
			<Question qid="0000371-5" qtype="treatment">What are the treatments for Autonomic neuropathy ?</Question>
			<Answer></Answer>
	</QAPair>
	<QAPair pid="6">
			<Question qid="0000371-6" qtype="outlook">What is the outlook for Autonomic neuropathy ?</Question>
			<Answer></Answer>
	</QAPair>
	<QAPair pid="7">
			<Question qid="0000371-7" qtype="when to contact a medical professional">Do I need to see a doctor for Autonomic neuropathy ?</Question>
			<Answer></Answer>
	</QAPair>
	<QAPair pid="8">
			<Question qid="0000371-8" qtype="prevention">How to prevent Autonomic neuropathy ?</Question>
			<Answer></Answer>
	</QAPair>
</QAPairs>
</Document>
