<?xml version="1.0" encoding="UTF-8"?>
<Document id="0000419" source="ADAM" url="https://www.nlm.nih.gov/medlineplus/ency/article/003597.htm">
 <!--Answers from the A.D.A.M. medical encyclopedia were removed to comply with the MedlinePlus copyright-->
<Focus>Bence-Jones protein - quantitative</Focus>
<FocusAnnotations>
	<Category>Other</Category>
	<Synonyms>
		<Synonym>Immunoglobulin light chains - urine</Synonym>
		<Synonym>Urine Bence-Jones protein</Synonym>
	</Synonyms>
</FocusAnnotations>
<QAPairs>
	<QAPair pid="1">
			<Question qid="0000419-1" qtype="information">Do you have information about Bence-Jones protein - quantitative</Question>
			<Answer></Answer>
	</QAPair>
</QAPairs>
</Document>
