<?xml version="1.0" encoding="UTF-8"?>
<Document id="0000474" source="ADAM" url="https://www.nlm.nih.gov/medlineplus/ency/article/000268.htm">
 <!--Answers from the A.D.A.M. medical encyclopedia were removed to comply with the MedlinePlus copyright-->
<Focus>Bleeding esophageal varices</Focus>
<FocusAnnotations>
	<Category>Disease</Category>
	<UMLS>
		<CUIs>
			<CUI>C0014867</CUI>
			<CUI>C0155789</CUI>
		</CUIs>
		<SemanticTypes>
			<SemanticType>T047</SemanticType>
			<SemanticType>T020</SemanticType>
		</SemanticTypes>
		<SemanticGroup>Disorders</SemanticGroup>
	</UMLS>
</FocusAnnotations>
<QAPairs>
	<QAPair pid="1">
			<Question qid="0000474-1" qtype="information">What is (are) Bleeding esophageal varices ?</Question>
			<Answer></Answer>
	</QAPair>
	<QAPair pid="2">
			<Question qid="0000474-2" qtype="causes">What causes Bleeding esophageal varices ?</Question>
			<Answer></Answer>
	</QAPair>
	<QAPair pid="3">
			<Question qid="0000474-3" qtype="symptoms">What are the symptoms of Bleeding esophageal varices ?</Question>
			<Answer></Answer>
	</QAPair>
	<QAPair pid="4">
			<Question qid="0000474-4" qtype="exams and tests">How to diagnose Bleeding esophageal varices ?</Question>
			<Answer></Answer>
	</QAPair>
	<QAPair pid="5">
			<Question qid="0000474-5" qtype="treatment">What are the treatments for Bleeding esophageal varices ?</Question>
			<Answer></Answer>
	</QAPair>
	<QAPair pid="6">
			<Question qid="0000474-6" qtype="outlook">What is the outlook for Bleeding esophageal varices ?</Question>
			<Answer></Answer>
	</QAPair>
	<QAPair pid="7">
			<Question qid="0000474-7" qtype="complications">What are the complications of Bleeding esophageal varices ?</Question>
			<Answer></Answer>
	</QAPair>
	<QAPair pid="8">
			<Question qid="0000474-8" qtype="when to contact a medical professional">Do I need to see a doctor for Bleeding esophageal varices ?</Question>
			<Answer></Answer>
	</QAPair>
	<QAPair pid="9">
			<Question qid="0000474-9" qtype="prevention">How to prevent Bleeding esophageal varices ?</Question>
			<Answer></Answer>
	</QAPair>
</QAPairs>
</Document>
