<?xml version="1.0" encoding="UTF-8"?>
<Document id="0000349" source="ADAM" url="https://www.nlm.nih.gov/medlineplus/ency/article/000480.htm">
 <!--Answers from the A.D.A.M. medical encyclopedia were removed to comply with the MedlinePlus copyright-->
<Focus>Atheroembolic renal disease</Focus>
<FocusAnnotations>
	<Category>Disease</Category>
	<UMLS>
		<CUIs>
			<CUI>C0022658</CUI>
		</CUIs>
		<SemanticTypes>
			<SemanticType>T047</SemanticType>
		</SemanticTypes>
		<SemanticGroup>Disorders</SemanticGroup>
	</UMLS>
	<Synonyms>
		<Synonym>Renal disease - atheroembolic</Synonym>
		<Synonym>Cholesterol embolization syndrome</Synonym>
		<Synonym>Atheroemboli - renal</Synonym>
		<Synonym>Atherosclerotic disease - renal</Synonym>
	</Synonyms>
</FocusAnnotations>
<QAPairs>
	<QAPair pid="1">
			<Question qid="0000349-1" qtype="information">What is (are) Atheroembolic renal disease ?</Question>
			<Answer></Answer>
	</QAPair>
	<QAPair pid="2">
			<Question qid="0000349-2" qtype="causes">What causes Atheroembolic renal disease ?</Question>
			<Answer></Answer>
	</QAPair>
</QAPairs>
</Document>
