<?xml version="1.0" encoding="UTF-8"?>
<Document id="0000222" source="ADAM" url="https://www.nlm.nih.gov/medlineplus/ency/article/007616.htm">
 <!--Answers from the A.D.A.M. medical encyclopedia were removed to comply with the MedlinePlus copyright-->
<Focus>Angelman syndrome</Focus>
<FocusAnnotations>
	<Category>Disease</Category>
	<UMLS>
		<CUIs>
			<CUI>C0162635</CUI>
		</CUIs>
		<SemanticTypes>
			<SemanticType>T047</SemanticType>
		</SemanticTypes>
		<SemanticGroup>Disorders</SemanticGroup>
	</UMLS>
</FocusAnnotations>
<QAPairs>
	<QAPair pid="1">
			<Question qid="0000222-1" qtype="information">What is (are) Angelman syndrome ?</Question>
			<Answer></Answer>
	</QAPair>
	<QAPair pid="2">
			<Question qid="0000222-2" qtype="causes">What causes Angelman syndrome ?</Question>
			<Answer></Answer>
	</QAPair>
	<QAPair pid="3">
			<Question qid="0000222-3" qtype="symptoms">What are the symptoms of Angelman syndrome ?</Question>
			<Answer></Answer>
	</QAPair>
	<QAPair pid="4">
			<Question qid="0000222-4" qtype="exams and tests">How to diagnose Angelman syndrome ?</Question>
			<Answer></Answer>
	</QAPair>
	<QAPair pid="5">
			<Question qid="0000222-5" qtype="treatment">What are the treatments for Angelman syndrome ?</Question>
			<Answer></Answer>
	</QAPair>
	<QAPair pid="6">
			<Question qid="0000222-6" qtype="support groups">Where to find support for people with Angelman syndrome ?</Question>
			<Answer></Answer>
	</QAPair>
	<QAPair pid="7">
			<Question qid="0000222-7" qtype="outlook">What is the outlook for Angelman syndrome ?</Question>
			<Answer></Answer>
	</QAPair>
	<QAPair pid="8">
			<Question qid="0000222-8" qtype="complications">What are the complications of Angelman syndrome ?</Question>
			<Answer></Answer>
	</QAPair>
	<QAPair pid="9">
			<Question qid="0000222-9" qtype="when to contact a medical professional">Do I need to see a doctor for Angelman syndrome ?</Question>
			<Answer></Answer>
	</QAPair>
	<QAPair pid="10">
			<Question qid="0000222-10" qtype="prevention">How to prevent Angelman syndrome ?</Question>
			<Answer></Answer>
	</QAPair>
</QAPairs>
</Document>
