<?xml version="1.0" encoding="UTF-8"?>
<Document id="0000178" source="ADAM" url="https://www.nlm.nih.gov/medlineplus/ency/article/000760.htm">
 <!--Answers from the A.D.A.M. medical encyclopedia were removed to comply with the MedlinePlus copyright-->
<Focus>Alzheimer disease</Focus>
<FocusAnnotations>
	<Category>Disease</Category>
	<UMLS>
		<CUIs>
			<CUI>C0002395</CUI>
		</CUIs>
		<SemanticTypes>
			<SemanticType>T047</SemanticType>
		</SemanticTypes>
		<SemanticGroup>Disorders</SemanticGroup>
	</UMLS>
	<Synonyms>
		<Synonym>Senile dementia - Alzheimer type (SDAT)</Synonym>
		<Synonym>SDAT</Synonym>
		<Synonym>Dementia - Alzheimer</Synonym>
	</Synonyms>
</FocusAnnotations>
<QAPairs>
	<QAPair pid="1">
			<Question qid="0000178-1" qtype="information">What is (are) Alzheimer disease ?</Question>
			<Answer></Answer>
	</QAPair>
	<QAPair pid="2">
			<Question qid="0000178-2" qtype="causes">What causes Alzheimer disease ?</Question>
			<Answer></Answer>
	</QAPair>
	<QAPair pid="3">
			<Question qid="0000178-3" qtype="symptoms">What are the symptoms of Alzheimer disease ?</Question>
			<Answer></Answer>
	</QAPair>
	<QAPair pid="4">
			<Question qid="0000178-4" qtype="exams and tests">How to diagnose Alzheimer disease ?</Question>
			<Answer></Answer>
	</QAPair>
	<QAPair pid="5">
			<Question qid="0000178-5" qtype="treatment">What are the treatments for Alzheimer disease ?</Question>
			<Answer></Answer>
	</QAPair>
	<QAPair pid="6">
			<Question qid="0000178-6" qtype="support groups">Where to find support for people with Alzheimer disease ?</Question>
			<Answer></Answer>
	</QAPair>
	<QAPair pid="7">
			<Question qid="0000178-7" qtype="outlook">What is the outlook for Alzheimer disease ?</Question>
			<Answer></Answer>
	</QAPair>
	<QAPair pid="8">
			<Question qid="0000178-8" qtype="when to contact a medical professional">Do I need to see a doctor for Alzheimer disease ?</Question>
			<Answer></Answer>
	</QAPair>
	<QAPair pid="9">
			<Question qid="0000178-9" qtype="prevention">How to prevent Alzheimer disease ?</Question>
			<Answer></Answer>
	</QAPair>
</QAPairs>
</Document>
