<?xml version="1.0" encoding="UTF-8"?>
<Document id="0000469" source="ADAM" url="https://www.nlm.nih.gov/medlineplus/ency/patientinstructions/000068.htm">
 <!--Answers from the A.D.A.M. medical encyclopedia were removed to comply with the MedlinePlus copyright-->
<Focus>Bland diet</Focus>
<FocusAnnotations>
	<Category>Disease</Category>
	<UMLS>
		<CUIs>
			<CUI>C0301572</CUI>
		</CUIs>
		<SemanticTypes>
			<SemanticType>T033</SemanticType>
		</SemanticTypes>
		<SemanticGroup>Disorders</SemanticGroup>
	</UMLS>
</FocusAnnotations>
<QAPairs>
	<QAPair pid="1">
			<Question qid="0000469-1" qtype="information">What is (are) Bland diet ?</Question>
			<Answer></Answer>
	</QAPair>
</QAPairs>
</Document>
