<?xml version="1.0" encoding="UTF-8"?>
<Document id="0000341" source="ADAM" url="https://www.nlm.nih.gov/medlineplus/ency/article/002190.htm">
 <!--Answers from the A.D.A.M. medical encyclopedia were removed to comply with the MedlinePlus copyright-->
<Focus>Asthma and allergy - resources</Focus>
<FocusAnnotations>
	<Category>Disease</Category>
	<UMLS>
		<CUIs>
			<CUI>C0020517</CUI>
			<CUI>C0004096</CUI>
			<CUI>C0489531</CUI>
		</CUIs>
		<SemanticTypes>
			<SemanticType>T046</SemanticType>
			<SemanticType>T047</SemanticType>
			<SemanticType>T033</SemanticType>
		</SemanticTypes>
		<SemanticGroup>Disorders</SemanticGroup>
	</UMLS>
	<Synonyms>
		<Synonym>Resources - asthma and allergy</Synonym>
	</Synonyms>
</FocusAnnotations>
<QAPairs>
	<QAPair pid="1">
			<Question qid="0000341-1" qtype="information">What is (are) Asthma and allergy - resources ?</Question>
			<Answer></Answer>
	</QAPair>
</QAPairs>
</Document>
