<?xml version="1.0" encoding="UTF-8"?>
<Document id="0000009" source="ADAM" url="https://www.nlm.nih.gov/medlineplus/ency/patientinstructions/000240.htm">
 <!--Answers from the A.D.A.M. medical encyclopedia were removed to comply with the MedlinePlus copyright-->
<Focus>Abdominal aortic aneurysm repair - open - discharge</Focus>
<FocusAnnotations>
	<Category>Other</Category>
	<Synonyms>
		<Synonym>AAA - open - discharge</Synonym>
		<Synonym>Repair - aortic aneurysm - open - discharge</Synonym>
	</Synonyms>
</FocusAnnotations>
<QAPairs>
	<QAPair pid="1">
			<Question qid="0000009-1" qtype="information">Do you have information about Abdominal aortic aneurysm repair - open - discharge</Question>
			<Answer></Answer>
	</QAPair>
</QAPairs>
</Document>
