<?xml version="1.0" encoding="UTF-8"?>
<Document id="0000498" source="ADAM" url="https://www.nlm.nih.gov/medlineplus/ency/article/001584.htm">
 <!--Answers from the A.D.A.M. medical encyclopedia were removed to comply with the MedlinePlus copyright-->
<Focus>Blount disease</Focus>
<FocusAnnotations>
	<Category>Disease</Category>
	<UMLS>
		<CUIs>
			<CUI>C0175756</CUI>
		</CUIs>
		<SemanticTypes>
			<SemanticType>T047</SemanticType>
		</SemanticTypes>
		<SemanticGroup>Disorders</SemanticGroup>
	</UMLS>
	<Synonyms>
		<Synonym>Blount's disease</Synonym>
		<Synonym>Tibia vara</Synonym>
	</Synonyms>
</FocusAnnotations>
<QAPairs>
	<QAPair pid="1">
			<Question qid="0000498-1" qtype="information">What is (are) Blount disease ?</Question>
			<Answer></Answer>
	</QAPair>
	<QAPair pid="2">
			<Question qid="0000498-2" qtype="causes">What causes Blount disease ?</Question>
			<Answer></Answer>
	</QAPair>
	<QAPair pid="3">
			<Question qid="0000498-3" qtype="symptoms">What are the symptoms of Blount disease ?</Question>
			<Answer></Answer>
	</QAPair>
	<QAPair pid="4">
			<Question qid="0000498-4" qtype="exams and tests">How to diagnose Blount disease ?</Question>
			<Answer></Answer>
	</QAPair>
	<QAPair pid="5">
			<Question qid="0000498-5" qtype="treatment">What are the treatments for Blount disease ?</Question>
			<Answer></Answer>
	</QAPair>
	<QAPair pid="6">
			<Question qid="0000498-6" qtype="outlook">What is the outlook for Blount disease ?</Question>
			<Answer></Answer>
	</QAPair>
	<QAPair pid="7">
			<Question qid="0000498-7" qtype="complications">What are the complications of Blount disease ?</Question>
			<Answer></Answer>
	</QAPair>
	<QAPair pid="8">
			<Question qid="0000498-8" qtype="when to contact a medical professional">Do I need to see a doctor for Blount disease ?</Question>
			<Answer></Answer>
	</QAPair>
	<QAPair pid="9">
			<Question qid="0000498-9" qtype="prevention">How to prevent Blount disease ?</Question>
			<Answer></Answer>
	</QAPair>
</QAPairs>
</Document>
