<?xml version="1.0" encoding="UTF-8"?>
<Document id="0000159" source="ADAM" url="https://www.nlm.nih.gov/medlineplus/ency/article/000812.htm">
 <!--Answers from the A.D.A.M. medical encyclopedia were removed to comply with the MedlinePlus copyright-->
<Focus>Allergies</Focus>
<FocusAnnotations>
	<Category>Disease</Category>
	<UMLS>
		<CUIs>
			<CUI>C0020517</CUI>
			<CUI>C0489531</CUI>
		</CUIs>
		<SemanticTypes>
			<SemanticType>T046</SemanticType>
			<SemanticType>T033</SemanticType>
		</SemanticTypes>
		<SemanticGroup>Disorders</SemanticGroup>
	</UMLS>
</FocusAnnotations>
<QAPairs>
	<QAPair pid="1">
			<Question qid="0000159-1" qtype="information">What is (are) Allergies ?</Question>
			<Answer></Answer>
	</QAPair>
	<QAPair pid="2">
			<Question qid="0000159-2" qtype="causes">What causes Allergies ?</Question>
			<Answer></Answer>
	</QAPair>
	<QAPair pid="3">
			<Question qid="0000159-3" qtype="symptoms">What are the symptoms of Allergies ?</Question>
			<Answer></Answer>
	</QAPair>
	<QAPair pid="4">
			<Question qid="0000159-4" qtype="exams and tests">How to diagnose Allergies ?</Question>
			<Answer></Answer>
	</QAPair>
	<QAPair pid="5">
			<Question qid="0000159-5" qtype="treatment">What are the treatments for Allergies ?</Question>
			<Answer></Answer>
	</QAPair>
	<QAPair pid="6">
			<Question qid="0000159-6" qtype="support groups">Where to find support for people with Allergies ?</Question>
			<Answer></Answer>
	</QAPair>
	<QAPair pid="7">
			<Question qid="0000159-7" qtype="outlook">What is the outlook for Allergies ?</Question>
			<Answer></Answer>
	</QAPair>
	<QAPair pid="8">
			<Question qid="0000159-8" qtype="complications">What are the complications of Allergies ?</Question>
			<Answer></Answer>
	</QAPair>
	<QAPair pid="9">
			<Question qid="0000159-9" qtype="when to contact a medical professional">Do I need to see a doctor for Allergies ?</Question>
			<Answer></Answer>
	</QAPair>
	<QAPair pid="10">
			<Question qid="0000159-10" qtype="prevention">How to prevent Allergies ?</Question>
			<Answer></Answer>
	</QAPair>
</QAPairs>
</Document>
