<?xml version="1.0" encoding="UTF-8"?>
<Document id="0000156" source="ADAM" url="https://www.nlm.nih.gov/medlineplus/ency/patientinstructions/000547.htm">
 <!--Answers from the A.D.A.M. medical encyclopedia were removed to comply with the MedlinePlus copyright-->
<Focus>Allergic rhinitis - self-care</Focus>
<FocusAnnotations>
	<Category>Disease</Category>
	<UMLS>
		<CUIs>
			<CUI>C2607914</CUI>
		</CUIs>
		<SemanticTypes>
			<SemanticType>T047</SemanticType>
		</SemanticTypes>
		<SemanticGroup>Disorders</SemanticGroup>
	</UMLS>
	<Synonyms>
		<Synonym>Hay fever - self-care</Synonym>
		<Synonym>Seasonal rhinitis - self-care</Synonym>
	</Synonyms>
</FocusAnnotations>
<QAPairs>
	<QAPair pid="1">
			<Question qid="0000156-1" qtype="information">What is (are) Allergic rhinitis - self-care ?</Question>
			<Answer></Answer>
	</QAPair>
	<QAPair pid="5">
			<Question qid="0000156-5" qtype="when to contact a medical professional">Do I need to see a doctor for Allergic rhinitis - self-care ?</Question>
			<Answer></Answer>
	</QAPair>
</QAPairs>
</Document>
