<?xml version="1.0" encoding="UTF-8"?>
<Document id="0000026" source="ADAM" url="https://www.nlm.nih.gov/medlineplus/ency/article/003815.htm">
 <!--Answers from the A.D.A.M. medical encyclopedia were removed to comply with the MedlinePlus copyright-->
<Focus>Abdominal x-ray</Focus>
<FocusAnnotations>
	<Category>Other</Category>
	<Synonyms>
		<Synonym>Abdominal film</Synonym>
		<Synonym>X-ray - abdomen</Synonym>
		<Synonym>Flat plate</Synonym>
		<Synonym>KUB x-ray</Synonym>
	</Synonyms>
</FocusAnnotations>
<QAPairs>
	<QAPair pid="1">
			<Question qid="0000026-1" qtype="information">Do you have information about Abdominal x-ray</Question>
			<Answer></Answer>
	</QAPair>
</QAPairs>
</Document>
