<?xml version="1.0" encoding="UTF-8"?>
<Document id="0000372" source="ADAM" url="https://www.nlm.nih.gov/medlineplus/ency/article/002049.htm">
 <!--Answers from the A.D.A.M. medical encyclopedia were removed to comply with the MedlinePlus copyright-->
<Focus>Autosomal dominant</Focus>
<FocusAnnotations>
	<Category>Other</Category>
	<Synonyms>
		<Synonym>Inheritance - autosomal dominant</Synonym>
		<Synonym>Genetics - autosomal dominant</Synonym>
	</Synonyms>
</FocusAnnotations>
<QAPairs>
	<QAPair pid="1">
			<Question qid="0000372-1" qtype="information">Do you have information about Autosomal dominant</Question>
			<Answer></Answer>
	</QAPair>
</QAPairs>
</Document>
