<?xml version="1.0" encoding="UTF-8"?>
<Document id="0000203" source="ADAM" url="https://www.nlm.nih.gov/medlineplus/ency/article/003439.htm">
 <!--Answers from the A.D.A.M. medical encyclopedia were removed to comply with the MedlinePlus copyright-->
<Focus>Anaerobic bacteria</Focus>
<FocusAnnotations>
	<Category>Disease</Category>
	<UMLS>
		<CUIs>
			<CUI>C0004613</CUI>
		</CUIs>
		<SemanticTypes>
			<SemanticType>T007</SemanticType>
		</SemanticTypes>
		<SemanticGroup>Disorders</SemanticGroup>
	</UMLS>
	<Synonyms>
		<Synonym>Anaerobe</Synonym>
	</Synonyms>
</FocusAnnotations>
<QAPairs>
	<QAPair pid="1">
			<Question qid="0000203-1" qtype="information">What is (are) Anaerobic bacteria ?</Question>
			<Answer></Answer>
	</QAPair>
</QAPairs>
</Document>
