<?xml version="1.0" encoding="UTF-8"?>
<Document id="0000251" source="ADAM" url="https://www.nlm.nih.gov/medlineplus/ency/article/001074.htm">
 <!--Answers from the A.D.A.M. medical encyclopedia were removed to comply with the MedlinePlus copyright-->
<Focus>Anterior cruciate ligament (ACL) injury</Focus>
<FocusAnnotations>
	<Category>Disease</Category>
	<UMLS>
		<CUIs>
			<CUI>C3263723</CUI>
		</CUIs>
		<SemanticTypes>
			<SemanticType>T037</SemanticType>
		</SemanticTypes>
		<SemanticGroup>Disorders</SemanticGroup>
	</UMLS>
	<Synonyms>
		<Synonym>Cruciate ligament injury - anterior</Synonym>
		<Synonym>ACL injury</Synonym>
		<Synonym>Knee injury - anterior cruciate ligament (ACL)</Synonym>
	</Synonyms>
</FocusAnnotations>
<QAPairs>
	<QAPair pid="1">
			<Question qid="0000251-1" qtype="information">What is (are) Anterior cruciate ligament (ACL) injury ?</Question>
			<Answer></Answer>
	</QAPair>
	<QAPair pid="2">
			<Question qid="0000251-2" qtype="considerations">What to do for Anterior cruciate ligament (ACL) injury ?</Question>
			<Answer></Answer>
	</QAPair>
	<QAPair pid="3">
			<Question qid="0000251-3" qtype="causes">What causes Anterior cruciate ligament (ACL) injury ?</Question>
			<Answer></Answer>
	</QAPair>
	<QAPair pid="4">
			<Question qid="0000251-4" qtype="symptoms">What are the symptoms of Anterior cruciate ligament (ACL) injury ?</Question>
			<Answer></Answer>
	</QAPair>
	<QAPair pid="5">
			<Question qid="0000251-5" qtype="considerations">What to do for Anterior cruciate ligament (ACL) injury ?</Question>
			<Answer></Answer>
	</QAPair>
	<QAPair pid="6">
			<Question qid="0000251-6" qtype="considerations">What to do for Anterior cruciate ligament (ACL) injury ?</Question>
			<Answer></Answer>
	</QAPair>
	<QAPair pid="7">
			<Question qid="0000251-7" qtype="when to contact a medical professional">Do I need to see a doctor for Anterior cruciate ligament (ACL) injury ?</Question>
			<Answer></Answer>
	</QAPair>
	<QAPair pid="8">
			<Question qid="0000251-8" qtype="prevention">How to prevent Anterior cruciate ligament (ACL) injury ?</Question>
			<Answer></Answer>
	</QAPair>
</QAPairs>
</Document>
