<?xml version="1.0" encoding="UTF-8"?>
<Document id="0000460" source="ADAM" url="https://www.nlm.nih.gov/medlineplus/ency/article/001440.htm">
 <!--Answers from the A.D.A.M. medical encyclopedia were removed to comply with the MedlinePlus copyright-->
<Focus>Birthmarks - red</Focus>
<FocusAnnotations>
	<Category>Disease</Category>
	<UMLS>
		<CUIs>
			<CUI>C0265974</CUI>
		</CUIs>
		<SemanticTypes>
			<SemanticType>T019</SemanticType>
		</SemanticTypes>
		<SemanticGroup>Disorders</SemanticGroup>
	</UMLS>
	<Synonyms>
		<Synonym>Strawberry mark</Synonym>
		<Synonym>Vascular skin changes</Synonym>
		<Synonym>Angioma cavernosum</Synonym>
		<Synonym>Capillary hemangioma</Synonym>
		<Synonym>Hemangioma simplex</Synonym>
	</Synonyms>
</FocusAnnotations>
<QAPairs>
	<QAPair pid="1">
			<Question qid="0000460-1" qtype="information">What is (are) Birthmarks - red ?</Question>
			<Answer></Answer>
	</QAPair>
	<QAPair pid="2">
			<Question qid="0000460-2" qtype="causes">What causes Birthmarks - red ?</Question>
			<Answer></Answer>
	</QAPair>
	<QAPair pid="3">
			<Question qid="0000460-3" qtype="symptoms">What are the symptoms of Birthmarks - red ?</Question>
			<Answer></Answer>
	</QAPair>
	<QAPair pid="4">
			<Question qid="0000460-4" qtype="exams and tests">How to diagnose Birthmarks - red ?</Question>
			<Answer></Answer>
	</QAPair>
	<QAPair pid="5">
			<Question qid="0000460-5" qtype="treatment">What are the treatments for Birthmarks - red ?</Question>
			<Answer></Answer>
	</QAPair>
	<QAPair pid="6">
			<Question qid="0000460-6" qtype="outlook">What is the outlook for Birthmarks - red ?</Question>
			<Answer></Answer>
	</QAPair>
	<QAPair pid="7">
			<Question qid="0000460-7" qtype="complications">What are the complications of Birthmarks - red ?</Question>
			<Answer></Answer>
	</QAPair>
	<QAPair pid="8">
			<Question qid="0000460-8" qtype="when to contact a medical professional">Do I need to see a doctor for Birthmarks - red ?</Question>
			<Answer></Answer>
	</QAPair>
	<QAPair pid="9">
			<Question qid="0000460-9" qtype="prevention">How to prevent Birthmarks - red ?</Question>
			<Answer></Answer>
	</QAPair>
</QAPairs>
</Document>
