<?xml version="1.0" encoding="UTF-8"?>
<Document id="0000461" source="ADAM" url="https://www.nlm.nih.gov/medlineplus/ency/article/002887.htm">
 <!--Answers from the A.D.A.M. medical encyclopedia were removed to comply with the MedlinePlus copyright-->
<Focus>Black nightshade poisoning</Focus>
<FocusAnnotations>
	<Category>Other</Category>
	<Synonyms>
		<Synonym>Nightshade poisoning</Synonym>
		<Synonym>Morelle noire poisoning</Synonym>
		<Synonym>Wonderberry poisoning</Synonym>
	</Synonyms>
</FocusAnnotations>
<QAPairs>
	<QAPair pid="1">
			<Question qid="0000461-1" qtype="information">Do you have information about Black nightshade poisoning</Question>
			<Answer></Answer>
	</QAPair>
</QAPairs>
</Document>
