<?xml version="1.0" encoding="UTF-8"?>
<Document id="0000282" source="ADAM" url="https://www.nlm.nih.gov/medlineplus/ency/article/007391.htm">
 <!--Answers from the A.D.A.M. medical encyclopedia were removed to comply with the MedlinePlus copyright-->
<Focus>Aortic aneurysm repair - endovascular</Focus>
<FocusAnnotations>
	<Category>Other</Category>
	<Synonyms>
		<Synonym>EVAR</Synonym>
		<Synonym>Endovascular aneurysm repair - aorta</Synonym>
		<Synonym>AAA repair - endovascular</Synonym>
		<Synonym>Repair - aortic aneurysm - endovascular</Synonym>
	</Synonyms>
</FocusAnnotations>
<QAPairs>
	<QAPair pid="1">
			<Question qid="0000282-1" qtype="information">Do you have information about Aortic aneurysm repair - endovascular</Question>
			<Answer></Answer>
	</QAPair>
</QAPairs>
</Document>
