<?xml version="1.0" encoding="UTF-8"?>
<Document id="0000394" source="ADAM" url="https://www.nlm.nih.gov/medlineplus/ency/article/000862.htm">
 <!--Answers from the A.D.A.M. medical encyclopedia were removed to comply with the MedlinePlus copyright-->
<Focus>Balanitis</Focus>
<FocusAnnotations>
	<Category>Disease</Category>
	<UMLS>
		<CUIs>
			<CUI>C0004690</CUI>
		</CUIs>
		<SemanticTypes>
			<SemanticType>T047</SemanticType>
		</SemanticTypes>
		<SemanticGroup>Disorders</SemanticGroup>
	</UMLS>
	<Synonyms>
		<Synonym>Balanoposthitis</Synonym>
	</Synonyms>
</FocusAnnotations>
<QAPairs>
	<QAPair pid="1">
			<Question qid="0000394-1" qtype="information">What is (are) Balanitis ?</Question>
			<Answer></Answer>
	</QAPair>
	<QAPair pid="2">
			<Question qid="0000394-2" qtype="causes">What causes Balanitis ?</Question>
			<Answer></Answer>
	</QAPair>
	<QAPair pid="3">
			<Question qid="0000394-3" qtype="symptoms">What are the symptoms of Balanitis ?</Question>
			<Answer></Answer>
	</QAPair>
	<QAPair pid="4">
			<Question qid="0000394-4" qtype="exams and tests">How to diagnose Balanitis ?</Question>
			<Answer></Answer>
	</QAPair>
	<QAPair pid="5">
			<Question qid="0000394-5" qtype="treatment">What are the treatments for Balanitis ?</Question>
			<Answer></Answer>
	</QAPair>
	<QAPair pid="6">
			<Question qid="0000394-6" qtype="outlook">What is the outlook for Balanitis ?</Question>
			<Answer></Answer>
	</QAPair>
	<QAPair pid="7">
			<Question qid="0000394-7" qtype="complications">What are the complications of Balanitis ?</Question>
			<Answer></Answer>
	</QAPair>
	<QAPair pid="8">
			<Question qid="0000394-8" qtype="when to contact a medical professional">Do I need to see a doctor for Balanitis ?</Question>
			<Answer></Answer>
	</QAPair>
	<QAPair pid="9">
			<Question qid="0000394-9" qtype="prevention">How to prevent Balanitis ?</Question>
			<Answer></Answer>
	</QAPair>
</QAPairs>
</Document>
