<?xml version="1.0" encoding="UTF-8"?>
<Document id="0000143" source="ADAM" url="https://www.nlm.nih.gov/medlineplus/ency/article/000323.htm">
 <!--Answers from the A.D.A.M. medical encyclopedia were removed to comply with the MedlinePlus copyright-->
<Focus>Alcoholic ketoacidosis</Focus>
<FocusAnnotations>
	<Category>Disease</Category>
	<UMLS>
		<CUIs>
			<CUI>C0268039</CUI>
		</CUIs>
		<SemanticTypes>
			<SemanticType>T047</SemanticType>
		</SemanticTypes>
		<SemanticGroup>Disorders</SemanticGroup>
	</UMLS>
	<Synonyms>
		<Synonym>Ketoacidosis - alcoholic</Synonym>
	</Synonyms>
</FocusAnnotations>
<QAPairs>
	<QAPair pid="1">
			<Question qid="0000143-1" qtype="information">What is (are) Alcoholic ketoacidosis ?</Question>
			<Answer></Answer>
	</QAPair>
	<QAPair pid="2">
			<Question qid="0000143-2" qtype="causes">What causes Alcoholic ketoacidosis ?</Question>
			<Answer></Answer>
	</QAPair>
	<QAPair pid="3">
			<Question qid="0000143-3" qtype="symptoms">What are the symptoms of Alcoholic ketoacidosis ?</Question>
			<Answer></Answer>
	</QAPair>
	<QAPair pid="4">
			<Question qid="0000143-4" qtype="exams and tests">How to diagnose Alcoholic ketoacidosis ?</Question>
			<Answer></Answer>
	</QAPair>
	<QAPair pid="5">
			<Question qid="0000143-5" qtype="treatment">What are the treatments for Alcoholic ketoacidosis ?</Question>
			<Answer></Answer>
	</QAPair>
	<QAPair pid="6">
			<Question qid="0000143-6" qtype="outlook">What is the outlook for Alcoholic ketoacidosis ?</Question>
			<Answer></Answer>
	</QAPair>
	<QAPair pid="7">
			<Question qid="0000143-7" qtype="complications">What are the complications of Alcoholic ketoacidosis ?</Question>
			<Answer></Answer>
	</QAPair>
	<QAPair pid="8">
			<Question qid="0000143-8" qtype="when to contact a medical professional">Do I need to see a doctor for Alcoholic ketoacidosis ?</Question>
			<Answer></Answer>
	</QAPair>
	<QAPair pid="9">
			<Question qid="0000143-9" qtype="prevention">How to prevent Alcoholic ketoacidosis ?</Question>
			<Answer></Answer>
	</QAPair>
</QAPairs>
</Document>
