<?xml version="1.0" encoding="UTF-8"?>
<Document id="0000231" source="ADAM" url="https://www.nlm.nih.gov/medlineplus/ency/patientinstructions/000235.htm">
 <!--Answers from the A.D.A.M. medical encyclopedia were removed to comply with the MedlinePlus copyright-->
<Focus>Angioplasty and stent placement - carotid artery - discharge</Focus>
<FocusAnnotations>
	<Category>Other</Category>
	<Synonyms>
		<Synonym>Carotid angioplasty and stenting - discharge</Synonym>
		<Synonym>CAS - discharge</Synonym>
		<Synonym>Endarterectomy - carotid artery - discharge</Synonym>
		<Synonym>Angioplasty - carotid artery - discharge</Synonym>
	</Synonyms>
</FocusAnnotations>
<QAPairs>
	<QAPair pid="1">
			<Question qid="0000231-1" qtype="information">Do you have information about Angioplasty and stent placement - carotid artery - discharge</Question>
			<Answer></Answer>
	</QAPair>
</QAPairs>
</Document>
