<?xml version="1.0" encoding="UTF-8"?>
<Document id="0000216" source="ADAM" url="https://www.nlm.nih.gov/medlineplus/ency/article/000565.htm">
 <!--Answers from the A.D.A.M. medical encyclopedia were removed to comply with the MedlinePlus copyright-->
<Focus>Anemia of chronic disease</Focus>
<FocusAnnotations>
	<Category>Disease</Category>
	<UMLS>
		<CUIs>
			<CUI>C0002873</CUI>
		</CUIs>
		<SemanticTypes>
			<SemanticType>T047</SemanticType>
		</SemanticTypes>
		<SemanticGroup>Disorders</SemanticGroup>
	</UMLS>
	<Synonyms>
		<Synonym>Anemia of inflammation</Synonym>
		<Synonym>AOCD</Synonym>
		<Synonym>ACD</Synonym>
	</Synonyms>
</FocusAnnotations>
<QAPairs>
	<QAPair pid="1">
			<Question qid="0000216-1" qtype="information">What is (are) Anemia of chronic disease ?</Question>
			<Answer></Answer>
	</QAPair>
	<QAPair pid="2">
			<Question qid="0000216-2" qtype="causes">What causes Anemia of chronic disease ?</Question>
			<Answer></Answer>
	</QAPair>
	<QAPair pid="3">
			<Question qid="0000216-3" qtype="symptoms">What are the symptoms of Anemia of chronic disease ?</Question>
			<Answer></Answer>
	</QAPair>
	<QAPair pid="4">
			<Question qid="0000216-4" qtype="exams and tests">How to diagnose Anemia of chronic disease ?</Question>
			<Answer></Answer>
	</QAPair>
	<QAPair pid="5">
			<Question qid="0000216-5" qtype="treatment">What are the treatments for Anemia of chronic disease ?</Question>
			<Answer></Answer>
	</QAPair>
	<QAPair pid="6">
			<Question qid="0000216-6" qtype="outlook">What is the outlook for Anemia of chronic disease ?</Question>
			<Answer></Answer>
	</QAPair>
	<QAPair pid="7">
			<Question qid="0000216-7" qtype="complications">What are the complications of Anemia of chronic disease ?</Question>
			<Answer></Answer>
	</QAPair>
	<QAPair pid="8">
			<Question qid="0000216-8" qtype="when to contact a medical professional">Do I need to see a doctor for Anemia of chronic disease ?</Question>
			<Answer></Answer>
	</QAPair>
</QAPairs>
</Document>
