<?xml version="1.0" encoding="UTF-8"?>
<Document id="0000398" source="ADAM" url="https://www.nlm.nih.gov/medlineplus/ency/article/001489.htm">
 <!--Answers from the A.D.A.M. medical encyclopedia were removed to comply with the MedlinePlus copyright-->
<Focus>Bartholin cyst or abscess</Focus>
<FocusAnnotations>
	<Category>Disease</Category>
	<UMLS>
		<CUIs>
			<CUI>C0000833</CUI>
			<CUI>C0004767</CUI>
		</CUIs>
		<SemanticTypes>
			<SemanticType>T047</SemanticType>
		</SemanticTypes>
		<SemanticGroup>Disorders</SemanticGroup>
	</UMLS>
	<Synonyms>
		<Synonym>Abscess - Bartholin</Synonym>
		<Synonym>Infected Bartholin gland</Synonym>
	</Synonyms>
</FocusAnnotations>
<QAPairs>
	<QAPair pid="1">
			<Question qid="0000398-1" qtype="information">What is (are) Bartholin cyst or abscess ?</Question>
			<Answer></Answer>
	</QAPair>
	<QAPair pid="2">
			<Question qid="0000398-2" qtype="causes">What causes Bartholin cyst or abscess ?</Question>
			<Answer></Answer>
	</QAPair>
	<QAPair pid="3">
			<Question qid="0000398-3" qtype="symptoms">What are the symptoms of Bartholin cyst or abscess ?</Question>
			<Answer></Answer>
	</QAPair>
	<QAPair pid="4">
			<Question qid="0000398-4" qtype="exams and tests">How to diagnose Bartholin cyst or abscess ?</Question>
			<Answer></Answer>
	</QAPair>
	<QAPair pid="5">
			<Question qid="0000398-5" qtype="treatment">What are the treatments for Bartholin cyst or abscess ?</Question>
			<Answer></Answer>
	</QAPair>
	<QAPair pid="6">
			<Question qid="0000398-6" qtype="outlook">What is the outlook for Bartholin cyst or abscess ?</Question>
			<Answer></Answer>
	</QAPair>
	<QAPair pid="7">
			<Question qid="0000398-7" qtype="when to contact a medical professional">Do I need to see a doctor for Bartholin cyst or abscess ?</Question>
			<Answer></Answer>
	</QAPair>
</QAPairs>
</Document>
