<?xml version="1.0" encoding="UTF-8"?>
<Document id="0000168" source="ADAM" url="https://www.nlm.nih.gov/medlineplus/ency/article/003497.htm">
 <!--Answers from the A.D.A.M. medical encyclopedia were removed to comply with the MedlinePlus copyright-->
<Focus>ALP isoenzyme test</Focus>
<FocusAnnotations>
	<Category>Disease</Category>
	<UMLS>
		<CUIs>
			<CUI>C0456984</CUI>
		</CUIs>
		<SemanticTypes>
			<SemanticType>T033</SemanticType>
		</SemanticTypes>
		<SemanticGroup>Disorders</SemanticGroup>
	</UMLS>
	<Synonyms>
		<Synonym>Alkaline phosphatase isoenzyme test</Synonym>
	</Synonyms>
</FocusAnnotations>
<QAPairs>
	<QAPair pid="1">
			<Question qid="0000168-1" qtype="information">What is (are) ALP isoenzyme test ?</Question>
			<Answer></Answer>
	</QAPair>
</QAPairs>
</Document>
