<?xml version="1.0" encoding="UTF-8"?>
<Document id="0000275" source="ADAM" url="https://www.nlm.nih.gov/medlineplus/ency/article/003535.htm">
 <!--Answers from the A.D.A.M. medical encyclopedia were removed to comply with the MedlinePlus copyright-->
<Focus>Antinuclear antibody panel</Focus>
<FocusAnnotations>
	<Category>Other</Category>
	<Synonyms>
		<Synonym>ANA</Synonym>
		<Synonym>ANA panel</Synonym>
		<Synonym>ANA reflexive panel</Synonym>
	</Synonyms>
</FocusAnnotations>
<QAPairs>
	<QAPair pid="1">
			<Question qid="0000275-1" qtype="information">Do you have information about Antinuclear antibody panel</Question>
			<Answer></Answer>
	</QAPair>
</QAPairs>
</Document>
