<?xml version="1.0" encoding="UTF-8"?>
<Document id="0000089" source="ADAM" url="https://www.nlm.nih.gov/medlineplus/ency/article/001493.htm">
 <!--Answers from the A.D.A.M. medical encyclopedia were removed to comply with the MedlinePlus copyright-->
<Focus>Adhesion</Focus>
<FocusAnnotations>
	<Category>Disease</Category>
	<UMLS>
		<CUIs>
			<CUI>C0001511</CUI>
		</CUIs>
		<SemanticTypes>
			<SemanticType>T046</SemanticType>
		</SemanticTypes>
		<SemanticGroup>Disorders</SemanticGroup>
	</UMLS>
	<Synonyms>
		<Synonym>Pelvic adhesion</Synonym>
		<Synonym>Intraperitoneal adhesion</Synonym>
		<Synonym>Intrauterine adhesion</Synonym>
	</Synonyms>
</FocusAnnotations>
<QAPairs>
	<QAPair pid="1">
			<Question qid="0000089-1" qtype="information">What is (are) Adhesion ?</Question>
			<Answer></Answer>
	</QAPair>
	<QAPair pid="2">
			<Question qid="0000089-2" qtype="causes">What causes Adhesion ?</Question>
			<Answer></Answer>
	</QAPair>
	<QAPair pid="3">
			<Question qid="0000089-3" qtype="symptoms">What are the symptoms of Adhesion ?</Question>
			<Answer></Answer>
	</QAPair>
	<QAPair pid="4">
			<Question qid="0000089-4" qtype="exams and tests">How to diagnose Adhesion ?</Question>
			<Answer></Answer>
	</QAPair>
	<QAPair pid="5">
			<Question qid="0000089-5" qtype="treatment">What are the treatments for Adhesion ?</Question>
			<Answer></Answer>
	</QAPair>
	<QAPair pid="6">
			<Question qid="0000089-6" qtype="outlook">What is the outlook for Adhesion ?</Question>
			<Answer></Answer>
	</QAPair>
	<QAPair pid="7">
			<Question qid="0000089-7" qtype="complications">What are the complications of Adhesion ?</Question>
			<Answer></Answer>
	</QAPair>
	<QAPair pid="8">
			<Question qid="0000089-8" qtype="when to contact a medical professional">Do I need to see a doctor for Adhesion ?</Question>
			<Answer></Answer>
	</QAPair>
</QAPairs>
</Document>
