<?xml version="1.0" encoding="UTF-8"?>
<Document id="0000146" source="ADAM" url="https://www.nlm.nih.gov/medlineplus/ency/article/002199.htm">
 <!--Answers from the A.D.A.M. medical encyclopedia were removed to comply with the MedlinePlus copyright-->
<Focus>Alcoholism - resources</Focus>
<FocusAnnotations>
	<Category>Disease</Category>
	<UMLS>
		<CUIs>
			<CUI>C0001973</CUI>
		</CUIs>
		<SemanticTypes>
			<SemanticType>T048</SemanticType>
		</SemanticTypes>
		<SemanticGroup>Disorders</SemanticGroup>
	</UMLS>
	<Synonyms>
		<Synonym>Resources - alcoholism</Synonym>
	</Synonyms>
</FocusAnnotations>
<QAPairs>
	<QAPair pid="1">
			<Question qid="0000146-1" qtype="information">What is (are) Alcoholism - resources ?</Question>
			<Answer></Answer>
	</QAPair>
</QAPairs>
</Document>
