<?xml version="1.0" encoding="UTF-8"?>
<Document id="0000029" source="ADAM" url="https://www.nlm.nih.gov/medlineplus/ency/article/002912.htm">
 <!--Answers from the A.D.A.M. medical encyclopedia were removed to comply with the MedlinePlus copyright-->
<Focus>Abortion - surgical</Focus>
<FocusAnnotations>
	<Category>Disease</Category>
	<UMLS>
		<CUIs>
			<CUI>C0156543</CUI>
		</CUIs>
		<SemanticTypes>
			<SemanticType>T033</SemanticType>
		</SemanticTypes>
		<SemanticGroup>Disorders</SemanticGroup>
	</UMLS>
	<Synonyms>
		<Synonym>Suction curettage</Synonym>
		<Synonym>Surgical abortion</Synonym>
		<Synonym>Elective abortion - surgical</Synonym>
		<Synonym>Therapeutic abortion - surgical</Synonym>
	</Synonyms>
</FocusAnnotations>
<QAPairs>
	<QAPair pid="1">
			<Question qid="0000029-1" qtype="information">What is (are) Abortion - surgical ?</Question>
			<Answer></Answer>
	</QAPair>
	<QAPair pid="2">
			<Question qid="0000029-2" qtype="information">What is (are) Abortion - surgical ?</Question>
			<Answer></Answer>
	</QAPair>
	<QAPair pid="4">
			<Question qid="0000029-4" qtype="susceptibility">Who is at risk for Abortion - surgical? ?</Question>
			<Answer></Answer>
	</QAPair>
	<QAPair pid="6">
			<Question qid="0000029-6" qtype="outlook">What is the outlook for Abortion - surgical ?</Question>
			<Answer></Answer>
	</QAPair>
</QAPairs>
</Document>
