<?xml version="1.0" encoding="UTF-8"?>
<Document id="0000180" source="ADAM" url="https://www.nlm.nih.gov/medlineplus/ency/article/000784.htm">
 <!--Answers from the A.D.A.M. medical encyclopedia were removed to comply with the MedlinePlus copyright-->
<Focus>Amaurosis fugax</Focus>
<FocusAnnotations>
	<Category>Disease</Category>
	<UMLS>
		<CUIs>
			<CUI>C0149793</CUI>
		</CUIs>
		<SemanticTypes>
			<SemanticType>T184</SemanticType>
		</SemanticTypes>
		<SemanticGroup>Disorders</SemanticGroup>
	</UMLS>
	<Synonyms>
		<Synonym>Transient monocular blindness</Synonym>
		<Synonym>Transient monocular visual loss</Synonym>
		<Synonym>TMLV</Synonym>
	</Synonyms>
</FocusAnnotations>
<QAPairs>
	<QAPair pid="1">
			<Question qid="0000180-1" qtype="information">What is (are) Amaurosis fugax ?</Question>
			<Answer></Answer>
	</QAPair>
	<QAPair pid="2">
			<Question qid="0000180-2" qtype="causes">What causes Amaurosis fugax ?</Question>
			<Answer></Answer>
	</QAPair>
	<QAPair pid="3">
			<Question qid="0000180-3" qtype="symptoms">What are the symptoms of Amaurosis fugax ?</Question>
			<Answer></Answer>
	</QAPair>
	<QAPair pid="4">
			<Question qid="0000180-4" qtype="exams and tests">How to diagnose Amaurosis fugax ?</Question>
			<Answer></Answer>
	</QAPair>
	<QAPair pid="5">
			<Question qid="0000180-5" qtype="treatment">What are the treatments for Amaurosis fugax ?</Question>
			<Answer></Answer>
	</QAPair>
	<QAPair pid="6">
			<Question qid="0000180-6" qtype="outlook">What is the outlook for Amaurosis fugax ?</Question>
			<Answer></Answer>
	</QAPair>
	<QAPair pid="7">
			<Question qid="0000180-7" qtype="when to contact a medical professional">Do I need to see a doctor for Amaurosis fugax ?</Question>
			<Answer></Answer>
	</QAPair>
</QAPairs>
</Document>
