<?xml version="1.0" encoding="UTF-8"?>
<Document id="0000238" source="ADAM" url="https://www.nlm.nih.gov/medlineplus/ency/patientinstructions/000548.htm">
 <!--Answers from the A.D.A.M. medical encyclopedia were removed to comply with the MedlinePlus copyright-->
<Focus>Ankle fracture - aftercare</Focus>
<FocusAnnotations>
	<Category>Disease</Category>
	<UMLS>
		<CUIs>
			<CUI>C0159877</CUI>
		</CUIs>
		<SemanticTypes>
			<SemanticType>T037</SemanticType>
		</SemanticTypes>
		<SemanticGroup>Disorders</SemanticGroup>
	</UMLS>
</FocusAnnotations>
<QAPairs>
	<QAPair pid="1">
			<Question qid="0000238-1" qtype="information">What is (are) Ankle fracture - aftercare ?</Question>
			<Answer></Answer>
	</QAPair>
	<QAPair pid="2">
			<Question qid="0000238-2" qtype="information">What is (are) Ankle fracture - aftercare ?</Question>
			<Answer></Answer>
	</QAPair>
	<QAPair pid="3">
			<Question qid="0000238-3" qtype="outlook">What is the outlook for Ankle fracture - aftercare ?</Question>
			<Answer></Answer>
	</QAPair>
	<QAPair pid="7">
			<Question qid="0000238-7" qtype="when to contact a medical professional">Do I need to see a doctor for Ankle fracture - aftercare ?</Question>
			<Answer></Answer>
	</QAPair>
</QAPairs>
</Document>
