<?xml version="1.0" encoding="UTF-8"?>
<Document id="0000346" source="ADAM" url="https://www.nlm.nih.gov/medlineplus/ency/article/000682.htm">
 <!--Answers from the A.D.A.M. medical encyclopedia were removed to comply with the MedlinePlus copyright-->
<Focus>Asymptomatic HIV infection</Focus>
<FocusAnnotations>
	<Category>Disease</Category>
	<UMLS>
		<CUIs>
			<CUI>C0343751</CUI>
		</CUIs>
		<SemanticTypes>
			<SemanticType>T047</SemanticType>
		</SemanticTypes>
		<SemanticGroup>Disorders</SemanticGroup>
	</UMLS>
</FocusAnnotations>
<QAPairs>
	<QAPair pid="1">
			<Question qid="0000346-1" qtype="information">What is (are) Asymptomatic HIV infection ?</Question>
			<Answer></Answer>
	</QAPair>
</QAPairs>
</Document>
