<?xml version="1.0" encoding="UTF-8"?>
<Document id="0000358" source="ADAM" url="https://www.nlm.nih.gov/medlineplus/ency/article/000079.htm">
 <!--Answers from the A.D.A.M. medical encyclopedia were removed to comply with the MedlinePlus copyright-->
<Focus>Atypical pneumonia</Focus>
<FocusAnnotations>
	<Category>Disease</Category>
	<UMLS>
		<CUIs>
			<CUI>C0702135</CUI>
			<CUI>C1412002</CUI>
		</CUIs>
		<SemanticTypes>
			<SemanticType>T047</SemanticType>
		</SemanticTypes>
		<SemanticGroup>Disorders</SemanticGroup>
	</UMLS>
	<Synonyms>
		<Synonym>Walking pneumonia</Synonym>
		<Synonym>Community-acquired pneumonia - atypical</Synonym>
	</Synonyms>
</FocusAnnotations>
<QAPairs>
	<QAPair pid="1">
			<Question qid="0000358-1" qtype="information">What is (are) Atypical pneumonia ?</Question>
			<Answer></Answer>
	</QAPair>
	<QAPair pid="2">
			<Question qid="0000358-2" qtype="causes">What causes Atypical pneumonia ?</Question>
			<Answer></Answer>
	</QAPair>
	<QAPair pid="3">
			<Question qid="0000358-3" qtype="symptoms">What are the symptoms of Atypical pneumonia ?</Question>
			<Answer></Answer>
	</QAPair>
	<QAPair pid="4">
			<Question qid="0000358-4" qtype="exams and tests">How to diagnose Atypical pneumonia ?</Question>
			<Answer></Answer>
	</QAPair>
	<QAPair pid="5">
			<Question qid="0000358-5" qtype="treatment">What are the treatments for Atypical pneumonia ?</Question>
			<Answer></Answer>
	</QAPair>
	<QAPair pid="6">
			<Question qid="0000358-6" qtype="outlook">What is the outlook for Atypical pneumonia ?</Question>
			<Answer></Answer>
	</QAPair>
	<QAPair pid="7">
			<Question qid="0000358-7" qtype="complications">What are the complications of Atypical pneumonia ?</Question>
			<Answer></Answer>
	</QAPair>
	<QAPair pid="8">
			<Question qid="0000358-8" qtype="when to contact a medical professional">Do I need to see a doctor for Atypical pneumonia ?</Question>
			<Answer></Answer>
	</QAPair>
	<QAPair pid="9">
			<Question qid="0000358-9" qtype="prevention">How to prevent Atypical pneumonia ?</Question>
			<Answer></Answer>
	</QAPair>
</QAPairs>
</Document>
