<?xml version="1.0" encoding="UTF-8"?>
<Document id="0000217" source="ADAM" url="https://www.nlm.nih.gov/medlineplus/ency/article/001580.htm">
 <!--Answers from the A.D.A.M. medical encyclopedia were removed to comply with the MedlinePlus copyright-->
<Focus>Anencephaly</Focus>
<FocusAnnotations>
	<Category>Disease</Category>
	<UMLS>
		<CUIs>
			<CUI>C2021655</CUI>
			<CUI>C0002902</CUI>
		</CUIs>
		<SemanticTypes>
			<SemanticType>T019</SemanticType>
			<SemanticType>T033</SemanticType>
		</SemanticTypes>
		<SemanticGroup>Disorders</SemanticGroup>
	</UMLS>
	<Synonyms>
		<Synonym>Aprosencephaly with open cranium</Synonym>
	</Synonyms>
</FocusAnnotations>
<QAPairs>
	<QAPair pid="1">
			<Question qid="0000217-1" qtype="information">What is (are) Anencephaly ?</Question>
			<Answer></Answer>
	</QAPair>
	<QAPair pid="2">
			<Question qid="0000217-2" qtype="causes">What causes Anencephaly ?</Question>
			<Answer></Answer>
	</QAPair>
	<QAPair pid="3">
			<Question qid="0000217-3" qtype="symptoms">What are the symptoms of Anencephaly ?</Question>
			<Answer></Answer>
	</QAPair>
	<QAPair pid="4">
			<Question qid="0000217-4" qtype="exams and tests">How to diagnose Anencephaly ?</Question>
			<Answer></Answer>
	</QAPair>
	<QAPair pid="5">
			<Question qid="0000217-5" qtype="treatment">What are the treatments for Anencephaly ?</Question>
			<Answer></Answer>
	</QAPair>
	<QAPair pid="6">
			<Question qid="0000217-6" qtype="outlook">What is the outlook for Anencephaly ?</Question>
			<Answer></Answer>
	</QAPair>
	<QAPair pid="7">
			<Question qid="0000217-7" qtype="when to contact a medical professional">Do I need to see a doctor for Anencephaly ?</Question>
			<Answer></Answer>
	</QAPair>
	<QAPair pid="8">
			<Question qid="0000217-8" qtype="prevention">How to prevent Anencephaly ?</Question>
			<Answer></Answer>
	</QAPair>
</QAPairs>
</Document>
