<?xml version="1.0" encoding="UTF-8"?>
<Document id="0000099" source="ADAM" url="https://www.nlm.nih.gov/medlineplus/ency/article/000450.htm">
 <!--Answers from the A.D.A.M. medical encyclopedia were removed to comply with the MedlinePlus copyright-->
<Focus>Adult Still's disease</Focus>
<FocusAnnotations>
	<Category>Disease</Category>
	<UMLS>
		<CUIs>
			<CUI>C0085253</CUI>
			<CUI>C0087031</CUI>
		</CUIs>
		<SemanticTypes>
			<SemanticType>T047</SemanticType>
		</SemanticTypes>
		<SemanticGroup>Disorders</SemanticGroup>
	</UMLS>
	<Synonyms>
		<Synonym>Still's disease - adult</Synonym>
		<Synonym>AOSD</Synonym>
	</Synonyms>
</FocusAnnotations>
<QAPairs>
	<QAPair pid="1">
			<Question qid="0000099-1" qtype="information">What is (are) Adult Still's disease ?</Question>
			<Answer></Answer>
	</QAPair>
	<QAPair pid="2">
			<Question qid="0000099-2" qtype="causes">What causes Adult Still's disease ?</Question>
			<Answer></Answer>
	</QAPair>
	<QAPair pid="3">
			<Question qid="0000099-3" qtype="symptoms">What are the symptoms of Adult Still's disease ?</Question>
			<Answer></Answer>
	</QAPair>
	<QAPair pid="4">
			<Question qid="0000099-4" qtype="exams and tests">How to diagnose Adult Still's disease ?</Question>
			<Answer></Answer>
	</QAPair>
	<QAPair pid="5">
			<Question qid="0000099-5" qtype="treatment">What are the treatments for Adult Still's disease ?</Question>
			<Answer></Answer>
	</QAPair>
	<QAPair pid="6">
			<Question qid="0000099-6" qtype="outlook">What is the outlook for Adult Still's disease ?</Question>
			<Answer></Answer>
	</QAPair>
	<QAPair pid="7">
			<Question qid="0000099-7" qtype="complications">What are the complications of Adult Still's disease ?</Question>
			<Answer></Answer>
	</QAPair>
	<QAPair pid="8">
			<Question qid="0000099-8" qtype="when to contact a medical professional">Do I need to see a doctor for Adult Still's disease ?</Question>
			<Answer></Answer>
	</QAPair>
</QAPairs>
</Document>
