<?xml version="1.0" encoding="UTF-8"?>
<Document id="0000446" source="ADAM" url="https://www.nlm.nih.gov/medlineplus/ency/article/007309.htm">
 <!--Answers from the A.D.A.M. medical encyclopedia were removed to comply with the MedlinePlus copyright-->
<Focus>Bilirubin encephalopathy</Focus>
<FocusAnnotations>
	<Category>Disease</Category>
	<UMLS>
		<CUIs>
			<CUI>C0022610</CUI>
		</CUIs>
		<SemanticTypes>
			<SemanticType>T047</SemanticType>
		</SemanticTypes>
		<SemanticGroup>Disorders</SemanticGroup>
	</UMLS>
	<Synonyms>
		<Synonym>Bilirubin-induced neurologic dysfunction (BIND)</Synonym>
		<Synonym>Kernicterus</Synonym>
	</Synonyms>
</FocusAnnotations>
<QAPairs>
	<QAPair pid="1">
			<Question qid="0000446-1" qtype="information">What is (are) Bilirubin encephalopathy ?</Question>
			<Answer></Answer>
	</QAPair>
	<QAPair pid="2">
			<Question qid="0000446-2" qtype="causes">What causes Bilirubin encephalopathy ?</Question>
			<Answer></Answer>
	</QAPair>
	<QAPair pid="3">
			<Question qid="0000446-3" qtype="symptoms">What are the symptoms of Bilirubin encephalopathy ?</Question>
			<Answer></Answer>
	</QAPair>
	<QAPair pid="4">
			<Question qid="0000446-4" qtype="exams and tests">How to diagnose Bilirubin encephalopathy ?</Question>
			<Answer></Answer>
	</QAPair>
	<QAPair pid="5">
			<Question qid="0000446-5" qtype="treatment">What are the treatments for Bilirubin encephalopathy ?</Question>
			<Answer></Answer>
	</QAPair>
	<QAPair pid="6">
			<Question qid="0000446-6" qtype="outlook">What is the outlook for Bilirubin encephalopathy ?</Question>
			<Answer></Answer>
	</QAPair>
	<QAPair pid="7">
			<Question qid="0000446-7" qtype="complications">What are the complications of Bilirubin encephalopathy ?</Question>
			<Answer></Answer>
	</QAPair>
	<QAPair pid="8">
			<Question qid="0000446-8" qtype="when to contact a medical professional">Do I need to see a doctor for Bilirubin encephalopathy ?</Question>
			<Answer></Answer>
	</QAPair>
	<QAPair pid="9">
			<Question qid="0000446-9" qtype="prevention">How to prevent Bilirubin encephalopathy ?</Question>
			<Answer></Answer>
	</QAPair>
</QAPairs>
</Document>
