<?xml version="1.0" encoding="UTF-8"?>
<Document id="0000245" source="ADAM" url="https://www.nlm.nih.gov/medlineplus/ency/article/007323.htm">
 <!--Answers from the A.D.A.M. medical encyclopedia were removed to comply with the MedlinePlus copyright-->
<Focus>Anomalous left coronary artery from the pulmonary artery</Focus>
<FocusAnnotations>
	<Category>Other</Category>
	<Synonyms>
		<Synonym>Anomalous origin of the left coronary artery arising from the pulmonary artery</Synonym>
		<Synonym>ALCAPA</Synonym>
		<Synonym>ALCAPA syndrome</Synonym>
		<Synonym>Bland-White-Garland syndrome</Synonym>
	</Synonyms>
</FocusAnnotations>
<QAPairs>
	<QAPair pid="1">
			<Question qid="0000245-1" qtype="information">Do you have information about Anomalous left coronary artery from the pulmonary artery</Question>
			<Answer></Answer>
	</QAPair>
</QAPairs>
</Document>
