<?xml version="1.0" encoding="UTF-8"?>
<Document id="0000254" source="ADAM" url="https://www.nlm.nih.gov/medlineplus/ency/article/003982.htm">
 <!--Answers from the A.D.A.M. medical encyclopedia were removed to comply with the MedlinePlus copyright-->
<Focus>Anterior vaginal wall repair</Focus>
<FocusAnnotations>
	<Category>Other</Category>
	<Synonyms>
		<Synonym>A/P repair</Synonym>
		<Synonym>Vaginal wall repair</Synonym>
		<Synonym>Anterior and/or posterior vaginal wall repair</Synonym>
		<Synonym>Colporrhaphy - repair of vaginal wall</Synonym>
		<Synonym>Cystocele repair</Synonym>
	</Synonyms>
</FocusAnnotations>
<QAPairs>
	<QAPair pid="1">
			<Question qid="0000254-1" qtype="information">Do you have information about Anterior vaginal wall repair</Question>
			<Answer></Answer>
	</QAPair>
</QAPairs>
</Document>
