<?xml version="1.0" encoding="UTF-8"?>
<Document id="0000081" source="ADAM" url="https://www.nlm.nih.gov/medlineplus/ency/article/000542.htm">
 <!--Answers from the A.D.A.M. medical encyclopedia were removed to comply with the MedlinePlus copyright-->
<Focus>Acute myeloid leukemia</Focus>
<FocusAnnotations>
	<Category>Disease</Category>
	<UMLS>
		<CUIs>
			<CUI>C0023467</CUI>
		</CUIs>
		<SemanticTypes>
			<SemanticType>T191</SemanticType>
		</SemanticTypes>
		<SemanticGroup>Disorders</SemanticGroup>
	</UMLS>
	<Synonyms>
		<Synonym>Acute myelogenous leukemia</Synonym>
		<Synonym>AML</Synonym>
		<Synonym>Acute granulocytic leukemia</Synonym>
		<Synonym>Acute nonlymphocytic leukemia (ANLL)</Synonym>
		<Synonym>Leukemia - acute myeloid (AML)</Synonym>
		<Synonym>Leukemia - acute granulocytic</Synonym>
		<Synonym>Leukemia - nonlymphocytic (ANLL)</Synonym>
	</Synonyms>
</FocusAnnotations>
<QAPairs>
	<QAPair pid="1">
			<Question qid="0000081-1" qtype="information">What is (are) Acute myeloid leukemia ?</Question>
			<Answer></Answer>
	</QAPair>
	<QAPair pid="2">
			<Question qid="0000081-2" qtype="causes">What causes Acute myeloid leukemia ?</Question>
			<Answer></Answer>
	</QAPair>
	<QAPair pid="3">
			<Question qid="0000081-3" qtype="symptoms">What are the symptoms of Acute myeloid leukemia ?</Question>
			<Answer></Answer>
	</QAPair>
	<QAPair pid="4">
			<Question qid="0000081-4" qtype="exams and tests">How to diagnose Acute myeloid leukemia ?</Question>
			<Answer></Answer>
	</QAPair>
	<QAPair pid="5">
			<Question qid="0000081-5" qtype="treatment">What are the treatments for Acute myeloid leukemia ?</Question>
			<Answer></Answer>
	</QAPair>
	<QAPair pid="6">
			<Question qid="0000081-6" qtype="support groups">Where to find support for people with Acute myeloid leukemia ?</Question>
			<Answer></Answer>
	</QAPair>
	<QAPair pid="7">
			<Question qid="0000081-7" qtype="outlook">What is the outlook for Acute myeloid leukemia ?</Question>
			<Answer></Answer>
	</QAPair>
	<QAPair pid="8">
			<Question qid="0000081-8" qtype="when to contact a medical professional">Do I need to see a doctor for Acute myeloid leukemia ?</Question>
			<Answer></Answer>
	</QAPair>
	<QAPair pid="9">
			<Question qid="0000081-9" qtype="prevention">How to prevent Acute myeloid leukemia ?</Question>
			<Answer></Answer>
	</QAPair>
</QAPairs>
</Document>
