<?xml version="1.0" encoding="UTF-8"?>
<Document id="0000063" source="ADAM" url="https://www.nlm.nih.gov/medlineplus/ency/article/001446.htm">
 <!--Answers from the A.D.A.M. medical encyclopedia were removed to comply with the MedlinePlus copyright-->
<Focus>Acrodermatitis</Focus>
<FocusAnnotations>
	<Category>Disease</Category>
	<UMLS>
		<CUIs>
			<CUI>C0001197</CUI>
		</CUIs>
		<SemanticTypes>
			<SemanticType>T047</SemanticType>
		</SemanticTypes>
		<SemanticGroup>Disorders</SemanticGroup>
	</UMLS>
	<Synonyms>
		<Synonym>Papular acrodermatitis of childhood</Synonym>
		<Synonym>Gianotti-Crosti syndrome</Synonym>
		<Synonym>Acrodermatitis - infantile lichenoid</Synonym>
		<Synonym>Acrodermatitis - papular infantile</Synonym>
		<Synonym>Papulovesicular acro-located syndrome</Synonym>
	</Synonyms>
</FocusAnnotations>
<QAPairs>
	<QAPair pid="1">
			<Question qid="0000063-1" qtype="information">What is (are) Acrodermatitis ?</Question>
			<Answer></Answer>
	</QAPair>
	<QAPair pid="2">
			<Question qid="0000063-2" qtype="causes">What causes Acrodermatitis ?</Question>
			<Answer></Answer>
	</QAPair>
	<QAPair pid="3">
			<Question qid="0000063-3" qtype="symptoms">What are the symptoms of Acrodermatitis ?</Question>
			<Answer></Answer>
	</QAPair>
	<QAPair pid="4">
			<Question qid="0000063-4" qtype="exams and tests">How to diagnose Acrodermatitis ?</Question>
			<Answer></Answer>
	</QAPair>
	<QAPair pid="5">
			<Question qid="0000063-5" qtype="treatment">What are the treatments for Acrodermatitis ?</Question>
			<Answer></Answer>
	</QAPair>
	<QAPair pid="6">
			<Question qid="0000063-6" qtype="outlook">What is the outlook for Acrodermatitis ?</Question>
			<Answer></Answer>
	</QAPair>
	<QAPair pid="7">
			<Question qid="0000063-7" qtype="complications">What are the complications of Acrodermatitis ?</Question>
			<Answer></Answer>
	</QAPair>
	<QAPair pid="8">
			<Question qid="0000063-8" qtype="when to contact a medical professional">Do I need to see a doctor for Acrodermatitis ?</Question>
			<Answer></Answer>
	</QAPair>
</QAPairs>
</Document>
