<?xml version="1.0" encoding="UTF-8"?>
<Document id="0000260" source="ADAM" url="https://www.nlm.nih.gov/medlineplus/ency/article/002925.htm">
 <!--Answers from the A.D.A.M. medical encyclopedia were removed to comply with the MedlinePlus copyright-->
<Focus>Anti-reflux surgery</Focus>
<FocusAnnotations>
	<Category>Disease</Category>
	<UMLS>
		<CUIs>
			<CUI>C0017168</CUI>
			<CUI>C0232483</CUI>
			<CUI>C0940159</CUI>
		</CUIs>
		<SemanticTypes>
			<SemanticType>T046</SemanticType>
			<SemanticType>T047</SemanticType>
			<SemanticType>T033</SemanticType>
		</SemanticTypes>
		<SemanticGroup>Disorders</SemanticGroup>
	</UMLS>
	<Synonyms>
		<Synonym>Fundoplication</Synonym>
		<Synonym>Nissen fundoplication</Synonym>
		<Synonym>Belsey (Mark IV) fundoplication</Synonym>
		<Synonym>Toupet fundoplication</Synonym>
		<Synonym>Thal fundoplication</Synonym>
		<Synonym>Hiatal hernia repair</Synonym>
		<Synonym>Endoluminal fundoplication</Synonym>
	</Synonyms>
</FocusAnnotations>
<QAPairs>
	<QAPair pid="1">
			<Question qid="0000260-1" qtype="information">What is (are) Anti-reflux surgery ?</Question>
			<Answer></Answer>
	</QAPair>
	<QAPair pid="2">
			<Question qid="0000260-2" qtype="information">What is (are) Anti-reflux surgery ?</Question>
			<Answer></Answer>
	</QAPair>
	<QAPair pid="4">
			<Question qid="0000260-4" qtype="susceptibility">Who is at risk for Anti-reflux surgery? ?</Question>
			<Answer></Answer>
	</QAPair>
	<QAPair pid="7">
			<Question qid="0000260-7" qtype="outlook">What is the outlook for Anti-reflux surgery ?</Question>
			<Answer></Answer>
	</QAPair>
</QAPairs>
</Document>
