<?xml version="1.0" encoding="UTF-8"?>
<Document id="0000291" source="ADAM" url="https://www.nlm.nih.gov/medlineplus/ency/article/007319.htm">
 <!--Answers from the A.D.A.M. medical encyclopedia were removed to comply with the MedlinePlus copyright-->
<Focus>Aortopulmonary window</Focus>
<FocusAnnotations>
	<Category>Disease</Category>
	<UMLS>
		<CUIs>
			<CUI>C0003516</CUI>
			<CUI>C2040748</CUI>
		</CUIs>
		<SemanticTypes>
			<SemanticType>T019</SemanticType>
			<SemanticType>T033</SemanticType>
		</SemanticTypes>
		<SemanticGroup>Disorders</SemanticGroup>
	</UMLS>
	<Synonyms>
		<Synonym>Aortopulmonary septal defect</Synonym>
		<Synonym>Aortopulmonary fenestration</Synonym>
	</Synonyms>
</FocusAnnotations>
<QAPairs>
	<QAPair pid="1">
			<Question qid="0000291-1" qtype="information">What is (are) Aortopulmonary window ?</Question>
			<Answer></Answer>
	</QAPair>
	<QAPair pid="2">
			<Question qid="0000291-2" qtype="causes">What causes Aortopulmonary window ?</Question>
			<Answer></Answer>
	</QAPair>
	<QAPair pid="3">
			<Question qid="0000291-3" qtype="symptoms">What are the symptoms of Aortopulmonary window ?</Question>
			<Answer></Answer>
	</QAPair>
	<QAPair pid="4">
			<Question qid="0000291-4" qtype="exams and tests">How to diagnose Aortopulmonary window ?</Question>
			<Answer></Answer>
	</QAPair>
	<QAPair pid="5">
			<Question qid="0000291-5" qtype="treatment">What are the treatments for Aortopulmonary window ?</Question>
			<Answer></Answer>
	</QAPair>
	<QAPair pid="6">
			<Question qid="0000291-6" qtype="outlook">What is the outlook for Aortopulmonary window ?</Question>
			<Answer></Answer>
	</QAPair>
	<QAPair pid="7">
			<Question qid="0000291-7" qtype="complications">What are the complications of Aortopulmonary window ?</Question>
			<Answer></Answer>
	</QAPair>
	<QAPair pid="8">
			<Question qid="0000291-8" qtype="when to contact a medical professional">Do I need to see a doctor for Aortopulmonary window ?</Question>
			<Answer></Answer>
	</QAPair>
	<QAPair pid="9">
			<Question qid="0000291-9" qtype="prevention">How to prevent Aortopulmonary window ?</Question>
			<Answer></Answer>
	</QAPair>
</QAPairs>
</Document>
