<?xml version="1.0" encoding="UTF-8"?>
<Document id="0000387" source="ADAM" url="https://www.nlm.nih.gov/medlineplus/ency/patientinstructions/000519.htm">
 <!--Answers from the A.D.A.M. medical encyclopedia were removed to comply with the MedlinePlus copyright-->
<Focus>Back pain and sports</Focus>
<FocusAnnotations>
	<Category>Disease</Category>
	<UMLS>
		<CUIs>
			<CUI>C0004604</CUI>
		</CUIs>
		<SemanticTypes>
			<SemanticType>T184</SemanticType>
		</SemanticTypes>
		<SemanticGroup>Disorders</SemanticGroup>
	</UMLS>
</FocusAnnotations>
<QAPairs>
	<QAPair pid="1">
			<Question qid="0000387-1" qtype="information">What is (are) Back pain and sports ?</Question>
			<Answer></Answer>
	</QAPair>
</QAPairs>
</Document>
