<?xml version="1.0" encoding="UTF-8"?>
<Document id="0000173" source="ADAM" url="https://www.nlm.nih.gov/medlineplus/ency/article/002189.htm">
 <!--Answers from the A.D.A.M. medical encyclopedia were removed to comply with the MedlinePlus copyright-->
<Focus>ALS - resources</Focus>
<FocusAnnotations>
	<Category>Other</Category>
	<Synonyms>
		<Synonym>Resources - ALS</Synonym>
	</Synonyms>
</FocusAnnotations>
<QAPairs>
	<QAPair pid="1">
			<Question qid="0000173-1" qtype="information">Do you have information about ALS - resources</Question>
			<Answer></Answer>
	</QAPair>
</QAPairs>
</Document>
