<?xml version="1.0" encoding="UTF-8"?>
<Document id="0000359" source="ADAM" url="https://www.nlm.nih.gov/medlineplus/ency/article/003341.htm">
 <!--Answers from the A.D.A.M. medical encyclopedia were removed to comply with the MedlinePlus copyright-->
<Focus>Audiometry</Focus>
<FocusAnnotations>
	<Category>Other</Category>
	<Synonyms>
		<Synonym>Audiometry</Synonym>
		<Synonym>Hearing test</Synonym>
		<Synonym>Audiography (audiogram)</Synonym>
	</Synonyms>
</FocusAnnotations>
<QAPairs>
	<QAPair pid="1">
			<Question qid="0000359-1" qtype="information">Do you have information about Audiometry</Question>
			<Answer></Answer>
	</QAPair>
</QAPairs>
</Document>
