<?xml version="1.0" encoding="UTF-8"?>
<Document id="0000261" source="ADAM" url="https://www.nlm.nih.gov/medlineplus/ency/article/007401.htm">
 <!--Answers from the A.D.A.M. medical encyclopedia were removed to comply with the MedlinePlus copyright-->
<Focus>Anti-reflux surgery - children</Focus>
<FocusAnnotations>
	<Category>Disease</Category>
	<UMLS>
		<CUIs>
			<CUI>C0017168</CUI>
			<CUI>C0232483</CUI>
			<CUI>C0940159</CUI>
		</CUIs>
		<SemanticTypes>
			<SemanticType>T046</SemanticType>
			<SemanticType>T047</SemanticType>
			<SemanticType>T033</SemanticType>
		</SemanticTypes>
		<SemanticGroup>Disorders</SemanticGroup>
	</UMLS>
	<Synonyms>
		<Synonym>Fundoplication - children</Synonym>
		<Synonym>Nissen fundoplication - children</Synonym>
		<Synonym>Belsey (Mark IV) fundoplication - children</Synonym>
		<Synonym>Toupet fundoplication - children</Synonym>
		<Synonym>Thal fundoplication - children</Synonym>
		<Synonym>Hiatal hernia repair - children</Synonym>
		<Synonym>Endoluminal fundoplication - children</Synonym>
	</Synonyms>
</FocusAnnotations>
<QAPairs>
	<QAPair pid="1">
			<Question qid="0000261-1" qtype="information">What is (are) Anti-reflux surgery - children ?</Question>
			<Answer></Answer>
	</QAPair>
	<QAPair pid="2">
			<Question qid="0000261-2" qtype="information">What is (are) Anti-reflux surgery - children ?</Question>
			<Answer></Answer>
	</QAPair>
	<QAPair pid="4">
			<Question qid="0000261-4" qtype="susceptibility">Who is at risk for Anti-reflux surgery - children? ?</Question>
			<Answer></Answer>
	</QAPair>
	<QAPair pid="7">
			<Question qid="0000261-7" qtype="outlook">What is the outlook for Anti-reflux surgery - children ?</Question>
			<Answer></Answer>
	</QAPair>
</QAPairs>
</Document>
