<?xml version="1.0" encoding="UTF-8"?>
<Document id="0000444" source="ADAM" url="https://www.nlm.nih.gov/medlineplus/ency/article/003595.htm">
 <!--Answers from the A.D.A.M. medical encyclopedia were removed to comply with the MedlinePlus copyright-->
<Focus>Bilirubin - urine</Focus>
<FocusAnnotations>
	<Category>Other</Category>
	<Synonyms>
		<Synonym>Conjugated bilirubin - urine</Synonym>
		<Synonym>Direct bilirubin - urine</Synonym>
	</Synonyms>
</FocusAnnotations>
<QAPairs>
	<QAPair pid="1">
			<Question qid="0000444-1" qtype="information">Do you have information about Bilirubin - urine</Question>
			<Answer></Answer>
	</QAPair>
</QAPairs>
</Document>
