<?xml version="1.0" encoding="UTF-8"?>
<Document id="0000155" source="ADAM" url="https://www.nlm.nih.gov/medlineplus/ency/article/000813.htm">
 <!--Answers from the A.D.A.M. medical encyclopedia were removed to comply with the MedlinePlus copyright-->
<Focus>Allergic rhinitis</Focus>
<FocusAnnotations>
	<Category>Disease</Category>
	<UMLS>
		<CUIs>
			<CUI>C2607914</CUI>
		</CUIs>
		<SemanticTypes>
			<SemanticType>T047</SemanticType>
		</SemanticTypes>
		<SemanticGroup>Disorders</SemanticGroup>
	</UMLS>
	<Synonyms>
		<Synonym>Hay fever</Synonym>
		<Synonym>Nasal allergies</Synonym>
		<Synonym>Seasonal allergy</Synonym>
		<Synonym>Seasonal allergic rhinitis</Synonym>
	</Synonyms>
</FocusAnnotations>
<QAPairs>
	<QAPair pid="1">
			<Question qid="0000155-1" qtype="information">What is (are) Allergic rhinitis ?</Question>
			<Answer></Answer>
	</QAPair>
	<QAPair pid="2">
			<Question qid="0000155-2" qtype="causes">What causes Allergic rhinitis ?</Question>
			<Answer></Answer>
	</QAPair>
	<QAPair pid="3">
			<Question qid="0000155-3" qtype="symptoms">What are the symptoms of Allergic rhinitis ?</Question>
			<Answer></Answer>
	</QAPair>
	<QAPair pid="4">
			<Question qid="0000155-4" qtype="exams and tests">How to diagnose Allergic rhinitis ?</Question>
			<Answer></Answer>
	</QAPair>
	<QAPair pid="5">
			<Question qid="0000155-5" qtype="treatment">What are the treatments for Allergic rhinitis ?</Question>
			<Answer></Answer>
	</QAPair>
	<QAPair pid="6">
			<Question qid="0000155-6" qtype="outlook">What is the outlook for Allergic rhinitis ?</Question>
			<Answer></Answer>
	</QAPair>
	<QAPair pid="7">
			<Question qid="0000155-7" qtype="when to contact a medical professional">Do I need to see a doctor for Allergic rhinitis ?</Question>
			<Answer></Answer>
	</QAPair>
	<QAPair pid="8">
			<Question qid="0000155-8" qtype="prevention">How to prevent Allergic rhinitis ?</Question>
			<Answer></Answer>
	</QAPair>
</QAPairs>
</Document>
