<?xml version="1.0" encoding="UTF-8"?>
<Document id="0000284" source="ADAM" url="https://www.nlm.nih.gov/medlineplus/ency/article/003814.htm">
 <!--Answers from the A.D.A.M. medical encyclopedia were removed to comply with the MedlinePlus copyright-->
<Focus>Aortic angiography</Focus>
<FocusAnnotations>
	<Category>Other</Category>
	<Synonyms>
		<Synonym>Angiography - aorta</Synonym>
		<Synonym>Aortography</Synonym>
		<Synonym>Abdominal aorta angiogram</Synonym>
		<Synonym>Aortic arteriogram</Synonym>
	</Synonyms>
</FocusAnnotations>
<QAPairs>
	<QAPair pid="1">
			<Question qid="0000284-1" qtype="information">Do you have information about Aortic angiography</Question>
			<Answer></Answer>
	</QAPair>
</QAPairs>
</Document>
