<?xml version="1.0" encoding="UTF-8"?>
<Document id="0000184" source="ADAM" url="https://www.nlm.nih.gov/medlineplus/ency/article/000211.htm">
 <!--Answers from the A.D.A.M. medical encyclopedia were removed to comply with the MedlinePlus copyright-->
<Focus>Amebic liver abscess</Focus>
<FocusAnnotations>
	<Category>Disease</Category>
	<UMLS>
		<CUIs>
			<CUI>C0023886</CUI>
		</CUIs>
		<SemanticTypes>
			<SemanticType>T047</SemanticType>
		</SemanticTypes>
		<SemanticGroup>Disorders</SemanticGroup>
	</UMLS>
	<Synonyms>
		<Synonym>Hepatic amebiasis</Synonym>
		<Synonym>Extraintestinal amebiasis</Synonym>
		<Synonym>Abscess - amebic liver</Synonym>
	</Synonyms>
</FocusAnnotations>
<QAPairs>
	<QAPair pid="1">
			<Question qid="0000184-1" qtype="information">What is (are) Amebic liver abscess ?</Question>
			<Answer></Answer>
	</QAPair>
	<QAPair pid="2">
			<Question qid="0000184-2" qtype="causes">What causes Amebic liver abscess ?</Question>
			<Answer></Answer>
	</QAPair>
	<QAPair pid="3">
			<Question qid="0000184-3" qtype="symptoms">What are the symptoms of Amebic liver abscess ?</Question>
			<Answer></Answer>
	</QAPair>
	<QAPair pid="4">
			<Question qid="0000184-4" qtype="exams and tests">How to diagnose Amebic liver abscess ?</Question>
			<Answer></Answer>
	</QAPair>
	<QAPair pid="5">
			<Question qid="0000184-5" qtype="treatment">What are the treatments for Amebic liver abscess ?</Question>
			<Answer></Answer>
	</QAPair>
	<QAPair pid="6">
			<Question qid="0000184-6" qtype="outlook">What is the outlook for Amebic liver abscess ?</Question>
			<Answer></Answer>
	</QAPair>
	<QAPair pid="7">
			<Question qid="0000184-7" qtype="complications">What are the complications of Amebic liver abscess ?</Question>
			<Answer></Answer>
	</QAPair>
	<QAPair pid="8">
			<Question qid="0000184-8" qtype="when to contact a medical professional">Do I need to see a doctor for Amebic liver abscess ?</Question>
			<Answer></Answer>
	</QAPair>
	<QAPair pid="9">
			<Question qid="0000184-9" qtype="prevention">How to prevent Amebic liver abscess ?</Question>
			<Answer></Answer>
	</QAPair>
</QAPairs>
</Document>
