<?xml version="1.0" encoding="UTF-8"?>
<Document id="0000353" source="ADAM" url="https://www.nlm.nih.gov/medlineplus/ency/patientinstructions/000237.htm">
 <!--Answers from the A.D.A.M. medical encyclopedia were removed to comply with the MedlinePlus copyright-->
<Focus>Atrial fibrillation - discharge</Focus>
<FocusAnnotations>
	<Category>Disease</Category>
	<UMLS>
		<CUIs>
			<CUI>C0004238</CUI>
		</CUIs>
		<SemanticTypes>
			<SemanticType>T047</SemanticType>
		</SemanticTypes>
		<SemanticGroup>Disorders</SemanticGroup>
	</UMLS>
	<Synonyms>
		<Synonym>Auricular fibrillation - discharge</Synonym>
		<Synonym>A-fib - discharge</Synonym>
		<Synonym>AF - discharge</Synonym>
		<Synonym>Afib - discharge</Synonym>
	</Synonyms>
</FocusAnnotations>
<QAPairs>
	<QAPair pid="1">
			<Question qid="0000353-1" qtype="information">What is (are) Atrial fibrillation - discharge ?</Question>
			<Answer></Answer>
	</QAPair>
	<QAPair pid="4">
			<Question qid="0000353-4" qtype="when to contact a medical professional">Do I need to see a doctor for Atrial fibrillation - discharge ?</Question>
			<Answer></Answer>
	</QAPair>
</QAPairs>
</Document>
