<?xml version="1.0" encoding="UTF-8"?>
<Document id="0000412" source="ADAM" url="https://www.nlm.nih.gov/medlineplus/ency/patientinstructions/000703.htm">
 <!--Answers from the A.D.A.M. medical encyclopedia were removed to comply with the MedlinePlus copyright-->
<Focus>Bedwetting</Focus>
<FocusAnnotations>
	<Category>Disease</Category>
	<UMLS>
		<CUIs>
			<CUI>C0270327</CUI>
		</CUIs>
		<SemanticTypes>
			<SemanticType>T184</SemanticType>
		</SemanticTypes>
		<SemanticGroup>Disorders</SemanticGroup>
	</UMLS>
	<Synonyms>
		<Synonym>Enuresis</Synonym>
		<Synonym>Nocturnal enuresis</Synonym>
	</Synonyms>
</FocusAnnotations>
<QAPairs>
	<QAPair pid="1">
			<Question qid="0000412-1" qtype="information">What is (are) Bedwetting ?</Question>
			<Answer></Answer>
	</QAPair>
	<QAPair pid="2">
			<Question qid="0000412-2" qtype="causes">What causes Bedwetting ?</Question>
			<Answer></Answer>
	</QAPair>
</QAPairs>
</Document>
