<?xml version="1.0" encoding="UTF-8"?>
<Document id="0000225" source="ADAM" url="https://www.nlm.nih.gov/medlineplus/ency/patientinstructions/000207.htm">
 <!--Answers from the A.D.A.M. medical encyclopedia were removed to comply with the MedlinePlus copyright-->
<Focus>Angina - what to ask your doctor</Focus>
<FocusAnnotations>
	<Category>Disease</Category>
	<UMLS>
		<CUIs>
			<CUI>C0002962</CUI>
		</CUIs>
		<SemanticTypes>
			<SemanticType>T033</SemanticType>
		</SemanticTypes>
		<SemanticGroup>Disorders</SemanticGroup>
	</UMLS>
	<Synonyms>
		<Synonym>What to ask your doctor about angina and heart disease</Synonym>
		<Synonym>Coronary artery disease - what to ask your doctor</Synonym>
	</Synonyms>
</FocusAnnotations>
<QAPairs>
	<QAPair pid="1">
			<Question qid="0000225-1" qtype="information">What is (are) Angina - what to ask your doctor ?</Question>
			<Answer></Answer>
	</QAPair>
</QAPairs>
</Document>
