<?xml version="1.0" encoding="UTF-8"?>
<Document id="0000090" source="ADAM" url="https://www.nlm.nih.gov/medlineplus/ency/article/000932.htm">
 <!--Answers from the A.D.A.M. medical encyclopedia were removed to comply with the MedlinePlus copyright-->
<Focus>Adjustment disorder</Focus>
<FocusAnnotations>
	<Category>Disease</Category>
	<UMLS>
		<CUIs>
			<CUI>C0001546</CUI>
		</CUIs>
		<SemanticTypes>
			<SemanticType>T048</SemanticType>
		</SemanticTypes>
		<SemanticGroup>Disorders</SemanticGroup>
	</UMLS>
</FocusAnnotations>
<QAPairs>
	<QAPair pid="1">
			<Question qid="0000090-1" qtype="information">What is (are) Adjustment disorder ?</Question>
			<Answer></Answer>
	</QAPair>
	<QAPair pid="2">
			<Question qid="0000090-2" qtype="causes">What causes Adjustment disorder ?</Question>
			<Answer></Answer>
	</QAPair>
	<QAPair pid="3">
			<Question qid="0000090-3" qtype="symptoms">What are the symptoms of Adjustment disorder ?</Question>
			<Answer></Answer>
	</QAPair>
	<QAPair pid="4">
			<Question qid="0000090-4" qtype="exams and tests">How to diagnose Adjustment disorder ?</Question>
			<Answer></Answer>
	</QAPair>
	<QAPair pid="5">
			<Question qid="0000090-5" qtype="treatment">What are the treatments for Adjustment disorder ?</Question>
			<Answer></Answer>
	</QAPair>
	<QAPair pid="6">
			<Question qid="0000090-6" qtype="outlook">What is the outlook for Adjustment disorder ?</Question>
			<Answer></Answer>
	</QAPair>
	<QAPair pid="7">
			<Question qid="0000090-7" qtype="when to contact a medical professional">Do I need to see a doctor for Adjustment disorder ?</Question>
			<Answer></Answer>
	</QAPair>
</QAPairs>
</Document>
