<?xml version="1.0" encoding="UTF-8"?>
<Document id="0000092" source="ADAM" url="https://www.nlm.nih.gov/medlineplus/ency/article/002054.htm">
 <!--Answers from the A.D.A.M. medical encyclopedia were removed to comply with the MedlinePlus copyright-->
<Focus>Adolescent test or procedure preparation</Focus>
<FocusAnnotations>
	<Category>Disease</Category>
	<UMLS>
		<CUIs>
			<CUI>C0456984</CUI>
		</CUIs>
		<SemanticTypes>
			<SemanticType>T033</SemanticType>
		</SemanticTypes>
		<SemanticGroup>Disorders</SemanticGroup>
	</UMLS>
	<Synonyms>
		<Synonym>Test/procedure preparation - adolescent</Synonym>
		<Synonym>Preparing adolescent for test/procedure</Synonym>
		<Synonym>Preparing for a medical test or procedure - adolescent</Synonym>
	</Synonyms>
</FocusAnnotations>
<QAPairs>
	<QAPair pid="1">
			<Question qid="0000092-1" qtype="information">What is (are) Adolescent test or procedure preparation ?</Question>
			<Answer></Answer>
	</QAPair>
	<QAPair pid="2">
			<Question qid="0000092-2" qtype="information">What is (are) Adolescent test or procedure preparation ?</Question>
			<Answer></Answer>
	</QAPair>
</QAPairs>
</Document>
