<?xml version="1.0" encoding="UTF-8"?>
<Document id="0000185" source="ADAM" url="https://www.nlm.nih.gov/medlineplus/ency/article/001578.htm">
 <!--Answers from the A.D.A.M. medical encyclopedia were removed to comply with the MedlinePlus copyright-->
<Focus>Amelogenesis imperfecta</Focus>
<FocusAnnotations>
	<Category>Disease</Category>
	<UMLS>
		<CUIs>
			<CUI>C0002452</CUI>
		</CUIs>
		<SemanticTypes>
			<SemanticType>T019</SemanticType>
		</SemanticTypes>
		<SemanticGroup>Disorders</SemanticGroup>
	</UMLS>
</FocusAnnotations>
<QAPairs>
	<QAPair pid="1">
			<Question qid="0000185-1" qtype="information">What is (are) Amelogenesis imperfecta ?</Question>
			<Answer></Answer>
	</QAPair>
	<QAPair pid="2">
			<Question qid="0000185-2" qtype="causes">What causes Amelogenesis imperfecta ?</Question>
			<Answer></Answer>
	</QAPair>
	<QAPair pid="3">
			<Question qid="0000185-3" qtype="symptoms">What are the symptoms of Amelogenesis imperfecta ?</Question>
			<Answer></Answer>
	</QAPair>
	<QAPair pid="4">
			<Question qid="0000185-4" qtype="exams and tests">How to diagnose Amelogenesis imperfecta ?</Question>
			<Answer></Answer>
	</QAPair>
	<QAPair pid="5">
			<Question qid="0000185-5" qtype="treatment">What are the treatments for Amelogenesis imperfecta ?</Question>
			<Answer></Answer>
	</QAPair>
	<QAPair pid="6">
			<Question qid="0000185-6" qtype="outlook">What is the outlook for Amelogenesis imperfecta ?</Question>
			<Answer></Answer>
	</QAPair>
	<QAPair pid="7">
			<Question qid="0000185-7" qtype="complications">What are the complications of Amelogenesis imperfecta ?</Question>
			<Answer></Answer>
	</QAPair>
	<QAPair pid="8">
			<Question qid="0000185-8" qtype="when to contact a medical professional">Do I need to see a doctor for Amelogenesis imperfecta ?</Question>
			<Answer></Answer>
	</QAPair>
</QAPairs>
</Document>
