<?xml version="1.0" encoding="UTF-8"?>
<Document id="0000312" source="ADAM" url="https://www.nlm.nih.gov/medlineplus/ency/article/001101.htm">
 <!--Answers from the A.D.A.M. medical encyclopedia were removed to comply with the MedlinePlus copyright-->
<Focus>Arrhythmias</Focus>
<FocusAnnotations>
	<Category>Disease</Category>
	<UMLS>
		<CUIs>
			<CUI>C0003811</CUI>
		</CUIs>
		<SemanticTypes>
			<SemanticType>T033</SemanticType>
		</SemanticTypes>
		<SemanticGroup>Disorders</SemanticGroup>
	</UMLS>
	<Synonyms>
		<Synonym>Abnormal heart rhythms</Synonym>
		<Synonym>Bradycardia</Synonym>
		<Synonym>Tachycardia</Synonym>
	</Synonyms>
</FocusAnnotations>
<QAPairs>
	<QAPair pid="1">
			<Question qid="0000312-1" qtype="information">What is (are) Arrhythmias ?</Question>
			<Answer></Answer>
	</QAPair>
	<QAPair pid="2">
			<Question qid="0000312-2" qtype="causes">What causes Arrhythmias ?</Question>
			<Answer></Answer>
	</QAPair>
	<QAPair pid="3">
			<Question qid="0000312-3" qtype="symptoms">What are the symptoms of Arrhythmias ?</Question>
			<Answer></Answer>
	</QAPair>
	<QAPair pid="4">
			<Question qid="0000312-4" qtype="exams and tests">How to diagnose Arrhythmias ?</Question>
			<Answer></Answer>
	</QAPair>
	<QAPair pid="5">
			<Question qid="0000312-5" qtype="treatment">What are the treatments for Arrhythmias ?</Question>
			<Answer></Answer>
	</QAPair>
	<QAPair pid="6">
			<Question qid="0000312-6" qtype="outlook">What is the outlook for Arrhythmias ?</Question>
			<Answer></Answer>
	</QAPair>
	<QAPair pid="7">
			<Question qid="0000312-7" qtype="when to contact a medical professional">Do I need to see a doctor for Arrhythmias ?</Question>
			<Answer></Answer>
	</QAPair>
	<QAPair pid="8">
			<Question qid="0000312-8" qtype="prevention">How to prevent Arrhythmias ?</Question>
			<Answer></Answer>
	</QAPair>
</QAPairs>
</Document>
