<?xml version="1.0" encoding="UTF-8"?>
<Document id="0000196" source="ADAM" url="https://www.nlm.nih.gov/medlineplus/ency/article/001579.htm">
 <!--Answers from the A.D.A.M. medical encyclopedia were removed to comply with the MedlinePlus copyright-->
<Focus>Amniotic constriction bands</Focus>
<FocusAnnotations>
	<Category>Disease</Category>
	<UMLS>
		<CUIs>
			<CUI>C1261287</CUI>
		</CUIs>
		<SemanticTypes>
			<SemanticType>T046</SemanticType>
		</SemanticTypes>
		<SemanticGroup>Disorders</SemanticGroup>
	</UMLS>
	<Synonyms>
		<Synonym>Pseudo-ainhum</Synonym>
		<Synonym>Streeter's dysplasia</Synonym>
		<Synonym>Amniotic band sequence</Synonym>
		<Synonym>Amniotic band syndrome</Synonym>
	</Synonyms>
</FocusAnnotations>
<QAPairs>
	<QAPair pid="1">
			<Question qid="0000196-1" qtype="information">What is (are) Amniotic constriction bands ?</Question>
			<Answer></Answer>
	</QAPair>
	<QAPair pid="2">
			<Question qid="0000196-2" qtype="causes">What causes Amniotic constriction bands ?</Question>
			<Answer></Answer>
	</QAPair>
	<QAPair pid="3">
			<Question qid="0000196-3" qtype="symptoms">What are the symptoms of Amniotic constriction bands ?</Question>
			<Answer></Answer>
	</QAPair>
	<QAPair pid="4">
			<Question qid="0000196-4" qtype="exams and tests">How to diagnose Amniotic constriction bands ?</Question>
			<Answer></Answer>
	</QAPair>
	<QAPair pid="5">
			<Question qid="0000196-5" qtype="treatment">What are the treatments for Amniotic constriction bands ?</Question>
			<Answer></Answer>
	</QAPair>
	<QAPair pid="6">
			<Question qid="0000196-6" qtype="outlook">What is the outlook for Amniotic constriction bands ?</Question>
			<Answer></Answer>
	</QAPair>
	<QAPair pid="7">
			<Question qid="0000196-7" qtype="complications">What are the complications of Amniotic constriction bands ?</Question>
			<Answer></Answer>
	</QAPair>
</QAPairs>
</Document>
