<?xml version="1.0" encoding="UTF-8"?>
<Document id="0000008" source="ADAM" url="https://www.nlm.nih.gov/medlineplus/ency/article/007392.htm">
 <!--Answers from the A.D.A.M. medical encyclopedia were removed to comply with the MedlinePlus copyright-->
<Focus>Abdominal aortic aneurysm repair - open</Focus>
<FocusAnnotations>
	<Category>Other</Category>
	<Synonyms>
		<Synonym>AAA - open</Synonym>
		<Synonym>Repair - aortic aneurysm - open</Synonym>
	</Synonyms>
</FocusAnnotations>
<QAPairs>
	<QAPair pid="1">
			<Question qid="0000008-1" qtype="information">Do you have information about Abdominal aortic aneurysm repair - open</Question>
			<Answer></Answer>
	</QAPair>
</QAPairs>
</Document>
