<?xml version="1.0" encoding="UTF-8"?>
<Document id="0000333" source="ADAM" url="https://www.nlm.nih.gov/medlineplus/ency/patientinstructions/000509.htm">
 <!--Answers from the A.D.A.M. medical encyclopedia were removed to comply with the MedlinePlus copyright-->
<Focus>Assisted delivery with forceps</Focus>
<FocusAnnotations>
	<Category>Disease</Category>
	<UMLS>
		<CUIs>
			<CUI>C2053584</CUI>
		</CUIs>
		<SemanticTypes>
			<SemanticType>T033</SemanticType>
		</SemanticTypes>
		<SemanticGroup>Disorders</SemanticGroup>
	</UMLS>
</FocusAnnotations>
<QAPairs>
	<QAPair pid="1">
			<Question qid="0000333-1" qtype="information">What is (are) Assisted delivery with forceps ?</Question>
			<Answer></Answer>
	</QAPair>
	<QAPair pid="4">
			<Question qid="0000333-4" qtype="susceptibility">Who is at risk for Assisted delivery with forceps? ?</Question>
			<Answer></Answer>
	</QAPair>
</QAPairs>
</Document>
