<?xml version="1.0" encoding="UTF-8"?>
<Document id="0000378" source="ADAM" url="https://www.nlm.nih.gov/medlineplus/ency/article/003518.htm">
 <!--Answers from the A.D.A.M. medical encyclopedia were removed to comply with the MedlinePlus copyright-->
<Focus>B-cell leukemia/lymphoma panel</Focus>
<FocusAnnotations>
	<Category>Disease</Category>
	<UMLS>
		<CUIs>
			<CUI>C0023418</CUI>
		</CUIs>
		<SemanticTypes>
			<SemanticType>T191</SemanticType>
		</SemanticTypes>
		<SemanticGroup>Disorders</SemanticGroup>
	</UMLS>
	<Synonyms>
		<Synonym>B lymphocyte cell surface markers</Synonym>
	</Synonyms>
</FocusAnnotations>
<QAPairs>
	<QAPair pid="1">
			<Question qid="0000378-1" qtype="information">What is (are) B-cell leukemia/lymphoma panel ?</Question>
			<Answer></Answer>
	</QAPair>
	<QAPair pid="7">
			<Question qid="0000378-7" qtype="susceptibility">Who is at risk for B-cell leukemia/lymphoma panel? ?</Question>
			<Answer></Answer>
	</QAPair>
</QAPairs>
</Document>
