<?xml version="1.0" encoding="UTF-8"?>
<Document id="0000259" source="ADAM" url="https://www.nlm.nih.gov/medlineplus/ency/article/003375.htm">
 <!--Answers from the A.D.A.M. medical encyclopedia were removed to comply with the MedlinePlus copyright-->
<Focus>Anti-insulin antibody test</Focus>
<FocusAnnotations>
	<Category>Other</Category>
	<Synonyms>
		<Synonym>Insulin antibodies - serum</Synonym>
		<Synonym>Insulin Ab test</Synonym>
	</Synonyms>
</FocusAnnotations>
<QAPairs>
	<QAPair pid="1">
			<Question qid="0000259-1" qtype="information">Do you have information about Anti-insulin antibody test</Question>
			<Answer></Answer>
	</QAPair>
</QAPairs>
</Document>
