<?xml version="1.0" encoding="UTF-8"?>
<Document id="0000084" source="ADAM" url="https://www.nlm.nih.gov/medlineplus/ency/article/000103.htm">
 <!--Answers from the A.D.A.M. medical encyclopedia were removed to comply with the MedlinePlus copyright-->
<Focus>Acute respiratory distress syndrome</Focus>
<FocusAnnotations>
	<Category>Disease</Category>
	<UMLS>
		<CUIs>
			<CUI>C0035222</CUI>
			<CUI>C0700361</CUI>
		</CUIs>
		<SemanticTypes>
			<SemanticType>T048</SemanticType>
			<SemanticType>T047</SemanticType>
		</SemanticTypes>
		<SemanticGroup>Disorders</SemanticGroup>
	</UMLS>
	<Synonyms>
		<Synonym>Noncardiogenic pulmonary edema</Synonym>
		<Synonym>Increased-permeability pulmonary edema</Synonym>
		<Synonym>ARDS</Synonym>
		<Synonym>Acute lung injury</Synonym>
	</Synonyms>
</FocusAnnotations>
<QAPairs>
	<QAPair pid="1">
			<Question qid="0000084-1" qtype="information">What is (are) Acute respiratory distress syndrome ?</Question>
			<Answer></Answer>
	</QAPair>
	<QAPair pid="2">
			<Question qid="0000084-2" qtype="causes">What causes Acute respiratory distress syndrome ?</Question>
			<Answer></Answer>
	</QAPair>
	<QAPair pid="3">
			<Question qid="0000084-3" qtype="symptoms">What are the symptoms of Acute respiratory distress syndrome ?</Question>
			<Answer></Answer>
	</QAPair>
	<QAPair pid="4">
			<Question qid="0000084-4" qtype="exams and tests">How to diagnose Acute respiratory distress syndrome ?</Question>
			<Answer></Answer>
	</QAPair>
	<QAPair pid="5">
			<Question qid="0000084-5" qtype="treatment">What are the treatments for Acute respiratory distress syndrome ?</Question>
			<Answer></Answer>
	</QAPair>
	<QAPair pid="6">
			<Question qid="0000084-6" qtype="support groups">Where to find support for people with Acute respiratory distress syndrome ?</Question>
			<Answer></Answer>
	</QAPair>
	<QAPair pid="7">
			<Question qid="0000084-7" qtype="outlook">What is the outlook for Acute respiratory distress syndrome ?</Question>
			<Answer></Answer>
	</QAPair>
	<QAPair pid="8">
			<Question qid="0000084-8" qtype="complications">What are the complications of Acute respiratory distress syndrome ?</Question>
			<Answer></Answer>
	</QAPair>
	<QAPair pid="9">
			<Question qid="0000084-9" qtype="when to contact a medical professional">Do I need to see a doctor for Acute respiratory distress syndrome ?</Question>
			<Answer></Answer>
	</QAPair>
</QAPairs>
</Document>
