<?xml version="1.0" encoding="UTF-8"?>
<Document id="0000379" source="ADAM" url="https://www.nlm.nih.gov/medlineplus/ency/article/001966.htm">
 <!--Answers from the A.D.A.M. medical encyclopedia were removed to comply with the MedlinePlus copyright-->
<Focus>Babies and heat rashes</Focus>
<FocusAnnotations>
	<Category>Disease</Category>
	<UMLS>
		<CUIs>
			<CUI>C0221500</CUI>
			<CUI>C0015230</CUI>
		</CUIs>
		<SemanticTypes>
			<SemanticType>T047</SemanticType>
			<SemanticType>T184</SemanticType>
		</SemanticTypes>
		<SemanticGroup>Disorders</SemanticGroup>
	</UMLS>
	<Synonyms>
		<Synonym>Heat rashes and babies</Synonym>
		<Synonym>Prickly heat rash</Synonym>
		<Synonym>Red miliaria</Synonym>
	</Synonyms>
</FocusAnnotations>
<QAPairs>
	<QAPair pid="1">
			<Question qid="0000379-1" qtype="information">What is (are) Babies and heat rashes ?</Question>
			<Answer></Answer>
	</QAPair>
	<QAPair pid="2">
			<Question qid="0000379-2" qtype="information">What is (are) Babies and heat rashes ?</Question>
			<Answer></Answer>
	</QAPair>
</QAPairs>
</Document>
