<?xml version="1.0" encoding="UTF-8"?>
<Document id="0000210" source="ADAM" url="https://www.nlm.nih.gov/medlineplus/ency/article/002231.htm">
 <!--Answers from the A.D.A.M. medical encyclopedia were removed to comply with the MedlinePlus copyright-->
<Focus>Anastomosis</Focus>
<FocusAnnotations>
	<Category>Disease</Category>
	<UMLS>
		<CUIs>
			<CUI>C0332853</CUI>
		</CUIs>
		<SemanticTypes>
			<SemanticType>T020</SemanticType>
		</SemanticTypes>
		<SemanticGroup>Disorders</SemanticGroup>
	</UMLS>
</FocusAnnotations>
<QAPairs>
	<QAPair pid="1">
			<Question qid="0000210-1" qtype="information">What is (are) Anastomosis ?</Question>
			<Answer></Answer>
	</QAPair>
	<QAPair pid="2">
			<Question qid="0000210-2" qtype="information">What is (are) Anastomosis ?</Question>
			<Answer></Answer>
	</QAPair>
</QAPairs>
</Document>
