<?xml version="1.0" encoding="UTF-8"?>
<Document id="0000411" source="ADAM" url="https://www.nlm.nih.gov/medlineplus/ency/article/002392.htm">
 <!--Answers from the A.D.A.M. medical encyclopedia were removed to comply with the MedlinePlus copyright-->
<Focus>Bedtime habits</Focus>
<FocusAnnotations>
	<Category>Disease</Category>
	<UMLS>
		<CUIs>
			<CUI>C2242848</CUI>
		</CUIs>
		<SemanticTypes>
			<SemanticType>T033</SemanticType>
		</SemanticTypes>
		<SemanticGroup>Disorders</SemanticGroup>
	</UMLS>
</FocusAnnotations>
<QAPairs>
	<QAPair pid="1">
			<Question qid="0000411-1" qtype="information">What is (are) Bedtime habits ?</Question>
			<Answer></Answer>
	</QAPair>
</QAPairs>
</Document>
