<?xml version="1.0" encoding="UTF-8"?>
<Document id="0000318" source="ADAM" url="https://www.nlm.nih.gov/medlineplus/ency/article/002183.htm">
 <!--Answers from the A.D.A.M. medical encyclopedia were removed to comply with the MedlinePlus copyright-->
<Focus>Arthritis - resources</Focus>
<FocusAnnotations>
	<Category>Disease</Category>
	<UMLS>
		<CUIs>
			<CUI>C0003864</CUI>
		</CUIs>
		<SemanticTypes>
			<SemanticType>T047</SemanticType>
		</SemanticTypes>
		<SemanticGroup>Disorders</SemanticGroup>
	</UMLS>
	<Synonyms>
		<Synonym>Resources - arthritis</Synonym>
	</Synonyms>
</FocusAnnotations>
<QAPairs>
	<QAPair pid="1">
			<Question qid="0000318-1" qtype="information">What is (are) Arthritis - resources ?</Question>
			<Answer></Answer>
	</QAPair>
</QAPairs>
</Document>
