<?xml version="1.0" encoding="UTF-8"?>
<Document id="0000195" source="ADAM" url="https://www.nlm.nih.gov/medlineplus/ency/article/003921.htm">
 <!--Answers from the A.D.A.M. medical encyclopedia were removed to comply with the MedlinePlus copyright-->
<Focus>Amniocentesis</Focus>
<FocusAnnotations>
	<Category>Other</Category>
	<Synonyms>
		<Synonym>Culture - amniotic fluid</Synonym>
		<Synonym>Culture - amniotic cells</Synonym>
		<Synonym>Alpha-fetoprotein - amniocentesis</Synonym>
	</Synonyms>
</FocusAnnotations>
<QAPairs>
	<QAPair pid="1">
			<Question qid="0000195-1" qtype="information">Do you have information about Amniocentesis</Question>
			<Answer></Answer>
	</QAPair>
</QAPairs>
</Document>
