<?xml version="1.0" encoding="UTF-8"?>
<Document id="0000241" source="ADAM" url="https://www.nlm.nih.gov/medlineplus/ency/patientinstructions/000190.htm">
 <!--Answers from the A.D.A.M. medical encyclopedia were removed to comply with the MedlinePlus copyright-->
<Focus>Ankle replacement - discharge</Focus>
<FocusAnnotations>
	<Category>Disease</Category>
	<UMLS>
		<CUIs>
			<CUI>C2186375</CUI>
		</CUIs>
		<SemanticTypes>
			<SemanticType>T033</SemanticType>
		</SemanticTypes>
		<SemanticGroup>Disorders</SemanticGroup>
	</UMLS>
	<Synonyms>
		<Synonym>Ankle arthroplasty - total - discharge</Synonym>
		<Synonym>Total ankle arthroplasty - discharge</Synonym>
		<Synonym>Endoprosthetic ankle replacement - discharge</Synonym>
		<Synonym>Osteoarthritis - ankle</Synonym>
	</Synonyms>
</FocusAnnotations>
<QAPairs>
	<QAPair pid="1">
			<Question qid="0000241-1" qtype="information">What is (are) Ankle replacement - discharge ?</Question>
			<Answer></Answer>
	</QAPair>
	<QAPair pid="2">
			<Question qid="0000241-2" qtype="outlook">What is the outlook for Ankle replacement - discharge ?</Question>
			<Answer></Answer>
	</QAPair>
	<QAPair pid="6">
			<Question qid="0000241-6" qtype="when to contact a medical professional">Do I need to see a doctor for Ankle replacement - discharge ?</Question>
			<Answer></Answer>
	</QAPair>
</QAPairs>
</Document>
