<?xml version="1.0" encoding="UTF-8"?>
<Document id="0000363" source="ADAM" url="https://www.nlm.nih.gov/medlineplus/ency/article/001526.htm">
 <!--Answers from the A.D.A.M. medical encyclopedia were removed to comply with the MedlinePlus copyright-->
<Focus>Autism spectrum disorder</Focus>
<FocusAnnotations>
	<Category>Disease</Category>
	<UMLS>
		<CUIs>
			<CUI>C1510586</CUI>
		</CUIs>
		<SemanticTypes>
			<SemanticType>T048</SemanticType>
		</SemanticTypes>
		<SemanticGroup>Disorders</SemanticGroup>
	</UMLS>
	<Synonyms>
		<Synonym>Autism</Synonym>
		<Synonym>Autistic disorder</Synonym>
		<Synonym>Asperger syndrome</Synonym>
		<Synonym>Childhood disintegrative disorder</Synonym>
		<Synonym>Pervasive developmental disorder</Synonym>
	</Synonyms>
</FocusAnnotations>
<QAPairs>
	<QAPair pid="1">
			<Question qid="0000363-1" qtype="information">What is (are) Autism spectrum disorder ?</Question>
			<Answer></Answer>
	</QAPair>
	<QAPair pid="2">
			<Question qid="0000363-2" qtype="causes">What causes Autism spectrum disorder ?</Question>
			<Answer></Answer>
	</QAPair>
	<QAPair pid="3">
			<Question qid="0000363-3" qtype="symptoms">What are the symptoms of Autism spectrum disorder ?</Question>
			<Answer></Answer>
	</QAPair>
	<QAPair pid="4">
			<Question qid="0000363-4" qtype="exams and tests">How to diagnose Autism spectrum disorder ?</Question>
			<Answer></Answer>
	</QAPair>
	<QAPair pid="5">
			<Question qid="0000363-5" qtype="treatment">What are the treatments for Autism spectrum disorder ?</Question>
			<Answer></Answer>
	</QAPair>
	<QAPair pid="6">
			<Question qid="0000363-6" qtype="support groups">Where to find support for people with Autism spectrum disorder ?</Question>
			<Answer></Answer>
	</QAPair>
	<QAPair pid="7">
			<Question qid="0000363-7" qtype="outlook">What is the outlook for Autism spectrum disorder ?</Question>
			<Answer></Answer>
	</QAPair>
	<QAPair pid="8">
			<Question qid="0000363-8" qtype="complications">What are the complications of Autism spectrum disorder ?</Question>
			<Answer></Answer>
	</QAPair>
	<QAPair pid="9">
			<Question qid="0000363-9" qtype="when to contact a medical professional">Do I need to see a doctor for Autism spectrum disorder ?</Question>
			<Answer></Answer>
	</QAPair>
</QAPairs>
</Document>
