<?xml version="1.0" encoding="UTF-8"?>
<Document id="0000023" source="ADAM" url="https://www.nlm.nih.gov/medlineplus/ency/article/003777.htm">
 <!--Answers from the A.D.A.M. medical encyclopedia were removed to comply with the MedlinePlus copyright-->
<Focus>Abdominal ultrasound</Focus>
<FocusAnnotations>
	<Category>Other</Category>
	<Synonyms>
		<Synonym>Ultrasound - abdomen</Synonym>
		<Synonym>Abdominal sonogram</Synonym>
		<Synonym>Right upper quadrant sonogram</Synonym>
	</Synonyms>
</FocusAnnotations>
<QAPairs>
	<QAPair pid="1">
			<Question qid="0000023-1" qtype="information">Do you have information about Abdominal ultrasound</Question>
			<Answer></Answer>
	</QAPair>
</QAPairs>
</Document>
