<?xml version="1.0" encoding="UTF-8"?>
<Document id="0000228" source="ADAM" url="https://www.nlm.nih.gov/medlineplus/ency/article/000846.htm">
 <!--Answers from the A.D.A.M. medical encyclopedia were removed to comply with the MedlinePlus copyright-->
<Focus>Angioedema</Focus>
<FocusAnnotations>
	<Category>Disease</Category>
	<UMLS>
		<CUIs>
			<CUI>C0002994</CUI>
		</CUIs>
		<SemanticTypes>
			<SemanticType>T046</SemanticType>
		</SemanticTypes>
		<SemanticGroup>Disorders</SemanticGroup>
	</UMLS>
	<Synonyms>
		<Synonym>Angioneurotic edema</Synonym>
		<Synonym>Welts</Synonym>
	</Synonyms>
</FocusAnnotations>
<QAPairs>
	<QAPair pid="1">
			<Question qid="0000228-1" qtype="information">What is (are) Angioedema ?</Question>
			<Answer></Answer>
	</QAPair>
	<QAPair pid="2">
			<Question qid="0000228-2" qtype="causes">What causes Angioedema ?</Question>
			<Answer></Answer>
	</QAPair>
	<QAPair pid="3">
			<Question qid="0000228-3" qtype="symptoms">What are the symptoms of Angioedema ?</Question>
			<Answer></Answer>
	</QAPair>
	<QAPair pid="4">
			<Question qid="0000228-4" qtype="exams and tests">How to diagnose Angioedema ?</Question>
			<Answer></Answer>
	</QAPair>
	<QAPair pid="5">
			<Question qid="0000228-5" qtype="treatment">What are the treatments for Angioedema ?</Question>
			<Answer></Answer>
	</QAPair>
	<QAPair pid="6">
			<Question qid="0000228-6" qtype="outlook">What is the outlook for Angioedema ?</Question>
			<Answer></Answer>
	</QAPair>
	<QAPair pid="7">
			<Question qid="0000228-7" qtype="when to contact a medical professional">Do I need to see a doctor for Angioedema ?</Question>
			<Answer></Answer>
	</QAPair>
</QAPairs>
</Document>
