<?xml version="1.0" encoding="UTF-8"?>
<Document id="0000027" source="ADAM" url="https://www.nlm.nih.gov/medlineplus/ency/article/001306.htm">
 <!--Answers from the A.D.A.M. medical encyclopedia were removed to comply with the MedlinePlus copyright-->
<Focus>ABO incompatibility</Focus>
<FocusAnnotations>
	<Category>Disease</Category>
	<UMLS>
		<CUIs>
			<CUI>C0238580</CUI>
			<CUI>C0860218</CUI>
		</CUIs>
		<SemanticTypes>
			<SemanticType>T047</SemanticType>
			<SemanticType>T033</SemanticType>
		</SemanticTypes>
		<SemanticGroup>Disorders</SemanticGroup>
	</UMLS>
</FocusAnnotations>
<QAPairs>
	<QAPair pid="1">
			<Question qid="0000027-1" qtype="information">What is (are) ABO incompatibility ?</Question>
			<Answer></Answer>
	</QAPair>
	<QAPair pid="2">
			<Question qid="0000027-2" qtype="causes">What causes ABO incompatibility ?</Question>
			<Answer></Answer>
	</QAPair>
	<QAPair pid="3">
			<Question qid="0000027-3" qtype="symptoms">What are the symptoms of ABO incompatibility ?</Question>
			<Answer></Answer>
	</QAPair>
	<QAPair pid="4">
			<Question qid="0000027-4" qtype="exams and tests">How to diagnose ABO incompatibility ?</Question>
			<Answer></Answer>
	</QAPair>
	<QAPair pid="5">
			<Question qid="0000027-5" qtype="treatment">What are the treatments for ABO incompatibility ?</Question>
			<Answer></Answer>
	</QAPair>
	<QAPair pid="6">
			<Question qid="0000027-6" qtype="outlook">What is the outlook for ABO incompatibility ?</Question>
			<Answer></Answer>
	</QAPair>
	<QAPair pid="7">
			<Question qid="0000027-7" qtype="complications">What are the complications of ABO incompatibility ?</Question>
			<Answer></Answer>
	</QAPair>
	<QAPair pid="8">
			<Question qid="0000027-8" qtype="when to contact a medical professional">Do I need to see a doctor for ABO incompatibility ?</Question>
			<Answer></Answer>
	</QAPair>
	<QAPair pid="9">
			<Question qid="0000027-9" qtype="prevention">How to prevent ABO incompatibility ?</Question>
			<Answer></Answer>
	</QAPair>
</QAPairs>
</Document>
