<?xml version="1.0" encoding="UTF-8"?>
<Document id="0000151" source="ADAM" url="https://www.nlm.nih.gov/medlineplus/ency/article/001200.htm">
 <!--Answers from the A.D.A.M. medical encyclopedia were removed to comply with the MedlinePlus copyright-->
<Focus>Alkaptonuria</Focus>
<FocusAnnotations>
	<Category>Disease</Category>
	<UMLS>
		<CUIs>
			<CUI>C0002066</CUI>
		</CUIs>
		<SemanticTypes>
			<SemanticType>T047</SemanticType>
		</SemanticTypes>
		<SemanticGroup>Disorders</SemanticGroup>
	</UMLS>
	<Synonyms>
		<Synonym>AKU</Synonym>
		<Synonym>Alcaptonuria</Synonym>
		<Synonym>Homogentisic acid oxidase deficiency</Synonym>
		<Synonym>Alcaptonuric ochronosis</Synonym>
	</Synonyms>
</FocusAnnotations>
<QAPairs>
	<QAPair pid="1">
			<Question qid="0000151-1" qtype="information">What is (are) Alkaptonuria ?</Question>
			<Answer></Answer>
	</QAPair>
	<QAPair pid="2">
			<Question qid="0000151-2" qtype="causes">What causes Alkaptonuria ?</Question>
			<Answer></Answer>
	</QAPair>
	<QAPair pid="3">
			<Question qid="0000151-3" qtype="symptoms">What are the symptoms of Alkaptonuria ?</Question>
			<Answer></Answer>
	</QAPair>
	<QAPair pid="4">
			<Question qid="0000151-4" qtype="exams and tests">How to diagnose Alkaptonuria ?</Question>
			<Answer></Answer>
	</QAPair>
	<QAPair pid="5">
			<Question qid="0000151-5" qtype="treatment">What are the treatments for Alkaptonuria ?</Question>
			<Answer></Answer>
	</QAPair>
	<QAPair pid="6">
			<Question qid="0000151-6" qtype="outlook">What is the outlook for Alkaptonuria ?</Question>
			<Answer></Answer>
	</QAPair>
	<QAPair pid="7">
			<Question qid="0000151-7" qtype="complications">What are the complications of Alkaptonuria ?</Question>
			<Answer></Answer>
	</QAPair>
	<QAPair pid="8">
			<Question qid="0000151-8" qtype="when to contact a medical professional">Do I need to see a doctor for Alkaptonuria ?</Question>
			<Answer></Answer>
	</QAPair>
	<QAPair pid="9">
			<Question qid="0000151-9" qtype="prevention">How to prevent Alkaptonuria ?</Question>
			<Answer></Answer>
	</QAPair>
</QAPairs>
</Document>
