<?xml version="1.0" encoding="UTF-8"?>
<Document id="0000454" source="ADAM" url="https://www.nlm.nih.gov/medlineplus/ency/article/001946.htm">
 <!--Answers from the A.D.A.M. medical encyclopedia were removed to comply with the MedlinePlus copyright-->
<Focus>Birth control and family planning</Focus>
<FocusAnnotations>
	<Category>Disease</Category>
	<UMLS>
		<CUIs>
			<CUI>C2703065</CUI>
		</CUIs>
		<SemanticTypes>
			<SemanticType>T033</SemanticType>
		</SemanticTypes>
		<SemanticGroup>Disorders</SemanticGroup>
	</UMLS>
	<Synonyms>
		<Synonym>Contraception</Synonym>
		<Synonym>Family planning and contraception</Synonym>
		<Synonym>Coitus interruptus</Synonym>
	</Synonyms>
</FocusAnnotations>
<QAPairs>
	<QAPair pid="1">
			<Question qid="0000454-1" qtype="information">What is (are) Birth control and family planning ?</Question>
			<Answer></Answer>
	</QAPair>
	<QAPair pid="2">
			<Question qid="0000454-2" qtype="information">What is (are) Birth control and family planning ?</Question>
			<Answer></Answer>
	</QAPair>
</QAPairs>
</Document>
