<?xml version="1.0" encoding="UTF-8"?>
<Document id="0000137" source="ADAM" url="https://www.nlm.nih.gov/medlineplus/ency/article/001479.htm">
 <!--Answers from the A.D.A.M. medical encyclopedia were removed to comply with the MedlinePlus copyright-->
<Focus>Albinism</Focus>
<FocusAnnotations>
	<Category>Disease</Category>
	<UMLS>
		<CUIs>
			<CUI>C0001916</CUI>
		</CUIs>
		<SemanticTypes>
			<SemanticType>T019</SemanticType>
		</SemanticTypes>
		<SemanticGroup>Disorders</SemanticGroup>
	</UMLS>
	<Synonyms>
		<Synonym>Oculocutaneous albinism</Synonym>
		<Synonym>Ocular albinism</Synonym>
	</Synonyms>
</FocusAnnotations>
<QAPairs>
	<QAPair pid="1">
			<Question qid="0000137-1" qtype="information">What is (are) Albinism ?</Question>
			<Answer></Answer>
	</QAPair>
	<QAPair pid="2">
			<Question qid="0000137-2" qtype="causes">What causes Albinism ?</Question>
			<Answer></Answer>
	</QAPair>
	<QAPair pid="3">
			<Question qid="0000137-3" qtype="symptoms">What are the symptoms of Albinism ?</Question>
			<Answer></Answer>
	</QAPair>
	<QAPair pid="4">
			<Question qid="0000137-4" qtype="exams and tests">How to diagnose Albinism ?</Question>
			<Answer></Answer>
	</QAPair>
	<QAPair pid="5">
			<Question qid="0000137-5" qtype="treatment">What are the treatments for Albinism ?</Question>
			<Answer></Answer>
	</QAPair>
	<QAPair pid="6">
			<Question qid="0000137-6" qtype="support groups">Where to find support for people with Albinism ?</Question>
			<Answer></Answer>
	</QAPair>
	<QAPair pid="7">
			<Question qid="0000137-7" qtype="outlook">What is the outlook for Albinism ?</Question>
			<Answer></Answer>
	</QAPair>
	<QAPair pid="8">
			<Question qid="0000137-8" qtype="complications">What are the complications of Albinism ?</Question>
			<Answer></Answer>
	</QAPair>
	<QAPair pid="9">
			<Question qid="0000137-9" qtype="when to contact a medical professional">Do I need to see a doctor for Albinism ?</Question>
			<Answer></Answer>
	</QAPair>
	<QAPair pid="10">
			<Question qid="0000137-10" qtype="prevention">How to prevent Albinism ?</Question>
			<Answer></Answer>
	</QAPair>
</QAPairs>
</Document>
