<?xml version="1.0" encoding="UTF-8"?>
<Document id="0000114" source="ADAM" url="https://www.nlm.nih.gov/medlineplus/ency/article/004000.htm">
 <!--Answers from the A.D.A.M. medical encyclopedia were removed to comply with the MedlinePlus copyright-->
<Focus>Aging changes in hormone production</Focus>
<FocusAnnotations>
	<Category>Other</Category>
</FocusAnnotations>
<QAPairs>
	<QAPair pid="1">
			<Question qid="0000114-1" qtype="information">Do you have information about Aging changes in hormone production</Question>
			<Answer></Answer>
	</QAPair>
</QAPairs>
</Document>
