<?xml version="1.0" encoding="UTF-8"?>
<Document id="0000017" source="ADAM" url="https://www.nlm.nih.gov/medlineplus/ency/article/007504.htm">
 <!--Answers from the A.D.A.M. medical encyclopedia were removed to comply with the MedlinePlus copyright-->
<Focus>Abdominal pain - children under age 12</Focus>
<FocusAnnotations>
	<Category>Disease</Category>
	<UMLS>
		<CUIs>
			<CUI>C0000737</CUI>
		</CUIs>
		<SemanticTypes>
			<SemanticType>T184</SemanticType>
		</SemanticTypes>
		<SemanticGroup>Disorders</SemanticGroup>
	</UMLS>
	<Synonyms>
		<Synonym>Stomach pain in children</Synonym>
		<Synonym>Pain - abdomen - children</Synonym>
		<Synonym>Abdominal cramps inchildren</Synonym>
		<Synonym>Belly ache in children</Synonym>
	</Synonyms>
</FocusAnnotations>
<QAPairs>
	<QAPair pid="1">
			<Question qid="0000017-1" qtype="information">What is (are) Abdominal pain - children under age 12 ?</Question>
			<Answer></Answer>
	</QAPair>
	<QAPair pid="2">
			<Question qid="0000017-2" qtype="considerations">What to do for Abdominal pain - children under age 12 ?</Question>
			<Answer></Answer>
	</QAPair>
	<QAPair pid="3">
			<Question qid="0000017-3" qtype="causes">What causes Abdominal pain - children under age 12 ?</Question>
			<Answer></Answer>
	</QAPair>
	<QAPair pid="4">
			<Question qid="0000017-4" qtype="considerations">What to do for Abdominal pain - children under age 12 ?</Question>
			<Answer></Answer>
	</QAPair>
	<QAPair pid="5">
			<Question qid="0000017-5" qtype="when to contact a medical professional">Do I need to see a doctor for Abdominal pain - children under age 12 ?</Question>
			<Answer></Answer>
	</QAPair>
	<QAPair pid="6">
			<Question qid="0000017-6" qtype="outlook">What is the outlook for Abdominal pain - children under age 12 ?</Question>
			<Answer></Answer>
	</QAPair>
</QAPairs>
</Document>
