<?xml version="1.0" encoding="UTF-8"?>
<Document id="0000022" source="ADAM" url="https://www.nlm.nih.gov/medlineplus/ency/article/000047.htm">
 <!--Answers from the A.D.A.M. medical encyclopedia were removed to comply with the MedlinePlus copyright-->
<Focus>Abdominal thrusts</Focus>
<FocusAnnotations>
	<Category>Other</Category>
	<Synonyms>
		<Synonym>Choking - Heimlich maneuver</Synonym>
	</Synonyms>
</FocusAnnotations>
<QAPairs>
	<QAPair pid="1">
			<Question qid="0000022-1" qtype="information">Do you have information about Abdominal thrusts</Question>
			<Answer></Answer>
	</QAPair>
</QAPairs>
</Document>
