<?xml version="1.0" encoding="UTF-8"?>
<Document id="0000389" source="ADAM" url="https://www.nlm.nih.gov/medlineplus/ency/patientinstructions/000687.htm">
 <!--Answers from the A.D.A.M. medical encyclopedia were removed to comply with the MedlinePlus copyright-->
<Focus>Bacterial vaginosis - aftercare</Focus>
<FocusAnnotations>
	<Category>Disease</Category>
	<UMLS>
		<CUIs>
			<CUI>C0085166</CUI>
		</CUIs>
		<SemanticTypes>
			<SemanticType>T047</SemanticType>
		</SemanticTypes>
		<SemanticGroup>Disorders</SemanticGroup>
	</UMLS>
	<Synonyms>
		<Synonym>Nonspecific vaginitis - aftercare</Synonym>
		<Synonym>BV</Synonym>
	</Synonyms>
</FocusAnnotations>
<QAPairs>
	<QAPair pid="1">
			<Question qid="0000389-1" qtype="information">What is (are) Bacterial vaginosis - aftercare ?</Question>
			<Answer></Answer>
	</QAPair>
	<QAPair pid="2">
			<Question qid="0000389-2" qtype="symptoms">What are the symptoms of Bacterial vaginosis - aftercare ?</Question>
			<Answer></Answer>
	</QAPair>
	<QAPair pid="3">
			<Question qid="0000389-3" qtype="exams and tests">How to diagnose Bacterial vaginosis - aftercare ?</Question>
			<Answer></Answer>
	</QAPair>
	<QAPair pid="4">
			<Question qid="0000389-4" qtype="treatment">What are the treatments for Bacterial vaginosis - aftercare ?</Question>
			<Answer></Answer>
	</QAPair>
	<QAPair pid="6">
			<Question qid="0000389-6" qtype="prevention">How to prevent Bacterial vaginosis - aftercare ?</Question>
			<Answer></Answer>
	</QAPair>
	<QAPair pid="7">
			<Question qid="0000389-7" qtype="when to contact a medical professional">Do I need to see a doctor for Bacterial vaginosis - aftercare ?</Question>
			<Answer></Answer>
	</QAPair>
</QAPairs>
</Document>
