<?xml version="1.0" encoding="UTF-8"?>
<Document id="0000244" source="ADAM" url="https://www.nlm.nih.gov/medlineplus/ency/article/001142.htm">
 <!--Answers from the A.D.A.M. medical encyclopedia were removed to comply with the MedlinePlus copyright-->
<Focus>Annular pancreas</Focus>
<FocusAnnotations>
	<Category>Disease</Category>
	<UMLS>
		<CUIs>
			<CUI>C0149955</CUI>
		</CUIs>
		<SemanticTypes>
			<SemanticType>T019</SemanticType>
		</SemanticTypes>
		<SemanticGroup>Disorders</SemanticGroup>
	</UMLS>
</FocusAnnotations>
<QAPairs>
	<QAPair pid="1">
			<Question qid="0000244-1" qtype="information">What is (are) Annular pancreas ?</Question>
			<Answer></Answer>
	</QAPair>
	<QAPair pid="2">
			<Question qid="0000244-2" qtype="causes">What causes Annular pancreas ?</Question>
			<Answer></Answer>
	</QAPair>
	<QAPair pid="3">
			<Question qid="0000244-3" qtype="symptoms">What are the symptoms of Annular pancreas ?</Question>
			<Answer></Answer>
	</QAPair>
	<QAPair pid="4">
			<Question qid="0000244-4" qtype="exams and tests">How to diagnose Annular pancreas ?</Question>
			<Answer></Answer>
	</QAPair>
	<QAPair pid="5">
			<Question qid="0000244-5" qtype="treatment">What are the treatments for Annular pancreas ?</Question>
			<Answer></Answer>
	</QAPair>
	<QAPair pid="6">
			<Question qid="0000244-6" qtype="outlook">What is the outlook for Annular pancreas ?</Question>
			<Answer></Answer>
	</QAPair>
	<QAPair pid="7">
			<Question qid="0000244-7" qtype="complications">What are the complications of Annular pancreas ?</Question>
			<Answer></Answer>
	</QAPair>
	<QAPair pid="8">
			<Question qid="0000244-8" qtype="when to contact a medical professional">Do I need to see a doctor for Annular pancreas ?</Question>
			<Answer></Answer>
	</QAPair>
</QAPairs>
</Document>
