<?xml version="1.0" encoding="UTF-8"?>
<Document id="0000226" source="ADAM" url="https://www.nlm.nih.gov/medlineplus/ency/patientinstructions/000088.htm">
 <!--Answers from the A.D.A.M. medical encyclopedia were removed to comply with the MedlinePlus copyright-->
<Focus>Angina - when you have chest pain</Focus>
<FocusAnnotations>
	<Category>Disease</Category>
	<UMLS>
		<CUIs>
			<CUI>C0008031</CUI>
			<CUI>C0002962</CUI>
		</CUIs>
		<SemanticTypes>
			<SemanticType>T033</SemanticType>
			<SemanticType>T184</SemanticType>
		</SemanticTypes>
		<SemanticGroup>Disorders</SemanticGroup>
	</UMLS>
</FocusAnnotations>
<QAPairs>
	<QAPair pid="1">
			<Question qid="0000226-1" qtype="information">What is (are) Angina - when you have chest pain ?</Question>
			<Answer></Answer>
	</QAPair>
	<QAPair pid="2">
			<Question qid="0000226-2" qtype="treatment">What are the treatments for Angina - when you have chest pain ?</Question>
			<Answer></Answer>
	</QAPair>
	<QAPair pid="3">
			<Question qid="0000226-3" qtype="susceptibility">Who is at risk for Angina - when you have chest pain? ?</Question>
			<Answer></Answer>
	</QAPair>
	<QAPair pid="4">
			<Question qid="0000226-4" qtype="when to contact a medical professional">Do I need to see a doctor for Angina - when you have chest pain ?</Question>
			<Answer></Answer>
	</QAPair>
</QAPairs>
</Document>
