<?xml version="1.0" encoding="UTF-8"?>
<Document id="0000053" source="ADAM" url="https://www.nlm.nih.gov/medlineplus/ency/article/002830.htm">
 <!--Answers from the A.D.A.M. medical encyclopedia were removed to comply with the MedlinePlus copyright-->
<Focus>Acid soldering flux poisoning</Focus>
<FocusAnnotations>
	<Category>Other</Category>
	<Synonyms>
		<Synonym>Fluxes</Synonym>
		<Synonym>Flux poisoning</Synonym>
	</Synonyms>
</FocusAnnotations>
<QAPairs>
	<QAPair pid="1">
			<Question qid="0000053-1" qtype="information">Do you have information about Acid soldering flux poisoning</Question>
			<Answer></Answer>
	</QAPair>
</QAPairs>
</Document>
