<?xml version="1.0" encoding="UTF-8"?>
<Document id="0000352" source="ADAM" url="https://www.nlm.nih.gov/medlineplus/ency/patientinstructions/000418.htm">
 <!--Answers from the A.D.A.M. medical encyclopedia were removed to comply with the MedlinePlus copyright-->
<Focus>Atopic dermatitis - self-care</Focus>
<FocusAnnotations>
	<Category>Disease</Category>
	<UMLS>
		<CUIs>
			<CUI>C0011615</CUI>
		</CUIs>
		<SemanticTypes>
			<SemanticType>T047</SemanticType>
		</SemanticTypes>
		<SemanticGroup>Disorders</SemanticGroup>
	</UMLS>
</FocusAnnotations>
<QAPairs>
	<QAPair pid="1">
			<Question qid="0000352-1" qtype="information">What is (are) Atopic dermatitis - self-care ?</Question>
			<Answer></Answer>
	</QAPair>
	<QAPair pid="5">
			<Question qid="0000352-5" qtype="when to contact a medical professional">Do I need to see a doctor for Atopic dermatitis - self-care ?</Question>
			<Answer></Answer>
	</QAPair>
</QAPairs>
</Document>
