<?xml version="1.0" encoding="UTF-8"?>
<Document id="0000357" source="ADAM" url="https://www.nlm.nih.gov/medlineplus/ency/article/001551.htm">
 <!--Answers from the A.D.A.M. medical encyclopedia were removed to comply with the MedlinePlus copyright-->
<Focus>Attention deficit hyperactivity disorder</Focus>
<FocusAnnotations>
	<Category>Disease</Category>
	<UMLS>
		<CUIs>
			<CUI>C1263846</CUI>
		</CUIs>
		<SemanticTypes>
			<SemanticType>T048</SemanticType>
		</SemanticTypes>
		<SemanticGroup>Disorders</SemanticGroup>
	</UMLS>
	<Synonyms>
		<Synonym>ADD</Synonym>
		<Synonym>ADHD</Synonym>
		<Synonym>Childhood hyperkinesis</Synonym>
	</Synonyms>
</FocusAnnotations>
<QAPairs>
	<QAPair pid="1">
			<Question qid="0000357-1" qtype="information">What is (are) Attention deficit hyperactivity disorder ?</Question>
			<Answer></Answer>
	</QAPair>
	<QAPair pid="2">
			<Question qid="0000357-2" qtype="causes">What causes Attention deficit hyperactivity disorder ?</Question>
			<Answer></Answer>
	</QAPair>
	<QAPair pid="3">
			<Question qid="0000357-3" qtype="symptoms">What are the symptoms of Attention deficit hyperactivity disorder ?</Question>
			<Answer></Answer>
	</QAPair>
	<QAPair pid="4">
			<Question qid="0000357-4" qtype="exams and tests">How to diagnose Attention deficit hyperactivity disorder ?</Question>
			<Answer></Answer>
	</QAPair>
	<QAPair pid="5">
			<Question qid="0000357-5" qtype="treatment">What are the treatments for Attention deficit hyperactivity disorder ?</Question>
			<Answer></Answer>
	</QAPair>
	<QAPair pid="6">
			<Question qid="0000357-6" qtype="outlook">What is the outlook for Attention deficit hyperactivity disorder ?</Question>
			<Answer></Answer>
	</QAPair>
	<QAPair pid="7">
			<Question qid="0000357-7" qtype="when to contact a medical professional">Do I need to see a doctor for Attention deficit hyperactivity disorder ?</Question>
			<Answer></Answer>
	</QAPair>
</QAPairs>
</Document>
