<?xml version="1.0" encoding="UTF-8"?>
<Document id="0000303" source="ADAM" url="https://www.nlm.nih.gov/medlineplus/ency/article/003134.htm">
 <!--Answers from the A.D.A.M. medical encyclopedia were removed to comply with the MedlinePlus copyright-->
<Focus>Appetite - increased</Focus>
<FocusAnnotations>
	<Category>Other</Category>
	<Synonyms>
		<Synonym>Hyperphagia</Synonym>
		<Synonym>Increased appetite</Synonym>
		<Synonym>Hunger</Synonym>
		<Synonym>Excessive hunger</Synonym>
		<Synonym>Polyphagia</Synonym>
	</Synonyms>
</FocusAnnotations>
<QAPairs>
	<QAPair pid="1">
			<Question qid="0000303-1" qtype="information">Do you have information about Appetite - increased</Question>
			<Answer></Answer>
	</QAPair>
</QAPairs>
</Document>
