<?xml version="1.0" encoding="UTF-8"?>
<Document id="0000042" source="ADAM" url="https://www.nlm.nih.gov/medlineplus/ency/article/002480.htm">
 <!--Answers from the A.D.A.M. medical encyclopedia were removed to comply with the MedlinePlus copyright-->
<Focus>Acetone poisoning</Focus>
<FocusAnnotations>
	<Category>Disease</Category>
	<UMLS>
		<CUIs>
			<CUI>C0237964</CUI>
		</CUIs>
		<SemanticTypes>
			<SemanticType>T037</SemanticType>
		</SemanticTypes>
		<SemanticGroup>Disorders</SemanticGroup>
	</UMLS>
	<Synonyms>
		<Synonym>Dimethyl formaldehyde poisoning</Synonym>
		<Synonym>Dimethyl ketone poisoning</Synonym>
		<Synonym>Nail polish remover poisoning</Synonym>
	</Synonyms>
</FocusAnnotations>
<QAPairs>
	<QAPair pid="1">
			<Question qid="0000042-1" qtype="information">What is (are) Acetone poisoning ?</Question>
			<Answer></Answer>
	</QAPair>
	<QAPair pid="4">
			<Question qid="0000042-4" qtype="symptoms">What are the symptoms of Acetone poisoning ?</Question>
			<Answer></Answer>
	</QAPair>
	<QAPair pid="5">
			<Question qid="0000042-5" qtype="considerations">What to do for Acetone poisoning ?</Question>
			<Answer></Answer>
	</QAPair>
	<QAPair pid="8">
			<Question qid="0000042-8" qtype="outlook">What is the outlook for Acetone poisoning ?</Question>
			<Answer></Answer>
	</QAPair>
	<QAPair pid="9">
			<Question qid="0000042-9" qtype="outlook">What is the outlook for Acetone poisoning ?</Question>
			<Answer></Answer>
	</QAPair>
</QAPairs>
</Document>
