<?xml version="1.0" encoding="UTF-8"?>
<Document id="0000045" source="ADAM" url="https://www.nlm.nih.gov/medlineplus/ency/patientinstructions/000580.htm">
 <!--Answers from the A.D.A.M. medical encyclopedia were removed to comply with the MedlinePlus copyright-->
<Focus>Aches and pains during pregnancy</Focus>
<FocusAnnotations>
	<Category>Disease</Category>
	<UMLS>
		<CUIs>
			<CUI>C0030193</CUI>
		</CUIs>
		<SemanticTypes>
			<SemanticType>T184</SemanticType>
		</SemanticTypes>
		<SemanticGroup>Disorders</SemanticGroup>
	</UMLS>
</FocusAnnotations>
<QAPairs>
	<QAPair pid="1">
			<Question qid="0000045-1" qtype="information">What is (are) Aches and pains during pregnancy ?</Question>
			<Answer></Answer>
	</QAPair>
</QAPairs>
</Document>
