<?xml version="1.0" encoding="UTF-8"?>
<Document id="0000140" source="ADAM" url="https://www.nlm.nih.gov/medlineplus/ency/article/001944.htm">
 <!--Answers from the A.D.A.M. medical encyclopedia were removed to comply with the MedlinePlus copyright-->
<Focus>Alcohol use and safe drinking</Focus>
<FocusAnnotations>
	<Category>Disease</Category>
	<UMLS>
		<CUIs>
			<CUI>C0552479</CUI>
		</CUIs>
		<SemanticTypes>
			<SemanticType>T033</SemanticType>
		</SemanticTypes>
		<SemanticGroup>Disorders</SemanticGroup>
	</UMLS>
	<Synonyms>
		<Synonym>Beer consumption</Synonym>
		<Synonym>Wine consumption</Synonym>
		<Synonym>Hard liquor consumption</Synonym>
		<Synonym>Safe drinking</Synonym>
	</Synonyms>
</FocusAnnotations>
<QAPairs>
	<QAPair pid="1">
			<Question qid="0000140-1" qtype="information">What is (are) Alcohol use and safe drinking ?</Question>
			<Answer></Answer>
	</QAPair>
	<QAPair pid="2">
			<Question qid="0000140-2" qtype="information">What is (are) Alcohol use and safe drinking ?</Question>
			<Answer></Answer>
	</QAPair>
</QAPairs>
</Document>
