<?xml version="1.0" encoding="UTF-8"?>
<Document id="0000154" source="ADAM" url="https://www.nlm.nih.gov/medlineplus/ency/article/000005.htm">
 <!--Answers from the A.D.A.M. medical encyclopedia were removed to comply with the MedlinePlus copyright-->
<Focus>Allergic reactions</Focus>
<FocusAnnotations>
	<Category>Disease</Category>
	<UMLS>
		<CUIs>
			<CUI>C0020517</CUI>
		</CUIs>
		<SemanticTypes>
			<SemanticType>T046</SemanticType>
		</SemanticTypes>
		<SemanticGroup>Disorders</SemanticGroup>
	</UMLS>
</FocusAnnotations>
<QAPairs>
	<QAPair pid="1">
			<Question qid="0000154-1" qtype="information">What is (are) Allergic reactions ?</Question>
			<Answer></Answer>
	</QAPair>
	<QAPair pid="2">
			<Question qid="0000154-2" qtype="considerations">What to do for Allergic reactions ?</Question>
			<Answer></Answer>
	</QAPair>
	<QAPair pid="3">
			<Question qid="0000154-3" qtype="causes">What causes Allergic reactions ?</Question>
			<Answer></Answer>
	</QAPair>
	<QAPair pid="4">
			<Question qid="0000154-4" qtype="symptoms">What are the symptoms of Allergic reactions ?</Question>
			<Answer></Answer>
	</QAPair>
	<QAPair pid="5">
			<Question qid="0000154-5" qtype="considerations">What to do for Allergic reactions ?</Question>
			<Answer></Answer>
	</QAPair>
	<QAPair pid="6">
			<Question qid="0000154-6" qtype="considerations">What to do for Allergic reactions ?</Question>
			<Answer></Answer>
	</QAPair>
	<QAPair pid="7">
			<Question qid="0000154-7" qtype="when to contact a medical professional">Do I need to see a doctor for Allergic reactions ?</Question>
			<Answer></Answer>
	</QAPair>
	<QAPair pid="8">
			<Question qid="0000154-8" qtype="prevention">How to prevent Allergic reactions ?</Question>
			<Answer></Answer>
	</QAPair>
</QAPairs>
</Document>
