<?xml version="1.0" encoding="UTF-8"?>
<Document id="0000438" source="ADAM" url="https://www.nlm.nih.gov/medlineplus/ency/article/003734.htm">
 <!--Answers from the A.D.A.M. medical encyclopedia were removed to comply with the MedlinePlus copyright-->
<Focus>Bile culture</Focus>
<FocusAnnotations>
	<Category>Other</Category>
	<Synonyms>
		<Synonym>Culture - bile</Synonym>
	</Synonyms>
</FocusAnnotations>
<QAPairs>
	<QAPair pid="1">
			<Question qid="0000438-1" qtype="information">Do you have information about Bile culture</Question>
			<Answer></Answer>
	</QAPair>
</QAPairs>
</Document>
