<?xml version="1.0" encoding="UTF-8"?>
<Document id="0000171" source="ADAM" url="https://www.nlm.nih.gov/medlineplus/ency/article/003715.htm">
 <!--Answers from the A.D.A.M. medical encyclopedia were removed to comply with the MedlinePlus copyright-->
<Focus>Alpha-1 antitrypsin test</Focus>
<FocusAnnotations>
	<Category>Disease</Category>
	<UMLS>
		<CUIs>
			<CUI>C0456984</CUI>
		</CUIs>
		<SemanticTypes>
			<SemanticType>T033</SemanticType>
		</SemanticTypes>
		<SemanticGroup>Disorders</SemanticGroup>
	</UMLS>
	<Synonyms>
		<Synonym>A1AT test</Synonym>
	</Synonyms>
</FocusAnnotations>
<QAPairs>
	<QAPair pid="1">
			<Question qid="0000171-1" qtype="information">What is (are) Alpha-1 antitrypsin test ?</Question>
			<Answer></Answer>
	</QAPair>
	<QAPair pid="8">
			<Question qid="0000171-8" qtype="susceptibility">Who is at risk for Alpha-1 antitrypsin test? ?</Question>
			<Answer></Answer>
	</QAPair>
</QAPairs>
</Document>
