<?xml version="1.0" encoding="UTF-8"?>
<Document id="0000273" source="ADAM" url="https://www.nlm.nih.gov/medlineplus/ency/patientinstructions/000549.htm">
 <!--Answers from the A.D.A.M. medical encyclopedia were removed to comply with the MedlinePlus copyright-->
<Focus>Antihistamines for allergies</Focus>
<FocusAnnotations>
	<Category>Disease</Category>
	<UMLS>
		<CUIs>
			<CUI>C0020517</CUI>
			<CUI>C0489531</CUI>
		</CUIs>
		<SemanticTypes>
			<SemanticType>T046</SemanticType>
			<SemanticType>T033</SemanticType>
		</SemanticTypes>
		<SemanticGroup>Disorders</SemanticGroup>
	</UMLS>
</FocusAnnotations>
<QAPairs>
	<QAPair pid="1">
			<Question qid="0000273-1" qtype="information">What is (are) Antihistamines for allergies ?</Question>
			<Answer></Answer>
	</QAPair>
	<QAPair pid="6">
			<Question qid="0000273-6" qtype="when to contact a medical professional">Do I need to see a doctor for Antihistamines for allergies ?</Question>
			<Answer></Answer>
	</QAPair>
</QAPairs>
</Document>
