<?xml version="1.0" encoding="UTF-8"?>
<Document id="0000295" source="ADAM" url="https://www.nlm.nih.gov/medlineplus/ency/article/000554.htm">
 <!--Answers from the A.D.A.M. medical encyclopedia were removed to comply with the MedlinePlus copyright-->
<Focus>Aplastic anemia</Focus>
<FocusAnnotations>
	<Category>Disease</Category>
	<UMLS>
		<CUIs>
			<CUI>C0002874</CUI>
		</CUIs>
		<SemanticTypes>
			<SemanticType>T047</SemanticType>
		</SemanticTypes>
		<SemanticGroup>Disorders</SemanticGroup>
	</UMLS>
	<Synonyms>
		<Synonym>Hypoplastic anemia</Synonym>
		<Synonym>Refractory anemia</Synonym>
	</Synonyms>
</FocusAnnotations>
<QAPairs>
	<QAPair pid="1">
			<Question qid="0000295-1" qtype="information">What is (are) Aplastic anemia ?</Question>
			<Answer></Answer>
	</QAPair>
	<QAPair pid="2">
			<Question qid="0000295-2" qtype="causes">What causes Aplastic anemia ?</Question>
			<Answer></Answer>
	</QAPair>
	<QAPair pid="3">
			<Question qid="0000295-3" qtype="symptoms">What are the symptoms of Aplastic anemia ?</Question>
			<Answer></Answer>
	</QAPair>
	<QAPair pid="4">
			<Question qid="0000295-4" qtype="exams and tests">How to diagnose Aplastic anemia ?</Question>
			<Answer></Answer>
	</QAPair>
	<QAPair pid="5">
			<Question qid="0000295-5" qtype="treatment">What are the treatments for Aplastic anemia ?</Question>
			<Answer></Answer>
	</QAPair>
	<QAPair pid="6">
			<Question qid="0000295-6" qtype="outlook">What is the outlook for Aplastic anemia ?</Question>
			<Answer></Answer>
	</QAPair>
	<QAPair pid="7">
			<Question qid="0000295-7" qtype="complications">What are the complications of Aplastic anemia ?</Question>
			<Answer></Answer>
	</QAPair>
	<QAPair pid="8">
			<Question qid="0000295-8" qtype="when to contact a medical professional">Do I need to see a doctor for Aplastic anemia ?</Question>
			<Answer></Answer>
	</QAPair>
</QAPairs>
</Document>
