<?xml version="1.0" encoding="UTF-8"?>
<Document id="0000335" source="ADAM" url="https://www.nlm.nih.gov/medlineplus/ency/patientinstructions/000001.htm">
 <!--Answers from the A.D.A.M. medical encyclopedia were removed to comply with the MedlinePlus copyright-->
<Focus>Asthma - child - discharge</Focus>
<FocusAnnotations>
	<Category>Disease</Category>
	<UMLS>
		<CUIs>
			<CUI>C0004096</CUI>
		</CUIs>
		<SemanticTypes>
			<SemanticType>T047</SemanticType>
		</SemanticTypes>
		<SemanticGroup>Disorders</SemanticGroup>
	</UMLS>
</FocusAnnotations>
<QAPairs>
	<QAPair pid="1">
			<Question qid="0000335-1" qtype="information">What is (are) Asthma - child - discharge ?</Question>
			<Answer></Answer>
	</QAPair>
	<QAPair pid="2">
			<Question qid="0000335-2" qtype="outlook">What is the outlook for Asthma - child - discharge ?</Question>
			<Answer></Answer>
	</QAPair>
	<QAPair pid="6">
			<Question qid="0000335-6" qtype="when to contact a medical professional">Do I need to see a doctor for Asthma - child - discharge ?</Question>
			<Answer></Answer>
	</QAPair>
</QAPairs>
</Document>
