<?xml version="1.0" encoding="UTF-8"?>
<Document id="0000258" source="ADAM" url="https://www.nlm.nih.gov/medlineplus/ency/article/003524.htm">
 <!--Answers from the A.D.A.M. medical encyclopedia were removed to comply with the MedlinePlus copyright-->
<Focus>Anti-glomerular basement membrane blood test</Focus>
<FocusAnnotations>
	<Category>Other</Category>
	<Synonyms>
		<Synonym>GBM antibody test</Synonym>
		<Synonym>Antibody to human glomerular basement membrane</Synonym>
		<Synonym>Anti-GBM antibodies</Synonym>
	</Synonyms>
</FocusAnnotations>
<QAPairs>
	<QAPair pid="1">
			<Question qid="0000258-1" qtype="information">Do you have information about Anti-glomerular basement membrane blood test</Question>
			<Answer></Answer>
	</QAPair>
</QAPairs>
</Document>
