<?xml version="1.0" encoding="UTF-8"?>
<Document id="0000025" source="ADAM" url="https://www.nlm.nih.gov/medlineplus/ency/article/002978.htm">
 <!--Answers from the A.D.A.M. medical encyclopedia were removed to comply with the MedlinePlus copyright-->
<Focus>Abdominal wall surgery</Focus>
<FocusAnnotations>
	<Category>Other</Category>
	<Synonyms>
		<Synonym>Cosmetic surgery of the abdomen</Synonym>
		<Synonym>Tummy tuck</Synonym>
		<Synonym>Abdominoplasty</Synonym>
	</Synonyms>
</FocusAnnotations>
<QAPairs>
	<QAPair pid="1">
			<Question qid="0000025-1" qtype="information">Do you have information about Abdominal wall surgery</Question>
			<Answer></Answer>
	</QAPair>
</QAPairs>
</Document>
