<?xml version="1.0" encoding="UTF-8"?>
<Document id="0000012" source="ADAM" url="https://www.nlm.nih.gov/medlineplus/ency/article/002928.htm">
 <!--Answers from the A.D.A.M. medical encyclopedia were removed to comply with the MedlinePlus copyright-->
<Focus>Abdominal exploration</Focus>
<FocusAnnotations>
	<Category>Other</Category>
	<Synonyms>
		<Synonym>Exploratory surgery</Synonym>
		<Synonym>Laparotomy</Synonym>
		<Synonym>Exploratory laparotomy</Synonym>
	</Synonyms>
</FocusAnnotations>
<QAPairs>
	<QAPair pid="1">
			<Question qid="0000012-1" qtype="information">Do you have information about Abdominal exploration</Question>
			<Answer></Answer>
	</QAPair>
</QAPairs>
</Document>
