<?xml version="1.0" encoding="UTF-8"?>
<Document id="0000075" source="ADAM" url="https://www.nlm.nih.gov/medlineplus/ency/article/007639.htm">
 <!--Answers from the A.D.A.M. medical encyclopedia were removed to comply with the MedlinePlus copyright-->
<Focus>Acute coronary syndrome</Focus>
<FocusAnnotations>
	<Category>Disease</Category>
	<UMLS>
		<CUIs>
			<CUI>C0948089</CUI>
		</CUIs>
		<SemanticTypes>
			<SemanticType>T047</SemanticType>
		</SemanticTypes>
		<SemanticGroup>Disorders</SemanticGroup>
	</UMLS>
	<Synonyms>
		<Synonym>Heart attack-ACS</Synonym>
		<Synonym>Myocardial infarction-ACS</Synonym>
		<Synonym>MI-ACS</Synonym>
		<Synonym>Acute MI-ACS</Synonym>
		<Synonym>ST-elevation myocardial infarction-ACS</Synonym>
		<Synonym>Non-ST-elevation myocardial infarction-ACS</Synonym>
		<Synonym>Unstable angina-ACS</Synonym>
		<Synonym>Accelerating angina-ACS</Synonym>
		<Synonym>New-onset angina-ACS</Synonym>
		<Synonym>Angina - unstable-ACS</Synonym>
		<Synonym>Progressive angina</Synonym>
	</Synonyms>
</FocusAnnotations>
<QAPairs>
	<QAPair pid="1">
			<Question qid="0000075-1" qtype="information">What is (are) Acute coronary syndrome ?</Question>
			<Answer></Answer>
	</QAPair>
	<QAPair pid="2">
			<Question qid="0000075-2" qtype="causes">What causes Acute coronary syndrome ?</Question>
			<Answer></Answer>
	</QAPair>
	<QAPair pid="3">
			<Question qid="0000075-3" qtype="symptoms">What are the symptoms of Acute coronary syndrome ?</Question>
			<Answer></Answer>
	</QAPair>
	<QAPair pid="4">
			<Question qid="0000075-4" qtype="exams and tests">How to diagnose Acute coronary syndrome ?</Question>
			<Answer></Answer>
	</QAPair>
	<QAPair pid="5">
			<Question qid="0000075-5" qtype="treatment">What are the treatments for Acute coronary syndrome ?</Question>
			<Answer></Answer>
	</QAPair>
	<QAPair pid="6">
			<Question qid="0000075-6" qtype="outlook">What is the outlook for Acute coronary syndrome ?</Question>
			<Answer></Answer>
	</QAPair>
	<QAPair pid="7">
			<Question qid="0000075-7" qtype="complications">What are the complications of Acute coronary syndrome ?</Question>
			<Answer></Answer>
	</QAPair>
	<QAPair pid="8">
			<Question qid="0000075-8" qtype="when to contact a medical professional">Do I need to see a doctor for Acute coronary syndrome ?</Question>
			<Answer></Answer>
	</QAPair>
	<QAPair pid="9">
			<Question qid="0000075-9" qtype="prevention">How to prevent Acute coronary syndrome ?</Question>
			<Answer></Answer>
	</QAPair>
</QAPairs>
</Document>
