<?xml version="1.0" encoding="UTF-8"?>
<Document id="0000296" source="ADAM" url="https://www.nlm.nih.gov/medlineplus/ency/article/007227.htm">
 <!--Answers from the A.D.A.M. medical encyclopedia were removed to comply with the MedlinePlus copyright-->
<Focus>Apnea of prematurity</Focus>
<FocusAnnotations>
	<Category>Disease</Category>
	<UMLS>
		<CUIs>
			<CUI>C0475715</CUI>
		</CUIs>
		<SemanticTypes>
			<SemanticType>T046</SemanticType>
		</SemanticTypes>
		<SemanticGroup>Disorders</SemanticGroup>
	</UMLS>
	<Synonyms>
		<Synonym>Apnea - newborns</Synonym>
		<Synonym>AOP</Synonym>
		<Synonym>As and Bs</Synonym>
		<Synonym>Blue spell - newborns</Synonym>
		<Synonym>Dusky spell - newborns</Synonym>
		<Synonym>Spell - newborns</Synonym>
	</Synonyms>
</FocusAnnotations>
<QAPairs>
	<QAPair pid="1">
			<Question qid="0000296-1" qtype="information">What is (are) Apnea of prematurity ?</Question>
			<Answer></Answer>
	</QAPair>
	<QAPair pid="2">
			<Question qid="0000296-2" qtype="causes">What causes Apnea of prematurity ?</Question>
			<Answer></Answer>
	</QAPair>
	<QAPair pid="3">
			<Question qid="0000296-3" qtype="symptoms">What are the symptoms of Apnea of prematurity ?</Question>
			<Answer></Answer>
	</QAPair>
	<QAPair pid="4">
			<Question qid="0000296-4" qtype="exams and tests">How to diagnose Apnea of prematurity ?</Question>
			<Answer></Answer>
	</QAPair>
	<QAPair pid="5">
			<Question qid="0000296-5" qtype="treatment">What are the treatments for Apnea of prematurity ?</Question>
			<Answer></Answer>
	</QAPair>
	<QAPair pid="6">
			<Question qid="0000296-6" qtype="outlook">What is the outlook for Apnea of prematurity ?</Question>
			<Answer></Answer>
	</QAPair>
</QAPairs>
</Document>
