<?xml version="1.0" encoding="UTF-8"?>
<Document id="0000300" source="ADAM" url="https://www.nlm.nih.gov/medlineplus/ency/article/002921.htm">
 <!--Answers from the A.D.A.M. medical encyclopedia were removed to comply with the MedlinePlus copyright-->
<Focus>Appendectomy</Focus>
<FocusAnnotations>
	<Category>Other</Category>
	<Synonyms>
		<Synonym>Appendix removal</Synonym>
	</Synonyms>
</FocusAnnotations>
<QAPairs>
	<QAPair pid="1">
			<Question qid="0000300-1" qtype="information">Do you have information about Appendectomy</Question>
			<Answer></Answer>
	</QAPair>
</QAPairs>
</Document>
