<?xml version="1.0" encoding="UTF-8"?>
<Document id="0000201" source="ADAM" url="https://www.nlm.nih.gov/medlineplus/ency/article/000688.htm">
 <!--Answers from the A.D.A.M. medical encyclopedia were removed to comply with the MedlinePlus copyright-->
<Focus>Amyotrophic lateral sclerosis</Focus>
<FocusAnnotations>
	<Category>Disease</Category>
	<UMLS>
		<CUIs>
			<CUI>C0002736</CUI>
		</CUIs>
		<SemanticTypes>
			<SemanticType>T047</SemanticType>
		</SemanticTypes>
		<SemanticGroup>Disorders</SemanticGroup>
	</UMLS>
	<Synonyms>
		<Synonym>Lou Gehrig's disease</Synonym>
		<Synonym>ALS</Synonym>
		<Synonym>Upper and lower motor neuron disease</Synonym>
		<Synonym>Motor neuron disease</Synonym>
	</Synonyms>
</FocusAnnotations>
<QAPairs>
	<QAPair pid="1">
			<Question qid="0000201-1" qtype="information">What is (are) Amyotrophic lateral sclerosis ?</Question>
			<Answer></Answer>
	</QAPair>
	<QAPair pid="2">
			<Question qid="0000201-2" qtype="causes">What causes Amyotrophic lateral sclerosis ?</Question>
			<Answer></Answer>
	</QAPair>
	<QAPair pid="3">
			<Question qid="0000201-3" qtype="symptoms">What are the symptoms of Amyotrophic lateral sclerosis ?</Question>
			<Answer></Answer>
	</QAPair>
	<QAPair pid="4">
			<Question qid="0000201-4" qtype="exams and tests">How to diagnose Amyotrophic lateral sclerosis ?</Question>
			<Answer></Answer>
	</QAPair>
	<QAPair pid="5">
			<Question qid="0000201-5" qtype="treatment">What are the treatments for Amyotrophic lateral sclerosis ?</Question>
			<Answer></Answer>
	</QAPair>
	<QAPair pid="6">
			<Question qid="0000201-6" qtype="support groups">Where to find support for people with Amyotrophic lateral sclerosis ?</Question>
			<Answer></Answer>
	</QAPair>
	<QAPair pid="7">
			<Question qid="0000201-7" qtype="outlook">What is the outlook for Amyotrophic lateral sclerosis ?</Question>
			<Answer></Answer>
	</QAPair>
	<QAPair pid="8">
			<Question qid="0000201-8" qtype="complications">What are the complications of Amyotrophic lateral sclerosis ?</Question>
			<Answer></Answer>
	</QAPair>
	<QAPair pid="9">
			<Question qid="0000201-9" qtype="when to contact a medical professional">Do I need to see a doctor for Amyotrophic lateral sclerosis ?</Question>
			<Answer></Answer>
	</QAPair>
	<QAPair pid="10">
			<Question qid="0000201-10" qtype="prevention">How to prevent Amyotrophic lateral sclerosis ?</Question>
			<Answer></Answer>
	</QAPair>
</QAPairs>
</Document>
