<?xml version="1.0" encoding="UTF-8"?>
<Document id="0000190" source="ADAM" url="https://www.nlm.nih.gov/medlineplus/ency/article/002645.htm">
 <!--Answers from the A.D.A.M. medical encyclopedia were removed to comply with the MedlinePlus copyright-->
<Focus>Amitriptyline and perphenazine overdose</Focus>
<FocusAnnotations>
	<Category>Disease</Category>
	<UMLS>
		<CUIs>
			<CUI>C0573117</CUI>
		</CUIs>
		<SemanticTypes>
			<SemanticType>T037</SemanticType>
		</SemanticTypes>
		<SemanticGroup>Disorders</SemanticGroup>
	</UMLS>
	<Synonyms>
		<Synonym>Etrafon overdose</Synonym>
		<Synonym>Triavil overdose</Synonym>
		<Synonym>Triptazine overdose</Synonym>
	</Synonyms>
</FocusAnnotations>
<QAPairs>
	<QAPair pid="1">
			<Question qid="0000190-1" qtype="information">What is (are) Amitriptyline and perphenazine overdose ?</Question>
			<Answer></Answer>
	</QAPair>
	<QAPair pid="4">
			<Question qid="0000190-4" qtype="symptoms">What are the symptoms of Amitriptyline and perphenazine overdose ?</Question>
			<Answer></Answer>
	</QAPair>
	<QAPair pid="7">
			<Question qid="0000190-7" qtype="outlook">What is the outlook for Amitriptyline and perphenazine overdose ?</Question>
			<Answer></Answer>
	</QAPair>
	<QAPair pid="8">
			<Question qid="0000190-8" qtype="outlook">What is the outlook for Amitriptyline and perphenazine overdose ?</Question>
			<Answer></Answer>
	</QAPair>
</QAPairs>
</Document>
