<?xml version="1.0" encoding="UTF-8"?>
<Document id="0000108" source="ADAM" url="https://www.nlm.nih.gov/medlineplus/ency/patientinstructions/000629.htm">
 <!--Answers from the A.D.A.M. medical encyclopedia were removed to comply with the MedlinePlus copyright-->
<Focus>After vaginal delivery - in the hospital</Focus>
<FocusAnnotations>
	<Category>Disease</Category>
	<UMLS>
		<CUIs>
			<CUI>C0566690</CUI>
			<CUI>C2114516</CUI>
		</CUIs>
		<SemanticTypes>
			<SemanticType>T033</SemanticType>
		</SemanticTypes>
		<SemanticGroup>Disorders</SemanticGroup>
	</UMLS>
	<Synonyms>
		<Synonym>After vaginal birth</Synonym>
	</Synonyms>
</FocusAnnotations>
<QAPairs>
	<QAPair pid="1">
			<Question qid="0000108-1" qtype="information">What is (are) After vaginal delivery - in the hospital ?</Question>
			<Answer></Answer>
	</QAPair>
	<QAPair pid="2">
			<Question qid="0000108-2" qtype="outlook">What is the outlook for After vaginal delivery - in the hospital ?</Question>
			<Answer></Answer>
	</QAPair>
</QAPairs>
</Document>
