<?xml version="1.0" encoding="UTF-8"?>
<Document id="0000064" source="ADAM" url="https://www.nlm.nih.gov/medlineplus/ency/article/001248.htm">
 <!--Answers from the A.D.A.M. medical encyclopedia were removed to comply with the MedlinePlus copyright-->
<Focus>Acrodysostosis</Focus>
<FocusAnnotations>
	<Category>Disease</Category>
	<UMLS>
		<CUIs>
			<CUI>C0220659</CUI>
		</CUIs>
		<SemanticTypes>
			<SemanticType>T047</SemanticType>
		</SemanticTypes>
		<SemanticGroup>Disorders</SemanticGroup>
	</UMLS>
	<Synonyms>
		<Synonym>Arkless-Graham</Synonym>
		<Synonym>Acrodysplasia</Synonym>
		<Synonym>Maroteaux-Malamut</Synonym>
	</Synonyms>
</FocusAnnotations>
<QAPairs>
	<QAPair pid="1">
			<Question qid="0000064-1" qtype="information">What is (are) Acrodysostosis ?</Question>
			<Answer></Answer>
	</QAPair>
	<QAPair pid="2">
			<Question qid="0000064-2" qtype="causes">What causes Acrodysostosis ?</Question>
			<Answer></Answer>
	</QAPair>
	<QAPair pid="3">
			<Question qid="0000064-3" qtype="symptoms">What are the symptoms of Acrodysostosis ?</Question>
			<Answer></Answer>
	</QAPair>
	<QAPair pid="4">
			<Question qid="0000064-4" qtype="exams and tests">How to diagnose Acrodysostosis ?</Question>
			<Answer></Answer>
	</QAPair>
	<QAPair pid="5">
			<Question qid="0000064-5" qtype="treatment">What are the treatments for Acrodysostosis ?</Question>
			<Answer></Answer>
	</QAPair>
	<QAPair pid="6">
			<Question qid="0000064-6" qtype="outlook">What is the outlook for Acrodysostosis ?</Question>
			<Answer></Answer>
	</QAPair>
	<QAPair pid="7">
			<Question qid="0000064-7" qtype="complications">What are the complications of Acrodysostosis ?</Question>
			<Answer></Answer>
	</QAPair>
	<QAPair pid="8">
			<Question qid="0000064-8" qtype="when to contact a medical professional">Do I need to see a doctor for Acrodysostosis ?</Question>
			<Answer></Answer>
	</QAPair>
	<QAPair pid="9">
			<Question qid="0000064-9" qtype="prevention">How to prevent Acrodysostosis ?</Question>
			<Answer></Answer>
	</QAPair>
</QAPairs>
</Document>
