<?xml version="1.0" encoding="UTF-8"?>
<Document id="0000307" source="ADAM" url="https://www.nlm.nih.gov/medlineplus/ency/patientinstructions/000807.htm">
 <!--Answers from the A.D.A.M. medical encyclopedia were removed to comply with the MedlinePlus copyright-->
<Focus>Are You Getting Too Much Exercise?</Focus>
<FocusAnnotations>
	<Category>Disease</Category>
	<UMLS>
		<CUIs>
			<CUI>C3843660</CUI>
		</CUIs>
		<SemanticTypes>
			<SemanticType>T033</SemanticType>
		</SemanticTypes>
		<SemanticGroup>Disorders</SemanticGroup>
	</UMLS>
</FocusAnnotations>
<QAPairs>
	<QAPair pid="1">
			<Question qid="0000307-1" qtype="information">What is (are) Are You Getting Too Much Exercise? ?</Question>
			<Answer></Answer>
	</QAPair>
</QAPairs>
</Document>
