<?xml version="1.0" encoding="UTF-8"?>
<Document id="0000206" source="ADAM" url="https://www.nlm.nih.gov/medlineplus/ency/patientinstructions/000689.htm">
 <!--Answers from the A.D.A.M. medical encyclopedia were removed to comply with the MedlinePlus copyright-->
<Focus>Anal itching - self-care</Focus>
<FocusAnnotations>
	<Category>Disease</Category>
	<UMLS>
		<CUIs>
			<CUI>C0033775</CUI>
		</CUIs>
		<SemanticTypes>
			<SemanticType>T184</SemanticType>
		</SemanticTypes>
		<SemanticGroup>Disorders</SemanticGroup>
	</UMLS>
	<Synonyms>
		<Synonym>Pruritus ani - self-care</Synonym>
	</Synonyms>
</FocusAnnotations>
<QAPairs>
	<QAPair pid="1">
			<Question qid="0000206-1" qtype="information">What is (are) Anal itching - self-care ?</Question>
			<Answer></Answer>
	</QAPair>
	<QAPair pid="2">
			<Question qid="0000206-2" qtype="causes">What causes Anal itching - self-care ?</Question>
			<Answer></Answer>
	</QAPair>
</QAPairs>
</Document>
