<?xml version="1.0" encoding="UTF-8"?>
<Document id="0000451" source="ADAM" url="https://www.nlm.nih.gov/medlineplus/ency/article/003415.htm">
 <!--Answers from the A.D.A.M. medical encyclopedia were removed to comply with the MedlinePlus copyright-->
<Focus>Biopsy - polyps</Focus>
<FocusAnnotations>
	<Category>Disease</Category>
	<UMLS>
		<CUIs>
			<CUI>C0032584</CUI>
		</CUIs>
		<SemanticTypes>
			<SemanticType>T190</SemanticType>
		</SemanticTypes>
		<SemanticGroup>Disorders</SemanticGroup>
	</UMLS>
	<Synonyms>
		<Synonym>Polyp biopsy</Synonym>
	</Synonyms>
</FocusAnnotations>
<QAPairs>
	<QAPair pid="1">
			<Question qid="0000451-1" qtype="information">What is (are) Biopsy - polyps ?</Question>
			<Answer></Answer>
	</QAPair>
	<QAPair pid="8">
			<Question qid="0000451-8" qtype="susceptibility">Who is at risk for Biopsy - polyps? ?</Question>
			<Answer></Answer>
	</QAPair>
</QAPairs>
</Document>
