<?xml version="1.0" encoding="UTF-8"?>
<Document id="0000110" source="ADAM" url="https://www.nlm.nih.gov/medlineplus/ency/article/001307.htm">
 <!--Answers from the A.D.A.M. medical encyclopedia were removed to comply with the MedlinePlus copyright-->
<Focus>Agammaglobulinemia</Focus>
<FocusAnnotations>
	<Category>Disease</Category>
	<UMLS>
		<CUIs>
			<CUI>C0001768</CUI>
		</CUIs>
		<SemanticTypes>
			<SemanticType>T047</SemanticType>
		</SemanticTypes>
		<SemanticGroup>Disorders</SemanticGroup>
	</UMLS>
	<Synonyms>
		<Synonym>Bruton's agammaglobulinemia</Synonym>
		<Synonym>X-linked agammaglobulinemia</Synonym>
	</Synonyms>
</FocusAnnotations>
<QAPairs>
	<QAPair pid="1">
			<Question qid="0000110-1" qtype="information">What is (are) Agammaglobulinemia ?</Question>
			<Answer></Answer>
	</QAPair>
	<QAPair pid="2">
			<Question qid="0000110-2" qtype="causes">What causes Agammaglobulinemia ?</Question>
			<Answer></Answer>
	</QAPair>
	<QAPair pid="3">
			<Question qid="0000110-3" qtype="symptoms">What are the symptoms of Agammaglobulinemia ?</Question>
			<Answer></Answer>
	</QAPair>
	<QAPair pid="4">
			<Question qid="0000110-4" qtype="exams and tests">How to diagnose Agammaglobulinemia ?</Question>
			<Answer></Answer>
	</QAPair>
	<QAPair pid="5">
			<Question qid="0000110-5" qtype="treatment">What are the treatments for Agammaglobulinemia ?</Question>
			<Answer></Answer>
	</QAPair>
	<QAPair pid="6">
			<Question qid="0000110-6" qtype="outlook">What is the outlook for Agammaglobulinemia ?</Question>
			<Answer></Answer>
	</QAPair>
	<QAPair pid="7">
			<Question qid="0000110-7" qtype="complications">What are the complications of Agammaglobulinemia ?</Question>
			<Answer></Answer>
	</QAPair>
	<QAPair pid="8">
			<Question qid="0000110-8" qtype="when to contact a medical professional">Do I need to see a doctor for Agammaglobulinemia ?</Question>
			<Answer></Answer>
	</QAPair>
	<QAPair pid="9">
			<Question qid="0000110-9" qtype="prevention">How to prevent Agammaglobulinemia ?</Question>
			<Answer></Answer>
	</QAPair>
</QAPairs>
</Document>
