<?xml version="1.0" encoding="UTF-8"?>
<Document id="0000255" source="ADAM" url="https://www.nlm.nih.gov/medlineplus/ency/article/001325.htm">
 <!--Answers from the A.D.A.M. medical encyclopedia were removed to comply with the MedlinePlus copyright-->
<Focus>Anthrax</Focus>
<FocusAnnotations>
	<Category>Disease</Category>
	<UMLS>
		<CUIs>
			<CUI>C0003175</CUI>
		</CUIs>
		<SemanticTypes>
			<SemanticType>T047</SemanticType>
		</SemanticTypes>
		<SemanticGroup>Disorders</SemanticGroup>
	</UMLS>
	<Synonyms>
		<Synonym>Woolsorter's disease</Synonym>
		<Synonym>Ragpicker's disease</Synonym>
		<Synonym>Cutaneous anthrax</Synonym>
		<Synonym>Gastrointestinal anthrax</Synonym>
	</Synonyms>
</FocusAnnotations>
<QAPairs>
	<QAPair pid="1">
			<Question qid="0000255-1" qtype="information">What is (are) Anthrax ?</Question>
			<Answer></Answer>
	</QAPair>
	<QAPair pid="2">
			<Question qid="0000255-2" qtype="causes">What causes Anthrax ?</Question>
			<Answer></Answer>
	</QAPair>
	<QAPair pid="3">
			<Question qid="0000255-3" qtype="symptoms">What are the symptoms of Anthrax ?</Question>
			<Answer></Answer>
	</QAPair>
	<QAPair pid="4">
			<Question qid="0000255-4" qtype="exams and tests">How to diagnose Anthrax ?</Question>
			<Answer></Answer>
	</QAPair>
	<QAPair pid="5">
			<Question qid="0000255-5" qtype="treatment">What are the treatments for Anthrax ?</Question>
			<Answer></Answer>
	</QAPair>
	<QAPair pid="6">
			<Question qid="0000255-6" qtype="outlook">What is the outlook for Anthrax ?</Question>
			<Answer></Answer>
	</QAPair>
	<QAPair pid="7">
			<Question qid="0000255-7" qtype="when to contact a medical professional">Do I need to see a doctor for Anthrax ?</Question>
			<Answer></Answer>
	</QAPair>
	<QAPair pid="8">
			<Question qid="0000255-8" qtype="prevention">How to prevent Anthrax ?</Question>
			<Answer></Answer>
	</QAPair>
</QAPairs>
</Document>
