<?xml version="1.0" encoding="UTF-8"?>
<Document id="0000107" source="ADAM" url="https://www.nlm.nih.gov/medlineplus/ency/patientinstructions/000012.htm">
 <!--Answers from the A.D.A.M. medical encyclopedia were removed to comply with the MedlinePlus copyright-->
<Focus>After chemotherapy - discharge</Focus>
<FocusAnnotations>
	<Category>Other</Category>
</FocusAnnotations>
<QAPairs>
	<QAPair pid="1">
			<Question qid="0000107-1" qtype="information">Do you have information about After chemotherapy - discharge</Question>
			<Answer></Answer>
	</QAPair>
</QAPairs>
</Document>
