<?xml version="1.0" encoding="UTF-8"?>
<Document id="0000050" source="ADAM" url="https://www.nlm.nih.gov/medlineplus/ency/article/001577.htm">
 <!--Answers from the A.D.A.M. medical encyclopedia were removed to comply with the MedlinePlus copyright-->
<Focus>Achondroplasia</Focus>
<FocusAnnotations>
	<Category>Disease</Category>
	<UMLS>
		<CUIs>
			<CUI>C0001080</CUI>
		</CUIs>
		<SemanticTypes>
			<SemanticType>T019</SemanticType>
			<SemanticType>T047</SemanticType>
		</SemanticTypes>
		<SemanticGroup>Disorders</SemanticGroup>
	</UMLS>
</FocusAnnotations>
<QAPairs>
	<QAPair pid="1">
			<Question qid="0000050-1" qtype="information">What is (are) Achondroplasia ?</Question>
			<Answer></Answer>
	</QAPair>
	<QAPair pid="2">
			<Question qid="0000050-2" qtype="causes">What causes Achondroplasia ?</Question>
			<Answer></Answer>
	</QAPair>
	<QAPair pid="3">
			<Question qid="0000050-3" qtype="symptoms">What are the symptoms of Achondroplasia ?</Question>
			<Answer></Answer>
	</QAPair>
	<QAPair pid="4">
			<Question qid="0000050-4" qtype="exams and tests">How to diagnose Achondroplasia ?</Question>
			<Answer></Answer>
	</QAPair>
	<QAPair pid="5">
			<Question qid="0000050-5" qtype="treatment">What are the treatments for Achondroplasia ?</Question>
			<Answer></Answer>
	</QAPair>
	<QAPair pid="6">
			<Question qid="0000050-6" qtype="outlook">What is the outlook for Achondroplasia ?</Question>
			<Answer></Answer>
	</QAPair>
	<QAPair pid="7">
			<Question qid="0000050-7" qtype="complications">What are the complications of Achondroplasia ?</Question>
			<Answer></Answer>
	</QAPair>
	<QAPair pid="8">
			<Question qid="0000050-8" qtype="when to contact a medical professional">Do I need to see a doctor for Achondroplasia ?</Question>
			<Answer></Answer>
	</QAPair>
	<QAPair pid="9">
			<Question qid="0000050-9" qtype="prevention">How to prevent Achondroplasia ?</Question>
			<Answer></Answer>
	</QAPair>
</QAPairs>
</Document>
