<?xml version="1.0" encoding="UTF-8"?>
<Document id="0000240" source="ADAM" url="https://www.nlm.nih.gov/medlineplus/ency/article/007254.htm">
 <!--Answers from the A.D.A.M. medical encyclopedia were removed to comply with the MedlinePlus copyright-->
<Focus>Ankle replacement</Focus>
<FocusAnnotations>
	<Category>Disease</Category>
	<UMLS>
		<CUIs>
			<CUI>C2186375</CUI>
		</CUIs>
		<SemanticTypes>
			<SemanticType>T033</SemanticType>
		</SemanticTypes>
		<SemanticGroup>Disorders</SemanticGroup>
	</UMLS>
	<Synonyms>
		<Synonym>Ankle arthroplasty - total</Synonym>
		<Synonym>Total ankle arthroplasty</Synonym>
		<Synonym>Endoprosthetic ankle replacement</Synonym>
		<Synonym>Ankle surgery</Synonym>
	</Synonyms>
</FocusAnnotations>
<QAPairs>
	<QAPair pid="1">
			<Question qid="0000240-1" qtype="information">What is (are) Ankle replacement ?</Question>
			<Answer></Answer>
	</QAPair>
	<QAPair pid="2">
			<Question qid="0000240-2" qtype="information">What is (are) Ankle replacement ?</Question>
			<Answer></Answer>
	</QAPair>
	<QAPair pid="4">
			<Question qid="0000240-4" qtype="susceptibility">Who is at risk for Ankle replacement? ?</Question>
			<Answer></Answer>
	</QAPair>
	<QAPair pid="7">
			<Question qid="0000240-7" qtype="outlook">What is the outlook for Ankle replacement ?</Question>
			<Answer></Answer>
	</QAPair>
</QAPairs>
</Document>
