<?xml version="1.0" encoding="UTF-8"?>
<Document id="0000208" source="ADAM" url="https://www.nlm.nih.gov/medlineplus/ency/article/000844.htm">
 <!--Answers from the A.D.A.M. medical encyclopedia were removed to comply with the MedlinePlus copyright-->
<Focus>Anaphylaxis</Focus>
<FocusAnnotations>
	<Category>Disease</Category>
	<UMLS>
		<CUIs>
			<CUI>C0002792</CUI>
			<CUI>C0850803</CUI>
		</CUIs>
		<SemanticTypes>
			<SemanticType>T046</SemanticType>
			<SemanticType>T047</SemanticType>
		</SemanticTypes>
		<SemanticGroup>Disorders</SemanticGroup>
	</UMLS>
	<Synonyms>
		<Synonym>Anaphylactic reaction</Synonym>
		<Synonym>Anaphylactic shock</Synonym>
		<Synonym>Shock - anaphylactic</Synonym>
	</Synonyms>
</FocusAnnotations>
<QAPairs>
	<QAPair pid="1">
			<Question qid="0000208-1" qtype="information">What is (are) Anaphylaxis ?</Question>
			<Answer></Answer>
	</QAPair>
	<QAPair pid="2">
			<Question qid="0000208-2" qtype="causes">What causes Anaphylaxis ?</Question>
			<Answer></Answer>
	</QAPair>
	<QAPair pid="3">
			<Question qid="0000208-3" qtype="symptoms">What are the symptoms of Anaphylaxis ?</Question>
			<Answer></Answer>
	</QAPair>
	<QAPair pid="4">
			<Question qid="0000208-4" qtype="exams and tests">How to diagnose Anaphylaxis ?</Question>
			<Answer></Answer>
	</QAPair>
	<QAPair pid="5">
			<Question qid="0000208-5" qtype="treatment">What are the treatments for Anaphylaxis ?</Question>
			<Answer></Answer>
	</QAPair>
	<QAPair pid="6">
			<Question qid="0000208-6" qtype="outlook">What is the outlook for Anaphylaxis ?</Question>
			<Answer></Answer>
	</QAPair>
	<QAPair pid="7">
			<Question qid="0000208-7" qtype="complications">What are the complications of Anaphylaxis ?</Question>
			<Answer></Answer>
	</QAPair>
	<QAPair pid="8">
			<Question qid="0000208-8" qtype="when to contact a medical professional">Do I need to see a doctor for Anaphylaxis ?</Question>
			<Answer></Answer>
	</QAPair>
	<QAPair pid="9">
			<Question qid="0000208-9" qtype="prevention">How to prevent Anaphylaxis ?</Question>
			<Answer></Answer>
	</QAPair>
</QAPairs>
</Document>
