<?xml version="1.0" encoding="UTF-8"?>
<Document id="0000374" source="ADAM" url="https://www.nlm.nih.gov/medlineplus/ency/article/007263.htm">
 <!--Answers from the A.D.A.M. medical encyclopedia were removed to comply with the MedlinePlus copyright-->
<Focus>Avian influenza</Focus>
<FocusAnnotations>
	<Category>Disease</Category>
	<UMLS>
		<CUIs>
			<CUI>C0016627</CUI>
		</CUIs>
		<SemanticTypes>
			<SemanticType>T047</SemanticType>
		</SemanticTypes>
		<SemanticGroup>Disorders</SemanticGroup>
	</UMLS>
	<Synonyms>
		<Synonym>Bird flu</Synonym>
		<Synonym>H5N1</Synonym>
		<Synonym>H5N2</Synonym>
		<Synonym>H5N8</Synonym>
		<Synonym>H7N9</Synonym>
		<Synonym>Avian influenza A (HPAI) H5</Synonym>
	</Synonyms>
</FocusAnnotations>
<QAPairs>
	<QAPair pid="1">
			<Question qid="0000374-1" qtype="information">What is (are) Avian influenza ?</Question>
			<Answer></Answer>
	</QAPair>
	<QAPair pid="2">
			<Question qid="0000374-2" qtype="causes">What causes Avian influenza ?</Question>
			<Answer></Answer>
	</QAPair>
	<QAPair pid="3">
			<Question qid="0000374-3" qtype="symptoms">What are the symptoms of Avian influenza ?</Question>
			<Answer></Answer>
	</QAPair>
	<QAPair pid="4">
			<Question qid="0000374-4" qtype="exams and tests">How to diagnose Avian influenza ?</Question>
			<Answer></Answer>
	</QAPair>
	<QAPair pid="5">
			<Question qid="0000374-5" qtype="treatment">What are the treatments for Avian influenza ?</Question>
			<Answer></Answer>
	</QAPair>
	<QAPair pid="6">
			<Question qid="0000374-6" qtype="outlook">What is the outlook for Avian influenza ?</Question>
			<Answer></Answer>
	</QAPair>
	<QAPair pid="7">
			<Question qid="0000374-7" qtype="complications">What are the complications of Avian influenza ?</Question>
			<Answer></Answer>
	</QAPair>
	<QAPair pid="8">
			<Question qid="0000374-8" qtype="when to contact a medical professional">Do I need to see a doctor for Avian influenza ?</Question>
			<Answer></Answer>
	</QAPair>
	<QAPair pid="9">
			<Question qid="0000374-9" qtype="prevention">How to prevent Avian influenza ?</Question>
			<Answer></Answer>
	</QAPair>
</QAPairs>
</Document>
