<?xml version="1.0" encoding="UTF-8"?>
<Document id="0000061" source="ADAM" url="https://www.nlm.nih.gov/medlineplus/ency/article/001061.htm">
 <!--Answers from the A.D.A.M. medical encyclopedia were removed to comply with the MedlinePlus copyright-->
<Focus>Acoustic trauma</Focus>
<FocusAnnotations>
	<Category>Disease</Category>
	<UMLS>
		<CUIs>
			<CUI>C2239187</CUI>
			<CUI>C1148522</CUI>
		</CUIs>
		<SemanticTypes>
			<SemanticType>T037</SemanticType>
			<SemanticType>T033</SemanticType>
		</SemanticTypes>
		<SemanticGroup>Disorders</SemanticGroup>
	</UMLS>
	<Synonyms>
		<Synonym>Injury - inner ear</Synonym>
		<Synonym>Trauma - inner ear</Synonym>
		<Synonym>Ear injury</Synonym>
	</Synonyms>
</FocusAnnotations>
<QAPairs>
	<QAPair pid="1">
			<Question qid="0000061-1" qtype="information">What is (are) Acoustic trauma ?</Question>
			<Answer></Answer>
	</QAPair>
	<QAPair pid="2">
			<Question qid="0000061-2" qtype="causes">What causes Acoustic trauma ?</Question>
			<Answer></Answer>
	</QAPair>
	<QAPair pid="3">
			<Question qid="0000061-3" qtype="symptoms">What are the symptoms of Acoustic trauma ?</Question>
			<Answer></Answer>
	</QAPair>
	<QAPair pid="4">
			<Question qid="0000061-4" qtype="exams and tests">How to diagnose Acoustic trauma ?</Question>
			<Answer></Answer>
	</QAPair>
	<QAPair pid="5">
			<Question qid="0000061-5" qtype="treatment">What are the treatments for Acoustic trauma ?</Question>
			<Answer></Answer>
	</QAPair>
	<QAPair pid="6">
			<Question qid="0000061-6" qtype="outlook">What is the outlook for Acoustic trauma ?</Question>
			<Answer></Answer>
	</QAPair>
	<QAPair pid="7">
			<Question qid="0000061-7" qtype="complications">What are the complications of Acoustic trauma ?</Question>
			<Answer></Answer>
	</QAPair>
	<QAPair pid="8">
			<Question qid="0000061-8" qtype="when to contact a medical professional">Do I need to see a doctor for Acoustic trauma ?</Question>
			<Answer></Answer>
	</QAPair>
	<QAPair pid="9">
			<Question qid="0000061-9" qtype="prevention">How to prevent Acoustic trauma ?</Question>
			<Answer></Answer>
	</QAPair>
</QAPairs>
</Document>
