<?xml version="1.0" encoding="UTF-8"?>
<Document id="0000046" source="ADAM" url="https://www.nlm.nih.gov/medlineplus/ency/article/001072.htm">
 <!--Answers from the A.D.A.M. medical encyclopedia were removed to comply with the MedlinePlus copyright-->
<Focus>Achilles tendinitis</Focus>
<FocusAnnotations>
	<Category>Disease</Category>
	<UMLS>
		<CUIs>
			<CUI>C0263933</CUI>
			<CUI>C0149846</CUI>
		</CUIs>
		<SemanticTypes>
			<SemanticType>T047</SemanticType>
		</SemanticTypes>
		<SemanticGroup>Disorders</SemanticGroup>
	</UMLS>
	<Synonyms>
		<Synonym>Tendinitis of the heel</Synonym>
	</Synonyms>
</FocusAnnotations>
<QAPairs>
	<QAPair pid="1">
			<Question qid="0000046-1" qtype="information">What is (are) Achilles tendinitis ?</Question>
			<Answer></Answer>
	</QAPair>
	<QAPair pid="2">
			<Question qid="0000046-2" qtype="causes">What causes Achilles tendinitis ?</Question>
			<Answer></Answer>
	</QAPair>
	<QAPair pid="3">
			<Question qid="0000046-3" qtype="symptoms">What are the symptoms of Achilles tendinitis ?</Question>
			<Answer></Answer>
	</QAPair>
	<QAPair pid="4">
			<Question qid="0000046-4" qtype="exams and tests">How to diagnose Achilles tendinitis ?</Question>
			<Answer></Answer>
	</QAPair>
	<QAPair pid="5">
			<Question qid="0000046-5" qtype="treatment">What are the treatments for Achilles tendinitis ?</Question>
			<Answer></Answer>
	</QAPair>
	<QAPair pid="6">
			<Question qid="0000046-6" qtype="outlook">What is the outlook for Achilles tendinitis ?</Question>
			<Answer></Answer>
	</QAPair>
	<QAPair pid="7">
			<Question qid="0000046-7" qtype="complications">What are the complications of Achilles tendinitis ?</Question>
			<Answer></Answer>
	</QAPair>
	<QAPair pid="8">
			<Question qid="0000046-8" qtype="when to contact a medical professional">Do I need to see a doctor for Achilles tendinitis ?</Question>
			<Answer></Answer>
	</QAPair>
	<QAPair pid="9">
			<Question qid="0000046-9" qtype="prevention">How to prevent Achilles tendinitis ?</Question>
			<Answer></Answer>
	</QAPair>
</QAPairs>
</Document>
