<?xml version="1.0" encoding="UTF-8"?>
<Document id="0000204" source="ADAM" url="https://www.nlm.nih.gov/medlineplus/ency/article/007652.htm">
 <!--Answers from the A.D.A.M. medical encyclopedia were removed to comply with the MedlinePlus copyright-->
<Focus>Anal cancer</Focus>
<FocusAnnotations>
	<Category>Disease</Category>
	<UMLS>
		<CUIs>
			<CUI>C0279637</CUI>
			<CUI>C0153446</CUI>
		</CUIs>
		<SemanticTypes>
			<SemanticType>T191</SemanticType>
		</SemanticTypes>
		<SemanticGroup>Disorders</SemanticGroup>
	</UMLS>
	<Synonyms>
		<Synonym>Cancer - anus</Synonym>
		<Synonym>Squamous cell carcinoma - anal</Synonym>
		<Synonym>HPV - anal cancer</Synonym>
	</Synonyms>
</FocusAnnotations>
<QAPairs>
	<QAPair pid="1">
			<Question qid="0000204-1" qtype="information">What is (are) Anal cancer ?</Question>
			<Answer></Answer>
	</QAPair>
	<QAPair pid="2">
			<Question qid="0000204-2" qtype="causes">What causes Anal cancer ?</Question>
			<Answer></Answer>
	</QAPair>
	<QAPair pid="3">
			<Question qid="0000204-3" qtype="symptoms">What are the symptoms of Anal cancer ?</Question>
			<Answer></Answer>
	</QAPair>
	<QAPair pid="4">
			<Question qid="0000204-4" qtype="exams and tests">How to diagnose Anal cancer ?</Question>
			<Answer></Answer>
	</QAPair>
	<QAPair pid="5">
			<Question qid="0000204-5" qtype="treatment">What are the treatments for Anal cancer ?</Question>
			<Answer></Answer>
	</QAPair>
	<QAPair pid="6">
			<Question qid="0000204-6" qtype="support groups">Where to find support for people with Anal cancer ?</Question>
			<Answer></Answer>
	</QAPair>
	<QAPair pid="7">
			<Question qid="0000204-7" qtype="outlook">What is the outlook for Anal cancer ?</Question>
			<Answer></Answer>
	</QAPair>
	<QAPair pid="8">
			<Question qid="0000204-8" qtype="complications">What are the complications of Anal cancer ?</Question>
			<Answer></Answer>
	</QAPair>
	<QAPair pid="9">
			<Question qid="0000204-9" qtype="when to contact a medical professional">Do I need to see a doctor for Anal cancer ?</Question>
			<Answer></Answer>
	</QAPair>
	<QAPair pid="10">
			<Question qid="0000204-10" qtype="prevention">How to prevent Anal cancer ?</Question>
			<Answer></Answer>
	</QAPair>
</QAPairs>
</Document>
