<?xml version="1.0" encoding="UTF-8"?>
<Document id="0000198" source="ADAM" url="https://www.nlm.nih.gov/medlineplus/ency/article/000006.htm">
 <!--Answers from the A.D.A.M. medical encyclopedia were removed to comply with the MedlinePlus copyright-->
<Focus>Amputation - traumatic</Focus>
<FocusAnnotations>
	<Category>Other</Category>
	<Synonyms>
		<Synonym>Loss of a body part</Synonym>
	</Synonyms>
</FocusAnnotations>
<QAPairs>
	<QAPair pid="1">
			<Question qid="0000198-1" qtype="information">Do you have information about Amputation - traumatic</Question>
			<Answer></Answer>
	</QAPair>
</QAPairs>
</Document>
