<?xml version="1.0" encoding="UTF-8"?>
<Document id="0000424" source="ADAM" url="https://www.nlm.nih.gov/medlineplus/ency/article/001420.htm">
 <!--Answers from the A.D.A.M. medical encyclopedia were removed to comply with the MedlinePlus copyright-->
<Focus>Benign positional vertigo</Focus>
<FocusAnnotations>
	<Category>Disease</Category>
	<UMLS>
		<CUIs>
			<CUI>C0155502</CUI>
		</CUIs>
		<SemanticTypes>
			<SemanticType>T047</SemanticType>
		</SemanticTypes>
		<SemanticGroup>Disorders</SemanticGroup>
	</UMLS>
	<Synonyms>
		<Synonym>Vertigo - positional</Synonym>
		<Synonym>Benign paroxysmal positional vertigo</Synonym>
		<Synonym>BPPV: dizziness- positional</Synonym>
	</Synonyms>
</FocusAnnotations>
<QAPairs>
	<QAPair pid="1">
			<Question qid="0000424-1" qtype="information">What is (are) Benign positional vertigo ?</Question>
			<Answer></Answer>
	</QAPair>
	<QAPair pid="2">
			<Question qid="0000424-2" qtype="causes">What causes Benign positional vertigo ?</Question>
			<Answer></Answer>
	</QAPair>
	<QAPair pid="3">
			<Question qid="0000424-3" qtype="symptoms">What are the symptoms of Benign positional vertigo ?</Question>
			<Answer></Answer>
	</QAPair>
	<QAPair pid="4">
			<Question qid="0000424-4" qtype="exams and tests">How to diagnose Benign positional vertigo ?</Question>
			<Answer></Answer>
	</QAPair>
	<QAPair pid="5">
			<Question qid="0000424-5" qtype="treatment">What are the treatments for Benign positional vertigo ?</Question>
			<Answer></Answer>
	</QAPair>
	<QAPair pid="6">
			<Question qid="0000424-6" qtype="outlook">What is the outlook for Benign positional vertigo ?</Question>
			<Answer></Answer>
	</QAPair>
	<QAPair pid="7">
			<Question qid="0000424-7" qtype="complications">What are the complications of Benign positional vertigo ?</Question>
			<Answer></Answer>
	</QAPair>
	<QAPair pid="8">
			<Question qid="0000424-8" qtype="when to contact a medical professional">Do I need to see a doctor for Benign positional vertigo ?</Question>
			<Answer></Answer>
	</QAPair>
	<QAPair pid="9">
			<Question qid="0000424-9" qtype="prevention">How to prevent Benign positional vertigo ?</Question>
			<Answer></Answer>
	</QAPair>
</QAPairs>
</Document>
