<?xml version="1.0" encoding="UTF-8"?>
<Document id="0000224" source="ADAM" url="https://www.nlm.nih.gov/medlineplus/ency/patientinstructions/000089.htm">
 <!--Answers from the A.D.A.M. medical encyclopedia were removed to comply with the MedlinePlus copyright-->
<Focus>Angina - discharge</Focus>
<FocusAnnotations>
	<Category>Disease</Category>
	<UMLS>
		<CUIs>
			<CUI>C0002962</CUI>
		</CUIs>
		<SemanticTypes>
			<SemanticType>T033</SemanticType>
		</SemanticTypes>
		<SemanticGroup>Disorders</SemanticGroup>
	</UMLS>
	<Synonyms>
		<Synonym>Chest pain - discharge</Synonym>
		<Synonym>Stable angina - discharge</Synonym>
		<Synonym>Chronic angina - discharge</Synonym>
		<Synonym>Variant angina - discharge</Synonym>
		<Synonym>Angina pectoris - discharge</Synonym>
		<Synonym>Accelerating angina - discharge</Synonym>
		<Synonym>New-onset angina - discharge</Synonym>
		<Synonym>Angina - unstable - discharge</Synonym>
		<Synonym>Progressive angina - discharge</Synonym>
		<Synonym>Angina - stable - discharge</Synonym>
		<Synonym>Angina - chronic - discharge</Synonym>
		<Synonym>Angina - variant - discharge</Synonym>
		<Synonym>Prinzmetals angina - discharge</Synonym>
	</Synonyms>
</FocusAnnotations>
<QAPairs>
	<QAPair pid="1">
			<Question qid="0000224-1" qtype="information">What is (are) Angina - discharge ?</Question>
			<Answer></Answer>
	</QAPair>
	<QAPair pid="2">
			<Question qid="0000224-2" qtype="outlook">What is the outlook for Angina - discharge ?</Question>
			<Answer></Answer>
	</QAPair>
	<QAPair pid="6">
			<Question qid="0000224-6" qtype="when to contact a medical professional">Do I need to see a doctor for Angina - discharge ?</Question>
			<Answer></Answer>
	</QAPair>
</QAPairs>
</Document>
