<?xml version="1.0" encoding="UTF-8"?>
<Document id="0000369" source="ADAM" url="https://www.nlm.nih.gov/medlineplus/ency/article/002729.htm">
 <!--Answers from the A.D.A.M. medical encyclopedia were removed to comply with the MedlinePlus copyright-->
<Focus>Automatic dishwasher soap poisoning</Focus>
<FocusAnnotations>
	<Category>Other</Category>
</FocusAnnotations>
<QAPairs>
	<QAPair pid="1">
			<Question qid="0000369-1" qtype="information">Do you have information about Automatic dishwasher soap poisoning</Question>
			<Answer></Answer>
	</QAPair>
</QAPairs>
</Document>
