<?xml version="1.0" encoding="UTF-8"?>
<Document id="0000079" source="ADAM" url="https://www.nlm.nih.gov/medlineplus/ency/article/000133.htm">
 <!--Answers from the A.D.A.M. medical encyclopedia were removed to comply with the MedlinePlus copyright-->
<Focus>Acute mountain sickness</Focus>
<FocusAnnotations>
	<Category>Disease</Category>
	<UMLS>
		<CUIs>
			<CUI>C0238284</CUI>
		</CUIs>
		<SemanticTypes>
			<SemanticType>T047</SemanticType>
		</SemanticTypes>
		<SemanticGroup>Disorders</SemanticGroup>
	</UMLS>
	<Synonyms>
		<Synonym>High altitude cerebral edema</Synonym>
		<Synonym>Altitude anoxia</Synonym>
		<Synonym>Altitude sickness</Synonym>
		<Synonym>Mountain sickness</Synonym>
		<Synonym>High altitude pulmonary edema</Synonym>
	</Synonyms>
</FocusAnnotations>
<QAPairs>
	<QAPair pid="1">
			<Question qid="0000079-1" qtype="information">What is (are) Acute mountain sickness ?</Question>
			<Answer></Answer>
	</QAPair>
	<QAPair pid="2">
			<Question qid="0000079-2" qtype="causes">What causes Acute mountain sickness ?</Question>
			<Answer></Answer>
	</QAPair>
	<QAPair pid="3">
			<Question qid="0000079-3" qtype="symptoms">What are the symptoms of Acute mountain sickness ?</Question>
			<Answer></Answer>
	</QAPair>
	<QAPair pid="4">
			<Question qid="0000079-4" qtype="exams and tests">How to diagnose Acute mountain sickness ?</Question>
			<Answer></Answer>
	</QAPair>
	<QAPair pid="5">
			<Question qid="0000079-5" qtype="treatment">What are the treatments for Acute mountain sickness ?</Question>
			<Answer></Answer>
	</QAPair>
	<QAPair pid="6">
			<Question qid="0000079-6" qtype="outlook">What is the outlook for Acute mountain sickness ?</Question>
			<Answer></Answer>
	</QAPair>
	<QAPair pid="7">
			<Question qid="0000079-7" qtype="complications">What are the complications of Acute mountain sickness ?</Question>
			<Answer></Answer>
	</QAPair>
	<QAPair pid="8">
			<Question qid="0000079-8" qtype="when to contact a medical professional">Do I need to see a doctor for Acute mountain sickness ?</Question>
			<Answer></Answer>
	</QAPair>
	<QAPair pid="9">
			<Question qid="0000079-9" qtype="prevention">How to prevent Acute mountain sickness ?</Question>
			<Answer></Answer>
	</QAPair>
</QAPairs>
</Document>
