<?xml version="1.0" encoding="UTF-8"?>
<Document id="0000267" source="ADAM" url="https://www.nlm.nih.gov/medlineplus/ency/article/003333.htm">
 <!--Answers from the A.D.A.M. medical encyclopedia were removed to comply with the MedlinePlus copyright-->
<Focus>Antibody titer</Focus>
<FocusAnnotations>
	<Category>Other</Category>
	<Synonyms>
		<Synonym>Titer - antibodies</Synonym>
		<Synonym>Serum antibodies</Synonym>
	</Synonyms>
</FocusAnnotations>
<QAPairs>
	<QAPair pid="1">
			<Question qid="0000267-1" qtype="information">Do you have information about Antibody titer</Question>
			<Answer></Answer>
	</QAPair>
</QAPairs>
</Document>
