<?xml version="1.0" encoding="UTF-8"?>
<Document id="0000455" source="ADAM" url="https://www.nlm.nih.gov/medlineplus/ency/article/002599.htm">
 <!--Answers from the A.D.A.M. medical encyclopedia were removed to comply with the MedlinePlus copyright-->
<Focus>Birth control pill overdose</Focus>
<FocusAnnotations>
	<Category>Other</Category>
</FocusAnnotations>
<QAPairs>
	<QAPair pid="1">
			<Question qid="0000455-1" qtype="information">Do you have information about Birth control pill overdose</Question>
			<Answer></Answer>
	</QAPair>
</QAPairs>
</Document>
