<?xml version="1.0" encoding="UTF-8"?>
<Document id="0000348" source="ADAM" url="https://www.nlm.nih.gov/medlineplus/ency/article/000065.htm">
 <!--Answers from the A.D.A.M. medical encyclopedia were removed to comply with the MedlinePlus copyright-->
<Focus>Atelectasis</Focus>
<FocusAnnotations>
	<Category>Disease</Category>
	<UMLS>
		<CUIs>
			<CUI>C1962948</CUI>
			<CUI>C0004144</CUI>
		</CUIs>
		<SemanticTypes>
			<SemanticType>T046</SemanticType>
		</SemanticTypes>
		<SemanticGroup>Disorders</SemanticGroup>
	</UMLS>
	<Synonyms>
		<Synonym>Partial lung collapse</Synonym>
	</Synonyms>
</FocusAnnotations>
<QAPairs>
	<QAPair pid="1">
			<Question qid="0000348-1" qtype="information">What is (are) Atelectasis ?</Question>
			<Answer></Answer>
	</QAPair>
	<QAPair pid="2">
			<Question qid="0000348-2" qtype="causes">What causes Atelectasis ?</Question>
			<Answer></Answer>
	</QAPair>
	<QAPair pid="3">
			<Question qid="0000348-3" qtype="symptoms">What are the symptoms of Atelectasis ?</Question>
			<Answer></Answer>
	</QAPair>
	<QAPair pid="4">
			<Question qid="0000348-4" qtype="exams and tests">How to diagnose Atelectasis ?</Question>
			<Answer></Answer>
	</QAPair>
	<QAPair pid="5">
			<Question qid="0000348-5" qtype="treatment">What are the treatments for Atelectasis ?</Question>
			<Answer></Answer>
	</QAPair>
	<QAPair pid="6">
			<Question qid="0000348-6" qtype="outlook">What is the outlook for Atelectasis ?</Question>
			<Answer></Answer>
	</QAPair>
	<QAPair pid="7">
			<Question qid="0000348-7" qtype="complications">What are the complications of Atelectasis ?</Question>
			<Answer></Answer>
	</QAPair>
	<QAPair pid="8">
			<Question qid="0000348-8" qtype="when to contact a medical professional">Do I need to see a doctor for Atelectasis ?</Question>
			<Answer></Answer>
	</QAPair>
	<QAPair pid="9">
			<Question qid="0000348-9" qtype="prevention">How to prevent Atelectasis ?</Question>
			<Answer></Answer>
	</QAPair>
</QAPairs>
</Document>
