<?xml version="1.0" encoding="UTF-8"?>
<Document id="0000161" source="ADAM" url="https://www.nlm.nih.gov/medlineplus/ency/patientinstructions/000488.htm">
 <!--Answers from the A.D.A.M. medical encyclopedia were removed to comply with the MedlinePlus copyright-->
<Focus>Allergies, asthma, and molds</Focus>
<FocusAnnotations>
	<Category>Disease</Category>
	<UMLS>
		<CUIs>
			<CUI>C0020517</CUI>
			<CUI>C0004096</CUI>
			<CUI>C0489531</CUI>
		</CUIs>
		<SemanticTypes>
			<SemanticType>T046</SemanticType>
			<SemanticType>T047</SemanticType>
			<SemanticType>T033</SemanticType>
		</SemanticTypes>
		<SemanticGroup>Disorders</SemanticGroup>
	</UMLS>
	<Synonyms>
		<Synonym>Allergic rhinitis - mold</Synonym>
	</Synonyms>
</FocusAnnotations>
<QAPairs>
	<QAPair pid="1">
			<Question qid="0000161-1" qtype="information">What is (are) Allergies, asthma, and molds ?</Question>
			<Answer></Answer>
	</QAPair>
</QAPairs>
</Document>
