<?xml version="1.0" encoding="UTF-8"?>
<Document id="0000010" source="ADAM" url="https://www.nlm.nih.gov/medlineplus/ency/article/003123.htm">
 <!--Answers from the A.D.A.M. medical encyclopedia were removed to comply with the MedlinePlus copyright-->
<Focus>Abdominal bloating</Focus>
<FocusAnnotations>
	<Category>Disease</Category>
	<UMLS>
		<CUIs>
			<CUI>C1291077</CUI>
			<CUI>C0000731</CUI>
		</CUIs>
		<SemanticTypes>
			<SemanticType>T033</SemanticType>
			<SemanticType>T184</SemanticType>
		</SemanticTypes>
		<SemanticGroup>Disorders</SemanticGroup>
	</UMLS>
	<Synonyms>
		<Synonym>Bloating</Synonym>
		<Synonym>Meteorism</Synonym>
	</Synonyms>
</FocusAnnotations>
<QAPairs>
	<QAPair pid="1">
			<Question qid="0000010-1" qtype="information">What is (are) Abdominal bloating ?</Question>
			<Answer></Answer>
	</QAPair>
	<QAPair pid="2">
			<Question qid="0000010-2" qtype="causes">What causes Abdominal bloating ?</Question>
			<Answer></Answer>
	</QAPair>
	<QAPair pid="3">
			<Question qid="0000010-3" qtype="considerations">What to do for Abdominal bloating ?</Question>
			<Answer></Answer>
	</QAPair>
	<QAPair pid="4">
			<Question qid="0000010-4" qtype="when to contact a medical professional">Do I need to see a doctor for Abdominal bloating ?</Question>
			<Answer></Answer>
	</QAPair>
</QAPairs>
</Document>
