<?xml version="1.0" encoding="UTF-8"?>
<Document id="0000131" source="ADAM" url="https://www.nlm.nih.gov/medlineplus/ency/article/003212.htm">
 <!--Answers from the A.D.A.M. medical encyclopedia were removed to comply with the MedlinePlus copyright-->
<Focus>Agitation</Focus>
<FocusAnnotations>
	<Category>Disease</Category>
	<UMLS>
		<CUIs>
			<CUI>C0085631</CUI>
		</CUIs>
		<SemanticTypes>
			<SemanticType>T184</SemanticType>
		</SemanticTypes>
		<SemanticGroup>Disorders</SemanticGroup>
	</UMLS>
	<Synonyms>
		<Synonym>Restlessness</Synonym>
	</Synonyms>
</FocusAnnotations>
<QAPairs>
	<QAPair pid="1">
			<Question qid="0000131-1" qtype="information">What is (are) Agitation ?</Question>
			<Answer></Answer>
	</QAPair>
	<QAPair pid="2">
			<Question qid="0000131-2" qtype="considerations">What to do for Agitation ?</Question>
			<Answer></Answer>
	</QAPair>
	<QAPair pid="3">
			<Question qid="0000131-3" qtype="causes">What causes Agitation ?</Question>
			<Answer></Answer>
	</QAPair>
	<QAPair pid="4">
			<Question qid="0000131-4" qtype="considerations">What to do for Agitation ?</Question>
			<Answer></Answer>
	</QAPair>
	<QAPair pid="5">
			<Question qid="0000131-5" qtype="when to contact a medical professional">Do I need to see a doctor for Agitation ?</Question>
			<Answer></Answer>
	</QAPair>
	<QAPair pid="6">
			<Question qid="0000131-6" qtype="outlook">What is the outlook for Agitation ?</Question>
			<Answer></Answer>
	</QAPair>
</QAPairs>
</Document>
