<?xml version="1.0" encoding="UTF-8"?>
<Document id="0000106" source="ADAM" url="https://www.nlm.nih.gov/medlineplus/ency/patientinstructions/000442.htm">
 <!--Answers from the A.D.A.M. medical encyclopedia were removed to comply with the MedlinePlus copyright-->
<Focus>After an exposure to sharps or body fluids</Focus>
<FocusAnnotations>
	<Category>Other</Category>
</FocusAnnotations>
<QAPairs>
	<QAPair pid="1">
			<Question qid="0000106-1" qtype="information">Do you have information about After an exposure to sharps or body fluids</Question>
			<Answer></Answer>
	</QAPair>
</QAPairs>
</Document>
