<?xml version="1.0" encoding="UTF-8"?>
<Document id="0000069" source="ADAM" url="https://www.nlm.nih.gov/medlineplus/ency/article/000599.htm">
 <!--Answers from the A.D.A.M. medical encyclopedia were removed to comply with the MedlinePlus copyright-->
<Focus>Actinomycosis</Focus>
<FocusAnnotations>
	<Category>Disease</Category>
	<UMLS>
		<CUIs>
			<CUI>C0001261</CUI>
		</CUIs>
		<SemanticTypes>
			<SemanticType>T047</SemanticType>
		</SemanticTypes>
		<SemanticGroup>Disorders</SemanticGroup>
	</UMLS>
	<Synonyms>
		<Synonym>Lumpy jaw</Synonym>
	</Synonyms>
</FocusAnnotations>
<QAPairs>
	<QAPair pid="1">
			<Question qid="0000069-1" qtype="information">What is (are) Actinomycosis ?</Question>
			<Answer></Answer>
	</QAPair>
	<QAPair pid="2">
			<Question qid="0000069-2" qtype="causes">What causes Actinomycosis ?</Question>
			<Answer></Answer>
	</QAPair>
	<QAPair pid="3">
			<Question qid="0000069-3" qtype="symptoms">What are the symptoms of Actinomycosis ?</Question>
			<Answer></Answer>
	</QAPair>
	<QAPair pid="4">
			<Question qid="0000069-4" qtype="exams and tests">How to diagnose Actinomycosis ?</Question>
			<Answer></Answer>
	</QAPair>
	<QAPair pid="5">
			<Question qid="0000069-5" qtype="treatment">What are the treatments for Actinomycosis ?</Question>
			<Answer></Answer>
	</QAPair>
	<QAPair pid="6">
			<Question qid="0000069-6" qtype="outlook">What is the outlook for Actinomycosis ?</Question>
			<Answer></Answer>
	</QAPair>
	<QAPair pid="7">
			<Question qid="0000069-7" qtype="complications">What are the complications of Actinomycosis ?</Question>
			<Answer></Answer>
	</QAPair>
	<QAPair pid="8">
			<Question qid="0000069-8" qtype="when to contact a medical professional">Do I need to see a doctor for Actinomycosis ?</Question>
			<Answer></Answer>
	</QAPair>
	<QAPair pid="9">
			<Question qid="0000069-9" qtype="prevention">How to prevent Actinomycosis ?</Question>
			<Answer></Answer>
	</QAPair>
</QAPairs>
</Document>
