<?xml version="1.0" encoding="UTF-8"?>
<Document id="0000441" source="ADAM" url="https://www.nlm.nih.gov/medlineplus/ency/article/001145.htm">
 <!--Answers from the A.D.A.M. medical encyclopedia were removed to comply with the MedlinePlus copyright-->
<Focus>Biliary atresia</Focus>
<FocusAnnotations>
	<Category>Disease</Category>
	<UMLS>
		<CUIs>
			<CUI>C0005411</CUI>
		</CUIs>
		<SemanticTypes>
			<SemanticType>T019</SemanticType>
			<SemanticType>T047</SemanticType>
		</SemanticTypes>
		<SemanticGroup>Disorders</SemanticGroup>
	</UMLS>
</FocusAnnotations>
<QAPairs>
	<QAPair pid="1">
			<Question qid="0000441-1" qtype="information">What is (are) Biliary atresia ?</Question>
			<Answer></Answer>
	</QAPair>
	<QAPair pid="2">
			<Question qid="0000441-2" qtype="causes">What causes Biliary atresia ?</Question>
			<Answer></Answer>
	</QAPair>
	<QAPair pid="3">
			<Question qid="0000441-3" qtype="symptoms">What are the symptoms of Biliary atresia ?</Question>
			<Answer></Answer>
	</QAPair>
	<QAPair pid="4">
			<Question qid="0000441-4" qtype="exams and tests">How to diagnose Biliary atresia ?</Question>
			<Answer></Answer>
	</QAPair>
	<QAPair pid="5">
			<Question qid="0000441-5" qtype="treatment">What are the treatments for Biliary atresia ?</Question>
			<Answer></Answer>
	</QAPair>
	<QAPair pid="6">
			<Question qid="0000441-6" qtype="outlook">What is the outlook for Biliary atresia ?</Question>
			<Answer></Answer>
	</QAPair>
	<QAPair pid="7">
			<Question qid="0000441-7" qtype="complications">What are the complications of Biliary atresia ?</Question>
			<Answer></Answer>
	</QAPair>
	<QAPair pid="8">
			<Question qid="0000441-8" qtype="when to contact a medical professional">Do I need to see a doctor for Biliary atresia ?</Question>
			<Answer></Answer>
	</QAPair>
</QAPairs>
</Document>
