<?xml version="1.0" encoding="UTF-8"?>
<Document id="0000047" source="ADAM" url="https://www.nlm.nih.gov/medlineplus/ency/article/007643.htm">
 <!--Answers from the A.D.A.M. medical encyclopedia were removed to comply with the MedlinePlus copyright-->
<Focus>Achilles tendon repair</Focus>
<FocusAnnotations>
	<Category>Other</Category>
	<Synonyms>
		<Synonym>Achilles tendon rupture-surgery</Synonym>
		<Synonym>Percutaneous Achilles tendon rupture repair</Synonym>
	</Synonyms>
</FocusAnnotations>
<QAPairs>
	<QAPair pid="1">
			<Question qid="0000047-1" qtype="information">Do you have information about Achilles tendon repair</Question>
			<Answer></Answer>
	</QAPair>
</QAPairs>
</Document>
