<?xml version="1.0" encoding="UTF-8"?>
<Document id="0000365" source="ADAM" url="https://www.nlm.nih.gov/medlineplus/ency/article/000816.htm">
 <!--Answers from the A.D.A.M. medical encyclopedia were removed to comply with the MedlinePlus copyright-->
<Focus>Autoimmune disorders</Focus>
<FocusAnnotations>
	<Category>Disease</Category>
	<UMLS>
		<CUIs>
			<CUI>C0004364</CUI>
		</CUIs>
		<SemanticTypes>
			<SemanticType>T047</SemanticType>
		</SemanticTypes>
		<SemanticGroup>Disorders</SemanticGroup>
	</UMLS>
</FocusAnnotations>
<QAPairs>
	<QAPair pid="1">
			<Question qid="0000365-1" qtype="information">What is (are) Autoimmune disorders ?</Question>
			<Answer></Answer>
	</QAPair>
	<QAPair pid="2">
			<Question qid="0000365-2" qtype="causes">What causes Autoimmune disorders ?</Question>
			<Answer></Answer>
	</QAPair>
	<QAPair pid="3">
			<Question qid="0000365-3" qtype="symptoms">What are the symptoms of Autoimmune disorders ?</Question>
			<Answer></Answer>
	</QAPair>
	<QAPair pid="4">
			<Question qid="0000365-4" qtype="exams and tests">How to diagnose Autoimmune disorders ?</Question>
			<Answer></Answer>
	</QAPair>
	<QAPair pid="5">
			<Question qid="0000365-5" qtype="treatment">What are the treatments for Autoimmune disorders ?</Question>
			<Answer></Answer>
	</QAPair>
	<QAPair pid="6">
			<Question qid="0000365-6" qtype="outlook">What is the outlook for Autoimmune disorders ?</Question>
			<Answer></Answer>
	</QAPair>
	<QAPair pid="7">
			<Question qid="0000365-7" qtype="complications">What are the complications of Autoimmune disorders ?</Question>
			<Answer></Answer>
	</QAPair>
	<QAPair pid="8">
			<Question qid="0000365-8" qtype="when to contact a medical professional">Do I need to see a doctor for Autoimmune disorders ?</Question>
			<Answer></Answer>
	</QAPair>
	<QAPair pid="9">
			<Question qid="0000365-9" qtype="prevention">How to prevent Autoimmune disorders ?</Question>
			<Answer></Answer>
	</QAPair>
</QAPairs>
</Document>
