<?xml version="1.0" encoding="UTF-8"?>
<Document id="0000166" source="ADAM" url="https://www.nlm.nih.gov/medlineplus/ency/article/001450.htm">
 <!--Answers from the A.D.A.M. medical encyclopedia were removed to comply with the MedlinePlus copyright-->
<Focus>Alopecia areata</Focus>
<FocusAnnotations>
	<Category>Disease</Category>
	<UMLS>
		<CUIs>
			<CUI>C0002171</CUI>
			<CUI>C0002170</CUI>
		</CUIs>
		<SemanticTypes>
			<SemanticType>T047</SemanticType>
			<SemanticType>T033</SemanticType>
		</SemanticTypes>
		<SemanticGroup>Disorders</SemanticGroup>
	</UMLS>
	<Synonyms>
		<Synonym>Alopecia totalis</Synonym>
		<Synonym>Alopecia universalis</Synonym>
	</Synonyms>
</FocusAnnotations>
<QAPairs>
	<QAPair pid="1">
			<Question qid="0000166-1" qtype="information">What is (are) Alopecia areata ?</Question>
			<Answer></Answer>
	</QAPair>
	<QAPair pid="2">
			<Question qid="0000166-2" qtype="causes">What causes Alopecia areata ?</Question>
			<Answer></Answer>
	</QAPair>
	<QAPair pid="3">
			<Question qid="0000166-3" qtype="symptoms">What are the symptoms of Alopecia areata ?</Question>
			<Answer></Answer>
	</QAPair>
	<QAPair pid="4">
			<Question qid="0000166-4" qtype="exams and tests">How to diagnose Alopecia areata ?</Question>
			<Answer></Answer>
	</QAPair>
	<QAPair pid="5">
			<Question qid="0000166-5" qtype="treatment">What are the treatments for Alopecia areata ?</Question>
			<Answer></Answer>
	</QAPair>
	<QAPair pid="6">
			<Question qid="0000166-6" qtype="outlook">What is the outlook for Alopecia areata ?</Question>
			<Answer></Answer>
	</QAPair>
	<QAPair pid="7">
			<Question qid="0000166-7" qtype="when to contact a medical professional">Do I need to see a doctor for Alopecia areata ?</Question>
			<Answer></Answer>
	</QAPair>
</QAPairs>
</Document>
