<?xml version="1.0" encoding="UTF-8"?>
<Document id="0000323" source="ADAM" url="https://www.nlm.nih.gov/medlineplus/ency/article/003472.htm">
 <!--Answers from the A.D.A.M. medical encyclopedia were removed to comply with the MedlinePlus copyright-->
<Focus>Aspartate aminotransferase (AST) blood test</Focus>
<FocusAnnotations>
	<Category>Other</Category>
	<Synonyms>
		<Synonym>Aspartate aminotransferase</Synonym>
		<Synonym>Serum glutamic-oxaloacetic transaminase</Synonym>
		<Synonym>SGOT</Synonym>
	</Synonyms>
</FocusAnnotations>
<QAPairs>
	<QAPair pid="1">
			<Question qid="0000323-1" qtype="information">Do you have information about Aspartate aminotransferase (AST) blood test</Question>
			<Answer></Answer>
	</QAPair>
</QAPairs>
</Document>
