<?xml version="1.0" encoding="UTF-8"?>
<Document id="0000067" source="ADAM" url="https://www.nlm.nih.gov/medlineplus/ency/article/003695.htm">
 <!--Answers from the A.D.A.M. medical encyclopedia were removed to comply with the MedlinePlus copyright-->
<Focus>ACTH blood test</Focus>
<FocusAnnotations>
	<Category>Other</Category>
	<Synonyms>
		<Synonym>Serum adrenocorticotropic hormone</Synonym>
		<Synonym>Adrenocorticotropic hormone</Synonym>
		<Synonym>Highly-sensitive ACTH</Synonym>
	</Synonyms>
</FocusAnnotations>
<QAPairs>
	<QAPair pid="1">
			<Question qid="0000067-1" qtype="information">Do you have information about ACTH blood test</Question>
			<Answer></Answer>
	</QAPair>
</QAPairs>
</Document>
