<?xml version="1.0" encoding="UTF-8"?>
<Document id="0000367" source="ADAM" url="https://www.nlm.nih.gov/medlineplus/ency/article/003328.htm">
 <!--Answers from the A.D.A.M. medical encyclopedia were removed to comply with the MedlinePlus copyright-->
<Focus>Autoimmune liver disease panel</Focus>
<FocusAnnotations>
	<Category>Disease</Category>
	<UMLS>
		<CUIs>
			<CUI>C0400936</CUI>
		</CUIs>
		<SemanticTypes>
			<SemanticType>T047</SemanticType>
		</SemanticTypes>
		<SemanticGroup>Disorders</SemanticGroup>
	</UMLS>
	<Synonyms>
		<Synonym>Liver disease test panel - autoimmune</Synonym>
	</Synonyms>
</FocusAnnotations>
<QAPairs>
	<QAPair pid="1">
			<Question qid="0000367-1" qtype="information">What is (are) Autoimmune liver disease panel ?</Question>
			<Answer></Answer>
	</QAPair>
	<QAPair pid="8">
			<Question qid="0000367-8" qtype="susceptibility">Who is at risk for Autoimmune liver disease panel? ?</Question>
			<Answer></Answer>
	</QAPair>
</QAPairs>
</Document>
