<?xml version="1.0" encoding="UTF-8"?>
<Document id="0000130" source="ADAM" url="https://www.nlm.nih.gov/medlineplus/ency/article/002086.htm">
 <!--Answers from the A.D.A.M. medical encyclopedia were removed to comply with the MedlinePlus copyright-->
<Focus>Aging spots -- should you be concerned?</Focus>
<FocusAnnotations>
	<Category>Disease</Category>
	<UMLS>
		<CUIs>
			<CUI>C0848332</CUI>
			<CUI>C0015230</CUI>
		</CUIs>
		<SemanticTypes>
			<SemanticType>T184</SemanticType>
		</SemanticTypes>
		<SemanticGroup>Disorders</SemanticGroup>
	</UMLS>
	<Synonyms>
		<Synonym>Age spot concerns</Synonym>
	</Synonyms>
</FocusAnnotations>
<QAPairs>
	<QAPair pid="1">
			<Question qid="0000130-1" qtype="information">What is (are) Aging spots -- should you be concerned? ?</Question>
			<Answer></Answer>
	</QAPair>
</QAPairs>
</Document>
