<?xml version="1.0" encoding="UTF-8"?>
<Document id="0000384" source="ADAM" url="https://www.nlm.nih.gov/medlineplus/ency/article/002569.htm">
 <!--Answers from the A.D.A.M. medical encyclopedia were removed to comply with the MedlinePlus copyright-->
<Focus>Bacitracin zinc overdose</Focus>
<FocusAnnotations>
	<Category>Other</Category>
	<Synonyms>
		<Synonym>Cortisporin ointment overdose</Synonym>
		<Synonym>Baciferm overdose</Synonym>
	</Synonyms>
</FocusAnnotations>
<QAPairs>
	<QAPair pid="1">
			<Question qid="0000384-1" qtype="information">Do you have information about Bacitracin zinc overdose</Question>
			<Answer></Answer>
	</QAPair>
</QAPairs>
</Document>
