<?xml version="1.0" encoding="UTF-8"?>
<Document id="0000170" source="ADAM" url="https://www.nlm.nih.gov/medlineplus/ency/article/000120.htm">
 <!--Answers from the A.D.A.M. medical encyclopedia were removed to comply with the MedlinePlus copyright-->
<Focus>Alpha-1 antitrypsin deficiency</Focus>
<FocusAnnotations>
	<Category>Disease</Category>
	<UMLS>
		<CUIs>
			<CUI>C0221757</CUI>
			<CUI>C3501835</CUI>
		</CUIs>
		<SemanticTypes>
			<SemanticType>T047</SemanticType>
		</SemanticTypes>
		<SemanticGroup>Disorders</SemanticGroup>
	</UMLS>
	<Synonyms>
		<Synonym>AAT deficiency</Synonym>
		<Synonym>Alpha-1 protease deficiency</Synonym>
	</Synonyms>
</FocusAnnotations>
<QAPairs>
	<QAPair pid="1">
			<Question qid="0000170-1" qtype="information">What is (are) Alpha-1 antitrypsin deficiency ?</Question>
			<Answer></Answer>
	</QAPair>
	<QAPair pid="2">
			<Question qid="0000170-2" qtype="causes">What causes Alpha-1 antitrypsin deficiency ?</Question>
			<Answer></Answer>
	</QAPair>
	<QAPair pid="3">
			<Question qid="0000170-3" qtype="symptoms">What are the symptoms of Alpha-1 antitrypsin deficiency ?</Question>
			<Answer></Answer>
	</QAPair>
	<QAPair pid="4">
			<Question qid="0000170-4" qtype="exams and tests">How to diagnose Alpha-1 antitrypsin deficiency ?</Question>
			<Answer></Answer>
	</QAPair>
	<QAPair pid="5">
			<Question qid="0000170-5" qtype="treatment">What are the treatments for Alpha-1 antitrypsin deficiency ?</Question>
			<Answer></Answer>
	</QAPair>
	<QAPair pid="6">
			<Question qid="0000170-6" qtype="outlook">What is the outlook for Alpha-1 antitrypsin deficiency ?</Question>
			<Answer></Answer>
	</QAPair>
	<QAPair pid="7">
			<Question qid="0000170-7" qtype="complications">What are the complications of Alpha-1 antitrypsin deficiency ?</Question>
			<Answer></Answer>
	</QAPair>
	<QAPair pid="8">
			<Question qid="0000170-8" qtype="when to contact a medical professional">Do I need to see a doctor for Alpha-1 antitrypsin deficiency ?</Question>
			<Answer></Answer>
	</QAPair>
</QAPairs>
</Document>
