<?xml version="1.0" encoding="UTF-8"?>
<Document id="0000163" source="ADAM" url="https://www.nlm.nih.gov/medlineplus/ency/patientinstructions/000405.htm">
 <!--Answers from the A.D.A.M. medical encyclopedia were removed to comply with the MedlinePlus copyright-->
<Focus>Allergy shots</Focus>
<FocusAnnotations>
	<Category>Disease</Category>
	<UMLS>
		<CUIs>
			<CUI>C0020517</CUI>
			<CUI>C0489531</CUI>
		</CUIs>
		<SemanticTypes>
			<SemanticType>T046</SemanticType>
			<SemanticType>T033</SemanticType>
		</SemanticTypes>
		<SemanticGroup>Disorders</SemanticGroup>
	</UMLS>
	<Synonyms>
		<Synonym>Allergy injections</Synonym>
		<Synonym>Allergen immunotherapy</Synonym>
	</Synonyms>
</FocusAnnotations>
<QAPairs>
	<QAPair pid="1">
			<Question qid="0000163-1" qtype="information">What is (are) Allergy shots ?</Question>
			<Answer></Answer>
	</QAPair>
	<QAPair pid="6">
			<Question qid="0000163-6" qtype="when to contact a medical professional">Do I need to see a doctor for Allergy shots ?</Question>
			<Answer></Answer>
	</QAPair>
</QAPairs>
</Document>
