<?xml version="1.0" encoding="UTF-8"?>
<Document id="0000416" source="ADAM" url="https://www.nlm.nih.gov/medlineplus/ency/patientinstructions/000094.htm">
 <!--Answers from the A.D.A.M. medical encyclopedia were removed to comply with the MedlinePlus copyright-->
<Focus>Being active when you have heart disease</Focus>
<FocusAnnotations>
	<Category>Disease</Category>
	<UMLS>
		<CUIs>
			<CUI>C0018799</CUI>
		</CUIs>
		<SemanticTypes>
			<SemanticType>T047</SemanticType>
		</SemanticTypes>
		<SemanticGroup>Disorders</SemanticGroup>
	</UMLS>
	<Synonyms>
		<Synonym>Heart disease - activity</Synonym>
	</Synonyms>
</FocusAnnotations>
<QAPairs>
	<QAPair pid="1">
			<Question qid="0000416-1" qtype="information">What is (are) Being active when you have heart disease ?</Question>
			<Answer></Answer>
	</QAPair>
	<QAPair pid="2">
			<Question qid="0000416-2" qtype="information">What is (are) Being active when you have heart disease ?</Question>
			<Answer></Answer>
	</QAPair>
	<QAPair pid="4">
			<Question qid="0000416-4" qtype="when to contact a medical professional">Do I need to see a doctor for Being active when you have heart disease ?</Question>
			<Answer></Answer>
	</QAPair>
</QAPairs>
</Document>
