<?xml version="1.0" encoding="UTF-8"?>
<Document id="0000172" source="ADAM" url="https://www.nlm.nih.gov/medlineplus/ency/article/000504.htm">
 <!--Answers from the A.D.A.M. medical encyclopedia were removed to comply with the MedlinePlus copyright-->
<Focus>Alport syndrome</Focus>
<FocusAnnotations>
	<Category>Disease</Category>
	<UMLS>
		<CUIs>
			<CUI>C1567741</CUI>
		</CUIs>
		<SemanticTypes>
			<SemanticType>T047</SemanticType>
		</SemanticTypes>
		<SemanticGroup>Disorders</SemanticGroup>
	</UMLS>
	<Synonyms>
		<Synonym>Hereditary nephritis</Synonym>
		<Synonym>Hematuria - nephropathy - deafness</Synonym>
		<Synonym>Hemorrhagic familial nephritis</Synonym>
		<Synonym>Hereditary deafness and nephropathy</Synonym>
	</Synonyms>
</FocusAnnotations>
<QAPairs>
	<QAPair pid="1">
			<Question qid="0000172-1" qtype="information">What is (are) Alport syndrome ?</Question>
			<Answer></Answer>
	</QAPair>
	<QAPair pid="2">
			<Question qid="0000172-2" qtype="causes">What causes Alport syndrome ?</Question>
			<Answer></Answer>
	</QAPair>
	<QAPair pid="3">
			<Question qid="0000172-3" qtype="symptoms">What are the symptoms of Alport syndrome ?</Question>
			<Answer></Answer>
	</QAPair>
	<QAPair pid="4">
			<Question qid="0000172-4" qtype="exams and tests">How to diagnose Alport syndrome ?</Question>
			<Answer></Answer>
	</QAPair>
	<QAPair pid="5">
			<Question qid="0000172-5" qtype="treatment">What are the treatments for Alport syndrome ?</Question>
			<Answer></Answer>
	</QAPair>
	<QAPair pid="6">
			<Question qid="0000172-6" qtype="support groups">Where to find support for people with Alport syndrome ?</Question>
			<Answer></Answer>
	</QAPair>
	<QAPair pid="7">
			<Question qid="0000172-7" qtype="outlook">What is the outlook for Alport syndrome ?</Question>
			<Answer></Answer>
	</QAPair>
	<QAPair pid="8">
			<Question qid="0000172-8" qtype="when to contact a medical professional">Do I need to see a doctor for Alport syndrome ?</Question>
			<Answer></Answer>
	</QAPair>
	<QAPair pid="9">
			<Question qid="0000172-9" qtype="prevention">How to prevent Alport syndrome ?</Question>
			<Answer></Answer>
	</QAPair>
</QAPairs>
</Document>
