<?xml version="1.0" encoding="UTF-8"?>
<Document id="0000495" source="ADAM" url="https://www.nlm.nih.gov/medlineplus/ency/article/003345.htm">
 <!--Answers from the A.D.A.M. medical encyclopedia were removed to comply with the MedlinePlus copyright-->
<Focus>Blood typing</Focus>
<FocusAnnotations>
	<Category>Other</Category>
	<Synonyms>
		<Synonym>Cross matching</Synonym>
		<Synonym>Rh typing</Synonym>
		<Synonym>ABO blood typing</Synonym>
	</Synonyms>
</FocusAnnotations>
<QAPairs>
	<QAPair pid="1">
			<Question qid="0000495-1" qtype="information">Do you have information about Blood typing</Question>
			<Answer></Answer>
	</QAPair>
</QAPairs>
</Document>
