<?xml version="1.0" encoding="UTF-8"?>
<Document id="0000332" source="ADAM" url="https://www.nlm.nih.gov/medlineplus/ency/article/002542.htm">
 <!--Answers from the A.D.A.M. medical encyclopedia were removed to comply with the MedlinePlus copyright-->
<Focus>Aspirin overdose</Focus>
<FocusAnnotations>
	<Category>Disease</Category>
	<UMLS>
		<CUIs>
			<CUI>C0572036</CUI>
		</CUIs>
		<SemanticTypes>
			<SemanticType>T037</SemanticType>
		</SemanticTypes>
		<SemanticGroup>Disorders</SemanticGroup>
	</UMLS>
	<Synonyms>
		<Synonym>Acetylsalicylic acid overdose</Synonym>
	</Synonyms>
</FocusAnnotations>
<QAPairs>
	<QAPair pid="1">
			<Question qid="0000332-1" qtype="information">What is (are) Aspirin overdose ?</Question>
			<Answer></Answer>
	</QAPair>
	<QAPair pid="4">
			<Question qid="0000332-4" qtype="symptoms">What are the symptoms of Aspirin overdose ?</Question>
			<Answer></Answer>
	</QAPair>
	<QAPair pid="7">
			<Question qid="0000332-7" qtype="outlook">What is the outlook for Aspirin overdose ?</Question>
			<Answer></Answer>
	</QAPair>
	<QAPair pid="8">
			<Question qid="0000332-8" qtype="outlook">What is the outlook for Aspirin overdose ?</Question>
			<Answer></Answer>
	</QAPair>
</QAPairs>
</Document>
