<?xml version="1.0" encoding="UTF-8"?>
<Document id="0000153" source="ADAM" url="https://www.nlm.nih.gov/medlineplus/ency/article/001031.htm">
 <!--Answers from the A.D.A.M. medical encyclopedia were removed to comply with the MedlinePlus copyright-->
<Focus>Allergic conjunctivitis</Focus>
<FocusAnnotations>
	<Category>Disease</Category>
	<UMLS>
		<CUIs>
			<CUI>C0009766</CUI>
		</CUIs>
		<SemanticTypes>
			<SemanticType>T047</SemanticType>
		</SemanticTypes>
		<SemanticGroup>Disorders</SemanticGroup>
	</UMLS>
	<Synonyms>
		<Synonym>Conjunctivitis - allergic seasonal/perennial</Synonym>
		<Synonym>Atopic keratoconjunctivitis</Synonym>
	</Synonyms>
</FocusAnnotations>
<QAPairs>
	<QAPair pid="1">
			<Question qid="0000153-1" qtype="information">What is (are) Allergic conjunctivitis ?</Question>
			<Answer></Answer>
	</QAPair>
	<QAPair pid="2">
			<Question qid="0000153-2" qtype="causes">What causes Allergic conjunctivitis ?</Question>
			<Answer></Answer>
	</QAPair>
	<QAPair pid="3">
			<Question qid="0000153-3" qtype="symptoms">What are the symptoms of Allergic conjunctivitis ?</Question>
			<Answer></Answer>
	</QAPair>
	<QAPair pid="4">
			<Question qid="0000153-4" qtype="exams and tests">How to diagnose Allergic conjunctivitis ?</Question>
			<Answer></Answer>
	</QAPair>
	<QAPair pid="5">
			<Question qid="0000153-5" qtype="treatment">What are the treatments for Allergic conjunctivitis ?</Question>
			<Answer></Answer>
	</QAPair>
	<QAPair pid="6">
			<Question qid="0000153-6" qtype="outlook">What is the outlook for Allergic conjunctivitis ?</Question>
			<Answer></Answer>
	</QAPair>
	<QAPair pid="7">
			<Question qid="0000153-7" qtype="complications">What are the complications of Allergic conjunctivitis ?</Question>
			<Answer></Answer>
	</QAPair>
	<QAPair pid="8">
			<Question qid="0000153-8" qtype="when to contact a medical professional">Do I need to see a doctor for Allergic conjunctivitis ?</Question>
			<Answer></Answer>
	</QAPair>
</QAPairs>
</Document>
