<?xml version="1.0" encoding="UTF-8"?>
<Document id="0000157" source="ADAM" url="https://www.nlm.nih.gov/medlineplus/ency/patientinstructions/000247.htm">
 <!--Answers from the A.D.A.M. medical encyclopedia were removed to comply with the MedlinePlus copyright-->
<Focus>Allergic rhinitis - what to ask your doctor - adult</Focus>
<FocusAnnotations>
	<Category>Disease</Category>
	<UMLS>
		<CUIs>
			<CUI>C2607914</CUI>
		</CUIs>
		<SemanticTypes>
			<SemanticType>T047</SemanticType>
		</SemanticTypes>
		<SemanticGroup>Disorders</SemanticGroup>
	</UMLS>
	<Synonyms>
		<Synonym>What to ask your doctor about allergic rhinitis - adult</Synonym>
		<Synonym>Hay fever - what to ask your doctor - adult</Synonym>
		<Synonym>Allergies - what to ask your doctor - adult</Synonym>
		<Synonym>Allergic conjunctivitis - what to ask your doctor</Synonym>
	</Synonyms>
</FocusAnnotations>
<QAPairs>
	<QAPair pid="1">
			<Question qid="0000157-1" qtype="information">What is (are) Allergic rhinitis - what to ask your doctor - adult ?</Question>
			<Answer></Answer>
	</QAPair>
</QAPairs>
</Document>
