<?xml version="1.0" encoding="UTF-8"?>
<Document id="0000481" source="ADAM" url="https://www.nlm.nih.gov/medlineplus/ency/article/003040.htm">
 <!--Answers from the A.D.A.M. medical encyclopedia were removed to comply with the MedlinePlus copyright-->
<Focus>Blindness and vision loss</Focus>
<FocusAnnotations>
	<Category>Disease</Category>
	<UMLS>
		<CUIs>
			<CUI>C0456909</CUI>
			<CUI>C3665347</CUI>
		</CUIs>
		<SemanticTypes>
			<SemanticType>T033</SemanticType>
		</SemanticTypes>
		<SemanticGroup>Disorders</SemanticGroup>
	</UMLS>
	<Synonyms>
		<Synonym>Loss of vision</Synonym>
		<Synonym>No light perception (NLP)</Synonym>
		<Synonym>Low vision</Synonym>
		<Synonym>Vision loss and blindness</Synonym>
	</Synonyms>
</FocusAnnotations>
<QAPairs>
	<QAPair pid="1">
			<Question qid="0000481-1" qtype="information">What is (are) Blindness and vision loss ?</Question>
			<Answer></Answer>
	</QAPair>
	<QAPair pid="2">
			<Question qid="0000481-2" qtype="causes">What causes Blindness and vision loss ?</Question>
			<Answer></Answer>
	</QAPair>
	<QAPair pid="3">
			<Question qid="0000481-3" qtype="considerations">What to do for Blindness and vision loss ?</Question>
			<Answer></Answer>
	</QAPair>
	<QAPair pid="4">
			<Question qid="0000481-4" qtype="when to contact a medical professional">Do I need to see a doctor for Blindness and vision loss ?</Question>
			<Answer></Answer>
	</QAPair>
	<QAPair pid="5">
			<Question qid="0000481-5" qtype="outlook">What is the outlook for Blindness and vision loss ?</Question>
			<Answer></Answer>
	</QAPair>
</QAPairs>
</Document>
