<?xml version="1.0" encoding="UTF-8"?>
<Document id="0000071" source="ADAM" url="https://www.nlm.nih.gov/medlineplus/ency/article/000357.htm">
 <!--Answers from the A.D.A.M. medical encyclopedia were removed to comply with the MedlinePlus copyright-->
<Focus>Acute adrenal crisis</Focus>
<FocusAnnotations>
	<Category>Disease</Category>
	<UMLS>
		<CUIs>
			<CUI>C0151467</CUI>
		</CUIs>
		<SemanticTypes>
			<SemanticType>T047</SemanticType>
		</SemanticTypes>
		<SemanticGroup>Disorders</SemanticGroup>
	</UMLS>
	<Synonyms>
		<Synonym>Adrenal crisis</Synonym>
		<Synonym>Addisonian crisis</Synonym>
		<Synonym>Acute adrenal insufficiency</Synonym>
	</Synonyms>
</FocusAnnotations>
<QAPairs>
	<QAPair pid="1">
			<Question qid="0000071-1" qtype="information">What is (are) Acute adrenal crisis ?</Question>
			<Answer></Answer>
	</QAPair>
	<QAPair pid="2">
			<Question qid="0000071-2" qtype="causes">What causes Acute adrenal crisis ?</Question>
			<Answer></Answer>
	</QAPair>
	<QAPair pid="3">
			<Question qid="0000071-3" qtype="symptoms">What are the symptoms of Acute adrenal crisis ?</Question>
			<Answer></Answer>
	</QAPair>
	<QAPair pid="4">
			<Question qid="0000071-4" qtype="exams and tests">How to diagnose Acute adrenal crisis ?</Question>
			<Answer></Answer>
	</QAPair>
	<QAPair pid="5">
			<Question qid="0000071-5" qtype="treatment">What are the treatments for Acute adrenal crisis ?</Question>
			<Answer></Answer>
	</QAPair>
	<QAPair pid="6">
			<Question qid="0000071-6" qtype="outlook">What is the outlook for Acute adrenal crisis ?</Question>
			<Answer></Answer>
	</QAPair>
	<QAPair pid="7">
			<Question qid="0000071-7" qtype="when to contact a medical professional">Do I need to see a doctor for Acute adrenal crisis ?</Question>
			<Answer></Answer>
	</QAPair>
	<QAPair pid="8">
			<Question qid="0000071-8" qtype="prevention">How to prevent Acute adrenal crisis ?</Question>
			<Answer></Answer>
	</QAPair>
</QAPairs>
</Document>
