<?xml version="1.0" encoding="UTF-8"?>
<Document id="0000262" source="ADAM" url="https://www.nlm.nih.gov/medlineplus/ency/patientinstructions/000289.htm">
 <!--Answers from the A.D.A.M. medical encyclopedia were removed to comply with the MedlinePlus copyright-->
<Focus>Anti-reflux surgery - children - discharge</Focus>
<FocusAnnotations>
	<Category>Disease</Category>
	<UMLS>
		<CUIs>
			<CUI>C0017168</CUI>
			<CUI>C0232483</CUI>
			<CUI>C0940159</CUI>
		</CUIs>
		<SemanticTypes>
			<SemanticType>T046</SemanticType>
			<SemanticType>T047</SemanticType>
			<SemanticType>T033</SemanticType>
		</SemanticTypes>
		<SemanticGroup>Disorders</SemanticGroup>
	</UMLS>
	<Synonyms>
		<Synonym>Fundoplication - children - discharge</Synonym>
		<Synonym>Nissen fundoplication - children - discharge</Synonym>
		<Synonym>Belsey (Mark IV) fundoplication - children - discharge</Synonym>
		<Synonym>Toupet fundoplication - children - discharge</Synonym>
		<Synonym>Thal fundoplication - children - discharge</Synonym>
		<Synonym>Hiatal hernia repair - children - discharge</Synonym>
		<Synonym>Endoluminal fundoplication - children - discharge</Synonym>
	</Synonyms>
</FocusAnnotations>
<QAPairs>
	<QAPair pid="1">
			<Question qid="0000262-1" qtype="information">What is (are) Anti-reflux surgery - children - discharge ?</Question>
			<Answer></Answer>
	</QAPair>
	<QAPair pid="2">
			<Question qid="0000262-2" qtype="outlook">What is the outlook for Anti-reflux surgery - children - discharge ?</Question>
			<Answer></Answer>
	</QAPair>
	<QAPair pid="5">
			<Question qid="0000262-5" qtype="when to contact a medical professional">Do I need to see a doctor for Anti-reflux surgery - children - discharge ?</Question>
			<Answer></Answer>
	</QAPair>
</QAPairs>
</Document>
