<?xml version="1.0" encoding="UTF-8"?>
<Document id="0000193" source="ADAM" url="https://www.nlm.nih.gov/medlineplus/ency/article/002759.htm">
 <!--Answers from the A.D.A.M. medical encyclopedia were removed to comply with the MedlinePlus copyright-->
<Focus>Ammonia poisoning</Focus>
<FocusAnnotations>
	<Category>Disease</Category>
	<UMLS>
		<CUIs>
			<CUI>C0597829</CUI>
		</CUIs>
		<SemanticTypes>
			<SemanticType>T037</SemanticType>
		</SemanticTypes>
		<SemanticGroup>Disorders</SemanticGroup>
	</UMLS>
</FocusAnnotations>
<QAPairs>
	<QAPair pid="1">
			<Question qid="0000193-1" qtype="information">What is (are) Ammonia poisoning ?</Question>
			<Answer></Answer>
	</QAPair>
	<QAPair pid="4">
			<Question qid="0000193-4" qtype="symptoms">What are the symptoms of Ammonia poisoning ?</Question>
			<Answer></Answer>
	</QAPair>
	<QAPair pid="5">
			<Question qid="0000193-5" qtype="considerations">What to do for Ammonia poisoning ?</Question>
			<Answer></Answer>
	</QAPair>
	<QAPair pid="8">
			<Question qid="0000193-8" qtype="outlook">What is the outlook for Ammonia poisoning ?</Question>
			<Answer></Answer>
	</QAPair>
	<QAPair pid="9">
			<Question qid="0000193-9" qtype="outlook">What is the outlook for Ammonia poisoning ?</Question>
			<Answer></Answer>
	</QAPair>
</QAPairs>
</Document>
