<?xml version="1.0" encoding="UTF-8"?>
<Document id="0000293" source="ADAM" url="https://www.nlm.nih.gov/medlineplus/ency/article/003402.htm">
 <!--Answers from the A.D.A.M. medical encyclopedia were removed to comply with the MedlinePlus copyright-->
<Focus>Apgar score</Focus>
<FocusAnnotations>
	<Category>Other</Category>
	<Synonyms>
		<Synonym>Newborn scoring</Synonym>
	</Synonyms>
</FocusAnnotations>
<QAPairs>
	<QAPair pid="1">
			<Question qid="0000293-1" qtype="information">Do you have information about Apgar score</Question>
			<Answer></Answer>
	</QAPair>
</QAPairs>
</Document>
