<?xml version="1.0" encoding="UTF-8"?>
<Document id="0000164" source="ADAM" url="https://www.nlm.nih.gov/medlineplus/ency/article/003519.htm">
 <!--Answers from the A.D.A.M. medical encyclopedia were removed to comply with the MedlinePlus copyright-->
<Focus>Allergy testing - skin</Focus>
<FocusAnnotations>
	<Category>Disease</Category>
	<UMLS>
		<CUIs>
			<CUI>C0362085</CUI>
		</CUIs>
		<SemanticTypes>
			<SemanticType>T033</SemanticType>
		</SemanticTypes>
		<SemanticGroup>Disorders</SemanticGroup>
	</UMLS>
	<Synonyms>
		<Synonym>Patch tests - allergy</Synonym>
		<Synonym>Scratch tests - allergy</Synonym>
		<Synonym>Skin tests - allergy</Synonym>
		<Synonym>RAST test</Synonym>
	</Synonyms>
</FocusAnnotations>
<QAPairs>
	<QAPair pid="1">
			<Question qid="0000164-1" qtype="information">What is (are) Allergy testing - skin ?</Question>
			<Answer></Answer>
	</QAPair>
</QAPairs>
</Document>
