<?xml version="1.0" encoding="UTF-8"?>
<Document id="0000094" source="ADAM" url="https://www.nlm.nih.gov/medlineplus/ency/article/007437.htm">
 <!--Answers from the A.D.A.M. medical encyclopedia were removed to comply with the MedlinePlus copyright-->
<Focus>Adrenalectomy</Focus>
<FocusAnnotations>
	<Category>Other</Category>
	<Synonyms>
		<Synonym>Adrenal gland removal</Synonym>
		<Synonym>Removal of adrenal glands</Synonym>
	</Synonyms>
</FocusAnnotations>
<QAPairs>
	<QAPair pid="1">
			<Question qid="0000094-1" qtype="information">Do you have information about Adrenalectomy</Question>
			<Answer></Answer>
	</QAPair>
</QAPairs>
</Document>
