<?xml version="1.0" encoding="UTF-8"?>
<Document id="0000138" source="ADAM" url="https://www.nlm.nih.gov/medlineplus/ency/article/003480.htm">
 <!--Answers from the A.D.A.M. medical encyclopedia were removed to comply with the MedlinePlus copyright-->
<Focus>Albumin - blood (serum) test</Focus>
<FocusAnnotations>
	<Category>Disease</Category>
	<UMLS>
		<CUIs>
			<CUI>C0456984</CUI>
		</CUIs>
		<SemanticTypes>
			<SemanticType>T033</SemanticType>
		</SemanticTypes>
		<SemanticGroup>Disorders</SemanticGroup>
	</UMLS>
</FocusAnnotations>
<QAPairs>
	<QAPair pid="1">
			<Question qid="0000138-1" qtype="information">What is (are) Albumin - blood (serum) test ?</Question>
			<Answer></Answer>
	</QAPair>
	<QAPair pid="8">
			<Question qid="0000138-8" qtype="susceptibility">Who is at risk for Albumin - blood (serum) test? ?</Question>
			<Answer></Answer>
	</QAPair>
</QAPairs>
</Document>
