<?xml version="1.0" encoding="UTF-8"?>
<Document id="0000428" source="ADAM" url="https://www.nlm.nih.gov/medlineplus/ency/article/000339.htm">
 <!--Answers from the A.D.A.M. medical encyclopedia were removed to comply with the MedlinePlus copyright-->
<Focus>Beriberi</Focus>
<FocusAnnotations>
	<Category>Disease</Category>
	<UMLS>
		<CUIs>
			<CUI>C0005122</CUI>
		</CUIs>
		<SemanticTypes>
			<SemanticType>T047</SemanticType>
		</SemanticTypes>
		<SemanticGroup>Disorders</SemanticGroup>
	</UMLS>
	<Synonyms>
		<Synonym>Thiamine deficiency</Synonym>
		<Synonym>Vitamin B1 deficiency</Synonym>
	</Synonyms>
</FocusAnnotations>
<QAPairs>
	<QAPair pid="1">
			<Question qid="0000428-1" qtype="information">What is (are) Beriberi ?</Question>
			<Answer></Answer>
	</QAPair>
	<QAPair pid="2">
			<Question qid="0000428-2" qtype="causes">What causes Beriberi ?</Question>
			<Answer></Answer>
	</QAPair>
	<QAPair pid="3">
			<Question qid="0000428-3" qtype="symptoms">What are the symptoms of Beriberi ?</Question>
			<Answer></Answer>
	</QAPair>
	<QAPair pid="4">
			<Question qid="0000428-4" qtype="exams and tests">How to diagnose Beriberi ?</Question>
			<Answer></Answer>
	</QAPair>
	<QAPair pid="5">
			<Question qid="0000428-5" qtype="treatment">What are the treatments for Beriberi ?</Question>
			<Answer></Answer>
	</QAPair>
	<QAPair pid="6">
			<Question qid="0000428-6" qtype="outlook">What is the outlook for Beriberi ?</Question>
			<Answer></Answer>
	</QAPair>
	<QAPair pid="7">
			<Question qid="0000428-7" qtype="complications">What are the complications of Beriberi ?</Question>
			<Answer></Answer>
	</QAPair>
	<QAPair pid="8">
			<Question qid="0000428-8" qtype="when to contact a medical professional">Do I need to see a doctor for Beriberi ?</Question>
			<Answer></Answer>
	</QAPair>
	<QAPair pid="9">
			<Question qid="0000428-9" qtype="prevention">How to prevent Beriberi ?</Question>
			<Answer></Answer>
	</QAPair>
</QAPairs>
</Document>
