<?xml version="1.0" encoding="UTF-8"?>
<Document id="0000277" source="ADAM" url="https://www.nlm.nih.gov/medlineplus/ency/article/000921.htm">
 <!--Answers from the A.D.A.M. medical encyclopedia were removed to comply with the MedlinePlus copyright-->
<Focus>Antisocial personality disorder</Focus>
<FocusAnnotations>
	<Category>Disease</Category>
	<UMLS>
		<CUIs>
			<CUI>C0003431</CUI>
		</CUIs>
		<SemanticTypes>
			<SemanticType>T048</SemanticType>
		</SemanticTypes>
		<SemanticGroup>Disorders</SemanticGroup>
	</UMLS>
	<Synonyms>
		<Synonym>Sociopathic personality</Synonym>
		<Synonym>Sociopathy</Synonym>
		<Synonym>Personality disorder - antisocial</Synonym>
	</Synonyms>
</FocusAnnotations>
<QAPairs>
	<QAPair pid="1">
			<Question qid="0000277-1" qtype="information">What is (are) Antisocial personality disorder ?</Question>
			<Answer></Answer>
	</QAPair>
	<QAPair pid="2">
			<Question qid="0000277-2" qtype="causes">What causes Antisocial personality disorder ?</Question>
			<Answer></Answer>
	</QAPair>
	<QAPair pid="3">
			<Question qid="0000277-3" qtype="symptoms">What are the symptoms of Antisocial personality disorder ?</Question>
			<Answer></Answer>
	</QAPair>
	<QAPair pid="4">
			<Question qid="0000277-4" qtype="exams and tests">How to diagnose Antisocial personality disorder ?</Question>
			<Answer></Answer>
	</QAPair>
	<QAPair pid="5">
			<Question qid="0000277-5" qtype="treatment">What are the treatments for Antisocial personality disorder ?</Question>
			<Answer></Answer>
	</QAPair>
	<QAPair pid="6">
			<Question qid="0000277-6" qtype="outlook">What is the outlook for Antisocial personality disorder ?</Question>
			<Answer></Answer>
	</QAPair>
	<QAPair pid="7">
			<Question qid="0000277-7" qtype="complications">What are the complications of Antisocial personality disorder ?</Question>
			<Answer></Answer>
	</QAPair>
	<QAPair pid="8">
			<Question qid="0000277-8" qtype="when to contact a medical professional">Do I need to see a doctor for Antisocial personality disorder ?</Question>
			<Answer></Answer>
	</QAPair>
</QAPairs>
</Document>
