<?xml version="1.0" encoding="UTF-8"?>
<Document id="0000347" source="ADAM" url="https://www.nlm.nih.gov/medlineplus/ency/article/001394.htm">
 <!--Answers from the A.D.A.M. medical encyclopedia were removed to comply with the MedlinePlus copyright-->
<Focus>Ataxia - telangiectasia</Focus>
<FocusAnnotations>
	<Category>Disease</Category>
	<UMLS>
		<CUIs>
			<CUI>C0039446</CUI>
		</CUIs>
		<SemanticTypes>
			<SemanticType>T047</SemanticType>
		</SemanticTypes>
		<SemanticGroup>Disorders</SemanticGroup>
	</UMLS>
	<Synonyms>
		<Synonym>Louis-Bar syndrome</Synonym>
	</Synonyms>
</FocusAnnotations>
<QAPairs>
	<QAPair pid="1">
			<Question qid="0000347-1" qtype="information">What is (are) Ataxia - telangiectasia ?</Question>
			<Answer></Answer>
	</QAPair>
	<QAPair pid="2">
			<Question qid="0000347-2" qtype="causes">What causes Ataxia - telangiectasia ?</Question>
			<Answer></Answer>
	</QAPair>
	<QAPair pid="3">
			<Question qid="0000347-3" qtype="symptoms">What are the symptoms of Ataxia - telangiectasia ?</Question>
			<Answer></Answer>
	</QAPair>
	<QAPair pid="4">
			<Question qid="0000347-4" qtype="exams and tests">How to diagnose Ataxia - telangiectasia ?</Question>
			<Answer></Answer>
	</QAPair>
	<QAPair pid="5">
			<Question qid="0000347-5" qtype="treatment">What are the treatments for Ataxia - telangiectasia ?</Question>
			<Answer></Answer>
	</QAPair>
	<QAPair pid="6">
			<Question qid="0000347-6" qtype="support groups">Where to find support for people with Ataxia - telangiectasia ?</Question>
			<Answer></Answer>
	</QAPair>
	<QAPair pid="7">
			<Question qid="0000347-7" qtype="outlook">What is the outlook for Ataxia - telangiectasia ?</Question>
			<Answer></Answer>
	</QAPair>
	<QAPair pid="8">
			<Question qid="0000347-8" qtype="complications">What are the complications of Ataxia - telangiectasia ?</Question>
			<Answer></Answer>
	</QAPair>
	<QAPair pid="9">
			<Question qid="0000347-9" qtype="when to contact a medical professional">Do I need to see a doctor for Ataxia - telangiectasia ?</Question>
			<Answer></Answer>
	</QAPair>
	<QAPair pid="10">
			<Question qid="0000347-10" qtype="prevention">How to prevent Ataxia - telangiectasia ?</Question>
			<Answer></Answer>
	</QAPair>
</QAPairs>
</Document>
