<?xml version="1.0" encoding="UTF-8"?>
<Document id="0000330" source="ADAM" url="https://www.nlm.nih.gov/medlineplus/ency/article/000121.htm">
 <!--Answers from the A.D.A.M. medical encyclopedia were removed to comply with the MedlinePlus copyright-->
<Focus>Aspiration pneumonia</Focus>
<FocusAnnotations>
	<Category>Disease</Category>
	<UMLS>
		<CUIs>
			<CUI>C1761609</CUI>
			<CUI>C0032290</CUI>
		</CUIs>
		<SemanticTypes>
			<SemanticType>T046</SemanticType>
			<SemanticType>T047</SemanticType>
		</SemanticTypes>
		<SemanticGroup>Disorders</SemanticGroup>
	</UMLS>
	<Synonyms>
		<Synonym>Anaerobic pneumonia</Synonym>
		<Synonym>Aspiration of vomitus</Synonym>
		<Synonym>Necrotizing pneumonia</Synonym>
		<Synonym>Aspiration pneumonitis</Synonym>
	</Synonyms>
</FocusAnnotations>
<QAPairs>
	<QAPair pid="1">
			<Question qid="0000330-1" qtype="information">What is (are) Aspiration pneumonia ?</Question>
			<Answer></Answer>
	</QAPair>
	<QAPair pid="2">
			<Question qid="0000330-2" qtype="causes">What causes Aspiration pneumonia ?</Question>
			<Answer></Answer>
	</QAPair>
	<QAPair pid="3">
			<Question qid="0000330-3" qtype="symptoms">What are the symptoms of Aspiration pneumonia ?</Question>
			<Answer></Answer>
	</QAPair>
	<QAPair pid="4">
			<Question qid="0000330-4" qtype="exams and tests">How to diagnose Aspiration pneumonia ?</Question>
			<Answer></Answer>
	</QAPair>
	<QAPair pid="5">
			<Question qid="0000330-5" qtype="treatment">What are the treatments for Aspiration pneumonia ?</Question>
			<Answer></Answer>
	</QAPair>
	<QAPair pid="6">
			<Question qid="0000330-6" qtype="outlook">What is the outlook for Aspiration pneumonia ?</Question>
			<Answer></Answer>
	</QAPair>
	<QAPair pid="7">
			<Question qid="0000330-7" qtype="complications">What are the complications of Aspiration pneumonia ?</Question>
			<Answer></Answer>
	</QAPair>
	<QAPair pid="8">
			<Question qid="0000330-8" qtype="when to contact a medical professional">Do I need to see a doctor for Aspiration pneumonia ?</Question>
			<Answer></Answer>
	</QAPair>
</QAPairs>
</Document>
