<?xml version="1.0" encoding="UTF-8"?>
<Document id="0000302" source="ADAM" url="https://www.nlm.nih.gov/medlineplus/ency/article/003121.htm">
 <!--Answers from the A.D.A.M. medical encyclopedia were removed to comply with the MedlinePlus copyright-->
<Focus>Appetite - decreased</Focus>
<FocusAnnotations>
	<Category>Other</Category>
	<Synonyms>
		<Synonym>Loss of appetite</Synonym>
		<Synonym>Decreased appetite</Synonym>
		<Synonym>Anorexia</Synonym>
	</Synonyms>
</FocusAnnotations>
<QAPairs>
	<QAPair pid="1">
			<Question qid="0000302-1" qtype="information">Do you have information about Appetite - decreased</Question>
			<Answer></Answer>
	</QAPair>
</QAPairs>
</Document>
