<?xml version="1.0" encoding="UTF-8"?>
<Document id="0000004" source="ADAM" url="https://www.nlm.nih.gov/medlineplus/ency/article/001654.htm">
 <!--Answers from the A.D.A.M. medical encyclopedia were removed to comply with the MedlinePlus copyright-->
<Focus>Aarskog syndrome</Focus>
<FocusAnnotations>
	<Category>Disease</Category>
	<UMLS>
		<CUIs>
			<CUI>C0175701</CUI>
		</CUIs>
		<SemanticTypes>
			<SemanticType>T019</SemanticType>
			<SemanticType>T047</SemanticType>
		</SemanticTypes>
		<SemanticGroup>Disorders</SemanticGroup>
	</UMLS>
	<Synonyms>
		<Synonym>Facial-digital-genital syndrome</Synonym>
	</Synonyms>
</FocusAnnotations>
<QAPairs>
	<QAPair pid="1">
			<Question qid="0000004-1" qtype="information">What is (are) Aarskog syndrome ?</Question>
			<Answer></Answer>
	</QAPair>
	<QAPair pid="2">
			<Question qid="0000004-2" qtype="causes">What causes Aarskog syndrome ?</Question>
			<Answer></Answer>
	</QAPair>
	<QAPair pid="3">
			<Question qid="0000004-3" qtype="symptoms">What are the symptoms of Aarskog syndrome ?</Question>
			<Answer></Answer>
	</QAPair>
	<QAPair pid="4">
			<Question qid="0000004-4" qtype="exams and tests">How to diagnose Aarskog syndrome ?</Question>
			<Answer></Answer>
	</QAPair>
	<QAPair pid="5">
			<Question qid="0000004-5" qtype="treatment">What are the treatments for Aarskog syndrome ?</Question>
			<Answer></Answer>
	</QAPair>
	<QAPair pid="6">
			<Question qid="0000004-6" qtype="support groups">Where to find support for people with Aarskog syndrome ?</Question>
			<Answer></Answer>
	</QAPair>
	<QAPair pid="7">
			<Question qid="0000004-7" qtype="outlook">What is the outlook for Aarskog syndrome ?</Question>
			<Answer></Answer>
	</QAPair>
	<QAPair pid="8">
			<Question qid="0000004-8" qtype="complications">What are the complications of Aarskog syndrome ?</Question>
			<Answer></Answer>
	</QAPair>
	<QAPair pid="9">
			<Question qid="0000004-9" qtype="when to contact a medical professional">Do I need to see a doctor for Aarskog syndrome ?</Question>
			<Answer></Answer>
	</QAPair>
	<QAPair pid="10">
			<Question qid="0000004-10" qtype="prevention">How to prevent Aarskog syndrome ?</Question>
			<Answer></Answer>
	</QAPair>
</QAPairs>
</Document>
