<?xml version="1.0" encoding="UTF-8"?>
<Document id="0000314" source="ADAM" url="https://www.nlm.nih.gov/medlineplus/ency/article/000725.htm">
 <!--Answers from the A.D.A.M. medical encyclopedia were removed to comply with the MedlinePlus copyright-->
<Focus>Arterial insufficiency</Focus>
<FocusAnnotations>
	<Category>Disease</Category>
	<UMLS>
		<CUIs>
			<CUI>C0003834</CUI>
		</CUIs>
		<SemanticTypes>
			<SemanticType>T047</SemanticType>
		</SemanticTypes>
		<SemanticGroup>Disorders</SemanticGroup>
	</UMLS>
</FocusAnnotations>
<QAPairs>
	<QAPair pid="1">
			<Question qid="0000314-1" qtype="information">What is (are) Arterial insufficiency ?</Question>
			<Answer></Answer>
	</QAPair>
	<QAPair pid="2">
			<Question qid="0000314-2" qtype="causes">What causes Arterial insufficiency ?</Question>
			<Answer></Answer>
	</QAPair>
	<QAPair pid="3">
			<Question qid="0000314-3" qtype="symptoms">What are the symptoms of Arterial insufficiency ?</Question>
			<Answer></Answer>
	</QAPair>
</QAPairs>
</Document>
