<?xml version="1.0" encoding="UTF-8"?>
<Document id="0000233" source="ADAM" url="https://www.nlm.nih.gov/medlineplus/ency/patientinstructions/000234.htm">
 <!--Answers from the A.D.A.M. medical encyclopedia were removed to comply with the MedlinePlus copyright-->
<Focus>Angioplasty and stent placement - peripheral arteries - discharge</Focus>
<FocusAnnotations>
	<Category>Other</Category>
	<Synonyms>
		<Synonym>Percutaneous transluminal angioplasty - peripheral artery - discharge</Synonym>
		<Synonym>PTA - peripheral artery - discharge</Synonym>
		<Synonym>Angioplasty - peripheral artery - discharge</Synonym>
		<Synonym>Balloon angioplasty - peripheral artiery - discharge</Synonym>
	</Synonyms>
</FocusAnnotations>
<QAPairs>
	<QAPair pid="1">
			<Question qid="0000233-1" qtype="information">Do you have information about Angioplasty and stent placement - peripheral arteries - discharge</Question>
			<Answer></Answer>
	</QAPair>
</QAPairs>
</Document>
