<?xml version="1.0" encoding="UTF-8"?>
<Document id="0000048" source="ADAM" url="https://www.nlm.nih.gov/medlineplus/ency/patientinstructions/000546.htm">
 <!--Answers from the A.D.A.M. medical encyclopedia were removed to comply with the MedlinePlus copyright-->
<Focus>Achilles tendon rupture - aftercare</Focus>
<FocusAnnotations>
	<Category>Disease</Category>
	<UMLS>
		<CUIs>
			<CUI>C0263970</CUI>
		</CUIs>
		<SemanticTypes>
			<SemanticType>T037</SemanticType>
		</SemanticTypes>
		<SemanticGroup>Disorders</SemanticGroup>
	</UMLS>
	<Synonyms>
		<Synonym>Heel cord tear</Synonym>
		<Synonym>Calcaneal tendon rupture</Synonym>
	</Synonyms>
</FocusAnnotations>
<QAPairs>
	<QAPair pid="1">
			<Question qid="0000048-1" qtype="information">What is (are) Achilles tendon rupture - aftercare ?</Question>
			<Answer></Answer>
	</QAPair>
	<QAPair pid="2">
			<Question qid="0000048-2" qtype="information">What is (are) Achilles tendon rupture - aftercare ?</Question>
			<Answer></Answer>
	</QAPair>
	<QAPair pid="3">
			<Question qid="0000048-3" qtype="outlook">What is the outlook for Achilles tendon rupture - aftercare ?</Question>
			<Answer></Answer>
	</QAPair>
	<QAPair pid="6">
			<Question qid="0000048-6" qtype="when to contact a medical professional">Do I need to see a doctor for Achilles tendon rupture - aftercare ?</Question>
			<Answer></Answer>
	</QAPair>
</QAPairs>
</Document>
