<?xml version="1.0" encoding="UTF-8"?>
<Document id="0000011" source="ADAM" url="https://www.nlm.nih.gov/medlineplus/ency/article/003789.htm">
 <!--Answers from the A.D.A.M. medical encyclopedia were removed to comply with the MedlinePlus copyright-->
<Focus>Abdominal CT scan</Focus>
<FocusAnnotations>
	<Category>Other</Category>
	<Synonyms>
		<Synonym>Computed tomography scan - abdomen</Synonym>
		<Synonym>CT scan - abdomen</Synonym>
		<Synonym>CAT scan - abdomen</Synonym>
		<Synonym>CT abdomen and pelvis</Synonym>
	</Synonyms>
</FocusAnnotations>
<QAPairs>
	<QAPair pid="1">
			<Question qid="0000011-1" qtype="information">Do you have information about Abdominal CT scan</Question>
			<Answer></Answer>
	</QAPair>
</QAPairs>
</Document>
