<?xml version="1.0" encoding="UTF-8"?>
<Document id="0000123" source="ADAM" url="https://www.nlm.nih.gov/medlineplus/ency/article/004006.htm">
 <!--Answers from the A.D.A.M. medical encyclopedia were removed to comply with the MedlinePlus copyright-->
<Focus>Aging changes in the heart and blood vessels</Focus>
<FocusAnnotations>
	<Category>Other</Category>
	<Synonyms>
		<Synonym>Heart disease - aging</Synonym>
		<Synonym>Atherosclerosis - aging</Synonym>
	</Synonyms>
</FocusAnnotations>
<QAPairs>
	<QAPair pid="1">
			<Question qid="0000123-1" qtype="information">Do you have information about Aging changes in the heart and blood vessels</Question>
			<Answer></Answer>
	</QAPair>
</QAPairs>
</Document>
