<?xml version="1.0" encoding="UTF-8"?>
<Document id="0000018" source="ADAM" url="https://www.nlm.nih.gov/medlineplus/ency/patientinstructions/000054.htm">
 <!--Answers from the A.D.A.M. medical encyclopedia were removed to comply with the MedlinePlus copyright-->
<Focus>Abdominal radiation - discharge</Focus>
<FocusAnnotations>
	<Category>Other</Category>
	<Synonyms>
		<Synonym>Radiation - abdomen - discharge</Synonym>
	</Synonyms>
</FocusAnnotations>
<QAPairs>
	<QAPair pid="1">
			<Question qid="0000018-1" qtype="information">Do you have information about Abdominal radiation - discharge</Question>
			<Answer></Answer>
	</QAPair>
</QAPairs>
</Document>
