<?xml version="1.0" encoding="UTF-8"?>
<Document id="0000248" source="ADAM" url="https://www.nlm.nih.gov/medlineplus/ency/article/000362.htm">
 <!--Answers from the A.D.A.M. medical encyclopedia were removed to comply with the MedlinePlus copyright-->
<Focus>Anorexia nervosa</Focus>
<FocusAnnotations>
	<Category>Disease</Category>
	<UMLS>
		<CUIs>
			<CUI>C0003125</CUI>
		</CUIs>
		<SemanticTypes>
			<SemanticType>T048</SemanticType>
		</SemanticTypes>
		<SemanticGroup>Disorders</SemanticGroup>
	</UMLS>
	<Synonyms>
		<Synonym>Eating disorder - anorexia</Synonym>
	</Synonyms>
</FocusAnnotations>
<QAPairs>
	<QAPair pid="1">
			<Question qid="0000248-1" qtype="information">What is (are) Anorexia nervosa ?</Question>
			<Answer></Answer>
	</QAPair>
	<QAPair pid="2">
			<Question qid="0000248-2" qtype="causes">What causes Anorexia nervosa ?</Question>
			<Answer></Answer>
	</QAPair>
	<QAPair pid="3">
			<Question qid="0000248-3" qtype="symptoms">What are the symptoms of Anorexia nervosa ?</Question>
			<Answer></Answer>
	</QAPair>
	<QAPair pid="4">
			<Question qid="0000248-4" qtype="exams and tests">How to diagnose Anorexia nervosa ?</Question>
			<Answer></Answer>
	</QAPair>
	<QAPair pid="5">
			<Question qid="0000248-5" qtype="treatment">What are the treatments for Anorexia nervosa ?</Question>
			<Answer></Answer>
	</QAPair>
	<QAPair pid="6">
			<Question qid="0000248-6" qtype="support groups">Where to find support for people with Anorexia nervosa ?</Question>
			<Answer></Answer>
	</QAPair>
	<QAPair pid="7">
			<Question qid="0000248-7" qtype="outlook">What is the outlook for Anorexia nervosa ?</Question>
			<Answer></Answer>
	</QAPair>
	<QAPair pid="8">
			<Question qid="0000248-8" qtype="complications">What are the complications of Anorexia nervosa ?</Question>
			<Answer></Answer>
	</QAPair>
	<QAPair pid="9">
			<Question qid="0000248-9" qtype="when to contact a medical professional">Do I need to see a doctor for Anorexia nervosa ?</Question>
			<Answer></Answer>
	</QAPair>
</QAPairs>
</Document>
