<?xml version="1.0" encoding="UTF-8"?>
<Document id="0000452" source="ADAM" url="https://www.nlm.nih.gov/medlineplus/ency/article/000926.htm">
 <!--Answers from the A.D.A.M. medical encyclopedia were removed to comply with the MedlinePlus copyright-->
<Focus>Bipolar disorder</Focus>
<FocusAnnotations>
	<Category>Disease</Category>
	<UMLS>
		<CUIs>
			<CUI>C0005586</CUI>
		</CUIs>
		<SemanticTypes>
			<SemanticType>T048</SemanticType>
		</SemanticTypes>
		<SemanticGroup>Disorders</SemanticGroup>
	</UMLS>
	<Synonyms>
		<Synonym>Manic depression</Synonym>
		<Synonym>Bipolar affective disorder</Synonym>
	</Synonyms>
</FocusAnnotations>
<QAPairs>
	<QAPair pid="1">
			<Question qid="0000452-1" qtype="information">What is (are) Bipolar disorder ?</Question>
			<Answer></Answer>
	</QAPair>
	<QAPair pid="2">
			<Question qid="0000452-2" qtype="causes">What causes Bipolar disorder ?</Question>
			<Answer></Answer>
	</QAPair>
	<QAPair pid="3">
			<Question qid="0000452-3" qtype="symptoms">What are the symptoms of Bipolar disorder ?</Question>
			<Answer></Answer>
	</QAPair>
	<QAPair pid="4">
			<Question qid="0000452-4" qtype="exams and tests">How to diagnose Bipolar disorder ?</Question>
			<Answer></Answer>
	</QAPair>
	<QAPair pid="5">
			<Question qid="0000452-5" qtype="treatment">What are the treatments for Bipolar disorder ?</Question>
			<Answer></Answer>
	</QAPair>
	<QAPair pid="6">
			<Question qid="0000452-6" qtype="outlook">What is the outlook for Bipolar disorder ?</Question>
			<Answer></Answer>
	</QAPair>
	<QAPair pid="7">
			<Question qid="0000452-7" qtype="when to contact a medical professional">Do I need to see a doctor for Bipolar disorder ?</Question>
			<Answer></Answer>
	</QAPair>
</QAPairs>
</Document>
