<?xml version="1.0" encoding="UTF-8"?>
<Document id="0000443" source="ADAM" url="https://www.nlm.nih.gov/medlineplus/ency/article/002240.htm">
 <!--Answers from the A.D.A.M. medical encyclopedia were removed to comply with the MedlinePlus copyright-->
<Focus>Biliary system</Focus>
<FocusAnnotations>
	<Category>Other</Category>
	<Synonyms>
		<Synonym>Biliary tract</Synonym>
		<Synonym>Bile tract</Synonym>
	</Synonyms>
</FocusAnnotations>
<QAPairs>
	<QAPair pid="1">
			<Question qid="0000443-1" qtype="information">Do you have information about Biliary system</Question>
			<Answer></Answer>
	</QAPair>
</QAPairs>
</Document>
