<?xml version="1.0" encoding="UTF-8"?>
<Document id="0000014" source="ADAM" url="https://www.nlm.nih.gov/medlineplus/ency/article/003274.htm">
 <!--Answers from the A.D.A.M. medical encyclopedia were removed to comply with the MedlinePlus copyright-->
<Focus>Abdominal mass</Focus>
<FocusAnnotations>
	<Category>Disease</Category>
	<UMLS>
		<CUIs>
			<CUI>C0000734</CUI>
		</CUIs>
		<SemanticTypes>
			<SemanticType>T033</SemanticType>
		</SemanticTypes>
		<SemanticGroup>Disorders</SemanticGroup>
	</UMLS>
	<Synonyms>
		<Synonym>Mass in the abdomen</Synonym>
	</Synonyms>
</FocusAnnotations>
<QAPairs>
	<QAPair pid="1">
			<Question qid="0000014-1" qtype="information">What is (are) Abdominal mass ?</Question>
			<Answer></Answer>
	</QAPair>
	<QAPair pid="2">
			<Question qid="0000014-2" qtype="considerations">What to do for Abdominal mass ?</Question>
			<Answer></Answer>
	</QAPair>
	<QAPair pid="3">
			<Question qid="0000014-3" qtype="causes">What causes Abdominal mass ?</Question>
			<Answer></Answer>
	</QAPair>
	<QAPair pid="4">
			<Question qid="0000014-4" qtype="considerations">What to do for Abdominal mass ?</Question>
			<Answer></Answer>
	</QAPair>
	<QAPair pid="5">
			<Question qid="0000014-5" qtype="when to contact a medical professional">Do I need to see a doctor for Abdominal mass ?</Question>
			<Answer></Answer>
	</QAPair>
	<QAPair pid="6">
			<Question qid="0000014-6" qtype="outlook">What is the outlook for Abdominal mass ?</Question>
			<Answer></Answer>
	</QAPair>
</QAPairs>
</Document>
