<?xml version="1.0" encoding="UTF-8"?>
<Document id="0000459" source="ADAM" url="https://www.nlm.nih.gov/medlineplus/ency/article/000828.htm">
 <!--Answers from the A.D.A.M. medical encyclopedia were removed to comply with the MedlinePlus copyright-->
<Focus>Birthmarks - pigmented</Focus>
<FocusAnnotations>
	<Category>Disease</Category>
	<UMLS>
		<CUIs>
			<CUI>C0265974</CUI>
		</CUIs>
		<SemanticTypes>
			<SemanticType>T019</SemanticType>
		</SemanticTypes>
		<SemanticGroup>Disorders</SemanticGroup>
	</UMLS>
	<Synonyms>
		<Synonym>Nevus sebaceous</Synonym>
		<Synonym>Hairy nevus</Synonym>
		<Synonym>Nevi</Synonym>
		<Synonym>Mole</Synonym>
		<Synonym>Cafe-au-lait spots</Synonym>
		<Synonym>Congenital nevus</Synonym>
	</Synonyms>
</FocusAnnotations>
<QAPairs>
	<QAPair pid="1">
			<Question qid="0000459-1" qtype="information">What is (are) Birthmarks - pigmented ?</Question>
			<Answer></Answer>
	</QAPair>
	<QAPair pid="2">
			<Question qid="0000459-2" qtype="causes">What causes Birthmarks - pigmented ?</Question>
			<Answer></Answer>
	</QAPair>
	<QAPair pid="3">
			<Question qid="0000459-3" qtype="symptoms">What are the symptoms of Birthmarks - pigmented ?</Question>
			<Answer></Answer>
	</QAPair>
	<QAPair pid="4">
			<Question qid="0000459-4" qtype="exams and tests">How to diagnose Birthmarks - pigmented ?</Question>
			<Answer></Answer>
	</QAPair>
	<QAPair pid="5">
			<Question qid="0000459-5" qtype="treatment">What are the treatments for Birthmarks - pigmented ?</Question>
			<Answer></Answer>
	</QAPair>
	<QAPair pid="6">
			<Question qid="0000459-6" qtype="support groups">Where to find support for people with Birthmarks - pigmented ?</Question>
			<Answer></Answer>
	</QAPair>
	<QAPair pid="7">
			<Question qid="0000459-7" qtype="outlook">What is the outlook for Birthmarks - pigmented ?</Question>
			<Answer></Answer>
	</QAPair>
	<QAPair pid="8">
			<Question qid="0000459-8" qtype="complications">What are the complications of Birthmarks - pigmented ?</Question>
			<Answer></Answer>
	</QAPair>
	<QAPair pid="9">
			<Question qid="0000459-9" qtype="when to contact a medical professional">Do I need to see a doctor for Birthmarks - pigmented ?</Question>
			<Answer></Answer>
	</QAPair>
	<QAPair pid="10">
			<Question qid="0000459-10" qtype="prevention">How to prevent Birthmarks - pigmented ?</Question>
			<Answer></Answer>
	</QAPair>
</QAPairs>
</Document>
