<?xml version="1.0" encoding="UTF-8"?>
<Document id="0000087" source="ADAM" url="https://www.nlm.nih.gov/medlineplus/ency/article/003011.htm">
 <!--Answers from the A.D.A.M. medical encyclopedia were removed to comply with the MedlinePlus copyright-->
<Focus>Adenoid removal</Focus>
<FocusAnnotations>
	<Category>Other</Category>
	<Synonyms>
		<Synonym>Adenoidectomy</Synonym>
		<Synonym>Removal of adenoid glands</Synonym>
	</Synonyms>
</FocusAnnotations>
<QAPairs>
	<QAPair pid="1">
			<Question qid="0000087-1" qtype="information">Do you have information about Adenoid removal</Question>
			<Answer></Answer>
	</QAPair>
</QAPairs>
</Document>
