<?xml version="1.0" encoding="UTF-8"?>
<Document id="0000150" source="ADAM" url="https://www.nlm.nih.gov/medlineplus/ency/article/001183.htm">
 <!--Answers from the A.D.A.M. medical encyclopedia were removed to comply with the MedlinePlus copyright-->
<Focus>Alkalosis</Focus>
<FocusAnnotations>
	<Category>Disease</Category>
	<UMLS>
		<CUIs>
			<CUI>C0002063</CUI>
		</CUIs>
		<SemanticTypes>
			<SemanticType>T047</SemanticType>
		</SemanticTypes>
		<SemanticGroup>Disorders</SemanticGroup>
	</UMLS>
</FocusAnnotations>
<QAPairs>
	<QAPair pid="1">
			<Question qid="0000150-1" qtype="information">What is (are) Alkalosis ?</Question>
			<Answer></Answer>
	</QAPair>
	<QAPair pid="2">
			<Question qid="0000150-2" qtype="causes">What causes Alkalosis ?</Question>
			<Answer></Answer>
	</QAPair>
	<QAPair pid="3">
			<Question qid="0000150-3" qtype="symptoms">What are the symptoms of Alkalosis ?</Question>
			<Answer></Answer>
	</QAPair>
	<QAPair pid="4">
			<Question qid="0000150-4" qtype="exams and tests">How to diagnose Alkalosis ?</Question>
			<Answer></Answer>
	</QAPair>
	<QAPair pid="5">
			<Question qid="0000150-5" qtype="treatment">What are the treatments for Alkalosis ?</Question>
			<Answer></Answer>
	</QAPair>
	<QAPair pid="6">
			<Question qid="0000150-6" qtype="outlook">What is the outlook for Alkalosis ?</Question>
			<Answer></Answer>
	</QAPair>
	<QAPair pid="7">
			<Question qid="0000150-7" qtype="complications">What are the complications of Alkalosis ?</Question>
			<Answer></Answer>
	</QAPair>
	<QAPair pid="8">
			<Question qid="0000150-8" qtype="when to contact a medical professional">Do I need to see a doctor for Alkalosis ?</Question>
			<Answer></Answer>
	</QAPair>
	<QAPair pid="9">
			<Question qid="0000150-9" qtype="prevention">How to prevent Alkalosis ?</Question>
			<Answer></Answer>
	</QAPair>
</QAPairs>
</Document>
