<?xml version="1.0" encoding="UTF-8"?>
<Document id="0000375" source="ADAM" url="https://www.nlm.nih.gov/medlineplus/ency/article/000940.htm">
 <!--Answers from the A.D.A.M. medical encyclopedia were removed to comply with the MedlinePlus copyright-->
<Focus>Avoidant personality disorder</Focus>
<FocusAnnotations>
	<Category>Disease</Category>
	<UMLS>
		<CUIs>
			<CUI>C0004444</CUI>
		</CUIs>
		<SemanticTypes>
			<SemanticType>T048</SemanticType>
		</SemanticTypes>
		<SemanticGroup>Disorders</SemanticGroup>
	</UMLS>
	<Synonyms>
		<Synonym>Personality disorder - avoidant</Synonym>
	</Synonyms>
</FocusAnnotations>
<QAPairs>
	<QAPair pid="1">
			<Question qid="0000375-1" qtype="information">What is (are) Avoidant personality disorder ?</Question>
			<Answer></Answer>
	</QAPair>
	<QAPair pid="2">
			<Question qid="0000375-2" qtype="causes">What causes Avoidant personality disorder ?</Question>
			<Answer></Answer>
	</QAPair>
	<QAPair pid="3">
			<Question qid="0000375-3" qtype="symptoms">What are the symptoms of Avoidant personality disorder ?</Question>
			<Answer></Answer>
	</QAPair>
	<QAPair pid="4">
			<Question qid="0000375-4" qtype="exams and tests">How to diagnose Avoidant personality disorder ?</Question>
			<Answer></Answer>
	</QAPair>
	<QAPair pid="5">
			<Question qid="0000375-5" qtype="treatment">What are the treatments for Avoidant personality disorder ?</Question>
			<Answer></Answer>
	</QAPair>
	<QAPair pid="6">
			<Question qid="0000375-6" qtype="outlook">What is the outlook for Avoidant personality disorder ?</Question>
			<Answer></Answer>
	</QAPair>
	<QAPair pid="7">
			<Question qid="0000375-7" qtype="complications">What are the complications of Avoidant personality disorder ?</Question>
			<Answer></Answer>
	</QAPair>
	<QAPair pid="8">
			<Question qid="0000375-8" qtype="when to contact a medical professional">Do I need to see a doctor for Avoidant personality disorder ?</Question>
			<Answer></Answer>
	</QAPair>
</QAPairs>
</Document>
