<?xml version="1.0" encoding="UTF-8"?>
<Document id="0000278" source="ADAM" url="https://www.nlm.nih.gov/medlineplus/ency/article/003522.htm">
 <!--Answers from the A.D.A.M. medical encyclopedia were removed to comply with the MedlinePlus copyright-->
<Focus>Antistreptolysin O titer</Focus>
<FocusAnnotations>
	<Category>Other</Category>
	<Synonyms>
		<Synonym>ASO titer</Synonym>
		<Synonym>ASLO</Synonym>
	</Synonyms>
</FocusAnnotations>
<QAPairs>
	<QAPair pid="1">
			<Question qid="0000278-1" qtype="information">Do you have information about Antistreptolysin O titer</Question>
			<Answer></Answer>
	</QAPair>
</QAPairs>
</Document>
