<?xml version="1.0" encoding="UTF-8"?>
<Document id="0000391" source="ADAM" url="https://www.nlm.nih.gov/medlineplus/ency/article/001222.htm">
 <!--Answers from the A.D.A.M. medical encyclopedia were removed to comply with the MedlinePlus copyright-->
<Focus>Bakers cyst</Focus>
<FocusAnnotations>
	<Category>Disease</Category>
	<UMLS>
		<CUIs>
			<CUI>C0010709</CUI>
		</CUIs>
		<SemanticTypes>
			<SemanticType>T047</SemanticType>
		</SemanticTypes>
		<SemanticGroup>Disorders</SemanticGroup>
	</UMLS>
	<Synonyms>
		<Synonym>Popliteal cyst</Synonym>
		<Synonym>Bulge-knee</Synonym>
	</Synonyms>
</FocusAnnotations>
<QAPairs>
	<QAPair pid="1">
			<Question qid="0000391-1" qtype="information">What is (are) Bakers cyst ?</Question>
			<Answer></Answer>
	</QAPair>
	<QAPair pid="2">
			<Question qid="0000391-2" qtype="causes">What causes Bakers cyst ?</Question>
			<Answer></Answer>
	</QAPair>
	<QAPair pid="3">
			<Question qid="0000391-3" qtype="symptoms">What are the symptoms of Bakers cyst ?</Question>
			<Answer></Answer>
	</QAPair>
	<QAPair pid="4">
			<Question qid="0000391-4" qtype="exams and tests">How to diagnose Bakers cyst ?</Question>
			<Answer></Answer>
	</QAPair>
	<QAPair pid="5">
			<Question qid="0000391-5" qtype="treatment">What are the treatments for Bakers cyst ?</Question>
			<Answer></Answer>
	</QAPair>
	<QAPair pid="6">
			<Question qid="0000391-6" qtype="outlook">What is the outlook for Bakers cyst ?</Question>
			<Answer></Answer>
	</QAPair>
	<QAPair pid="7">
			<Question qid="0000391-7" qtype="when to contact a medical professional">Do I need to see a doctor for Bakers cyst ?</Question>
			<Answer></Answer>
	</QAPair>
</QAPairs>
</Document>
