<?xml version="1.0" encoding="UTF-8"?>
<Document id="0000016" source="ADAM" url="https://www.nlm.nih.gov/medlineplus/ency/article/003120.htm">
 <!--Answers from the A.D.A.M. medical encyclopedia were removed to comply with the MedlinePlus copyright-->
<Focus>Abdominal pain</Focus>
<FocusAnnotations>
	<Category>Disease</Category>
	<UMLS>
		<CUIs>
			<CUI>C0000737</CUI>
		</CUIs>
		<SemanticTypes>
			<SemanticType>T184</SemanticType>
		</SemanticTypes>
		<SemanticGroup>Disorders</SemanticGroup>
	</UMLS>
	<Synonyms>
		<Synonym>Stomach pain</Synonym>
		<Synonym>Pain - abdomen</Synonym>
		<Synonym>Belly ache</Synonym>
		<Synonym>Abdominal cramps</Synonym>
		<Synonym>Bellyache</Synonym>
		<Synonym>Stomachache</Synonym>
	</Synonyms>
</FocusAnnotations>
<QAPairs>
	<QAPair pid="1">
			<Question qid="0000016-1" qtype="information">What is (are) Abdominal pain ?</Question>
			<Answer></Answer>
	</QAPair>
	<QAPair pid="2">
			<Question qid="0000016-2" qtype="considerations">What to do for Abdominal pain ?</Question>
			<Answer></Answer>
	</QAPair>
	<QAPair pid="3">
			<Question qid="0000016-3" qtype="causes">What causes Abdominal pain ?</Question>
			<Answer></Answer>
	</QAPair>
	<QAPair pid="4">
			<Question qid="0000016-4" qtype="considerations">What to do for Abdominal pain ?</Question>
			<Answer></Answer>
	</QAPair>
	<QAPair pid="5">
			<Question qid="0000016-5" qtype="when to contact a medical professional">Do I need to see a doctor for Abdominal pain ?</Question>
			<Answer></Answer>
	</QAPair>
	<QAPair pid="6">
			<Question qid="0000016-6" qtype="outlook">What is the outlook for Abdominal pain ?</Question>
			<Answer></Answer>
	</QAPair>
</QAPairs>
</Document>
