<?xml version="1.0" encoding="UTF-8"?>
<Document id="0000309" source="ADAM" url="https://www.nlm.nih.gov/medlineplus/ency/article/007358.htm">
 <!--Answers from the A.D.A.M. medical encyclopedia were removed to comply with the MedlinePlus copyright-->
<Focus>Arm MRI scan</Focus>
<FocusAnnotations>
	<Category>Other</Category>
	<Synonyms>
		<Synonym>MRI - arm</Synonym>
		<Synonym>Wrist MRI</Synonym>
		<Synonym>MRI - wrist</Synonym>
		<Synonym>Elbow MRI</Synonym>
		<Synonym>MRI - elbow</Synonym>
	</Synonyms>
</FocusAnnotations>
<QAPairs>
	<QAPair pid="1">
			<Question qid="0000309-1" qtype="information">Do you have information about Arm MRI scan</Question>
			<Answer></Answer>
	</QAPair>
</QAPairs>
</Document>
