<?xml version="1.0" encoding="UTF-8"?>
<Document id="0000007" source="ADAM" url="https://www.nlm.nih.gov/medlineplus/ency/article/000162.htm">
 <!--Answers from the A.D.A.M. medical encyclopedia were removed to comply with the MedlinePlus copyright-->
<Focus>Abdominal aortic aneurysm</Focus>
<FocusAnnotations>
	<Category>Disease</Category>
	<UMLS>
		<CUIs>
			<CUI>C0162871</CUI>
		</CUIs>
		<SemanticTypes>
			<SemanticType>T047</SemanticType>
		</SemanticTypes>
		<SemanticGroup>Disorders</SemanticGroup>
	</UMLS>
	<Synonyms>
		<Synonym>Aneurysm - aortic</Synonym>
		<Synonym>AAA</Synonym>
	</Synonyms>
</FocusAnnotations>
<QAPairs>
	<QAPair pid="1">
			<Question qid="0000007-1" qtype="information">What is (are) Abdominal aortic aneurysm ?</Question>
			<Answer></Answer>
	</QAPair>
	<QAPair pid="2">
			<Question qid="0000007-2" qtype="causes">What causes Abdominal aortic aneurysm ?</Question>
			<Answer></Answer>
	</QAPair>
	<QAPair pid="3">
			<Question qid="0000007-3" qtype="symptoms">What are the symptoms of Abdominal aortic aneurysm ?</Question>
			<Answer></Answer>
	</QAPair>
	<QAPair pid="4">
			<Question qid="0000007-4" qtype="exams and tests">How to diagnose Abdominal aortic aneurysm ?</Question>
			<Answer></Answer>
	</QAPair>
	<QAPair pid="5">
			<Question qid="0000007-5" qtype="treatment">What are the treatments for Abdominal aortic aneurysm ?</Question>
			<Answer></Answer>
	</QAPair>
	<QAPair pid="6">
			<Question qid="0000007-6" qtype="outlook">What is the outlook for Abdominal aortic aneurysm ?</Question>
			<Answer></Answer>
	</QAPair>
	<QAPair pid="7">
			<Question qid="0000007-7" qtype="when to contact a medical professional">Do I need to see a doctor for Abdominal aortic aneurysm ?</Question>
			<Answer></Answer>
	</QAPair>
	<QAPair pid="8">
			<Question qid="0000007-8" qtype="prevention">How to prevent Abdominal aortic aneurysm ?</Question>
			<Answer></Answer>
	</QAPair>
</QAPairs>
</Document>
