<?xml version="1.0" encoding="UTF-8"?>
<Document id="0000343" source="ADAM" url="https://www.nlm.nih.gov/medlineplus/ency/article/001015.htm">
 <!--Answers from the A.D.A.M. medical encyclopedia were removed to comply with the MedlinePlus copyright-->
<Focus>Astigmatism</Focus>
<FocusAnnotations>
	<Category>Disease</Category>
	<UMLS>
		<CUIs>
			<CUI>C0004106</CUI>
		</CUIs>
		<SemanticTypes>
			<SemanticType>T047</SemanticType>
		</SemanticTypes>
		<SemanticGroup>Disorders</SemanticGroup>
	</UMLS>
</FocusAnnotations>
<QAPairs>
	<QAPair pid="1">
			<Question qid="0000343-1" qtype="information">What is (are) Astigmatism ?</Question>
			<Answer></Answer>
	</QAPair>
	<QAPair pid="2">
			<Question qid="0000343-2" qtype="causes">What causes Astigmatism ?</Question>
			<Answer></Answer>
	</QAPair>
	<QAPair pid="3">
			<Question qid="0000343-3" qtype="symptoms">What are the symptoms of Astigmatism ?</Question>
			<Answer></Answer>
	</QAPair>
	<QAPair pid="4">
			<Question qid="0000343-4" qtype="exams and tests">How to diagnose Astigmatism ?</Question>
			<Answer></Answer>
	</QAPair>
	<QAPair pid="5">
			<Question qid="0000343-5" qtype="treatment">What are the treatments for Astigmatism ?</Question>
			<Answer></Answer>
	</QAPair>
	<QAPair pid="6">
			<Question qid="0000343-6" qtype="outlook">What is the outlook for Astigmatism ?</Question>
			<Answer></Answer>
	</QAPair>
	<QAPair pid="7">
			<Question qid="0000343-7" qtype="complications">What are the complications of Astigmatism ?</Question>
			<Answer></Answer>
	</QAPair>
	<QAPair pid="8">
			<Question qid="0000343-8" qtype="when to contact a medical professional">Do I need to see a doctor for Astigmatism ?</Question>
			<Answer></Answer>
	</QAPair>
</QAPairs>
</Document>
