<?xml version="1.0" encoding="UTF-8"?>
<Document id="0000182" source="ADAM" url="https://www.nlm.nih.gov/medlineplus/ency/article/001014.htm">
 <!--Answers from the A.D.A.M. medical encyclopedia were removed to comply with the MedlinePlus copyright-->
<Focus>Amblyopia</Focus>
<FocusAnnotations>
	<Category>Disease</Category>
	<UMLS>
		<CUIs>
			<CUI>C0002418</CUI>
		</CUIs>
		<SemanticTypes>
			<SemanticType>T033</SemanticType>
		</SemanticTypes>
		<SemanticGroup>Disorders</SemanticGroup>
	</UMLS>
	<Synonyms>
		<Synonym>Lazy eye</Synonym>
	</Synonyms>
</FocusAnnotations>
<QAPairs>
	<QAPair pid="1">
			<Question qid="0000182-1" qtype="information">What is (are) Amblyopia ?</Question>
			<Answer></Answer>
	</QAPair>
	<QAPair pid="2">
			<Question qid="0000182-2" qtype="causes">What causes Amblyopia ?</Question>
			<Answer></Answer>
	</QAPair>
	<QAPair pid="3">
			<Question qid="0000182-3" qtype="symptoms">What are the symptoms of Amblyopia ?</Question>
			<Answer></Answer>
	</QAPair>
	<QAPair pid="4">
			<Question qid="0000182-4" qtype="exams and tests">How to diagnose Amblyopia ?</Question>
			<Answer></Answer>
	</QAPair>
	<QAPair pid="5">
			<Question qid="0000182-5" qtype="treatment">What are the treatments for Amblyopia ?</Question>
			<Answer></Answer>
	</QAPair>
	<QAPair pid="6">
			<Question qid="0000182-6" qtype="outlook">What is the outlook for Amblyopia ?</Question>
			<Answer></Answer>
	</QAPair>
	<QAPair pid="7">
			<Question qid="0000182-7" qtype="complications">What are the complications of Amblyopia ?</Question>
			<Answer></Answer>
	</QAPair>
	<QAPair pid="8">
			<Question qid="0000182-8" qtype="when to contact a medical professional">Do I need to see a doctor for Amblyopia ?</Question>
			<Answer></Answer>
	</QAPair>
	<QAPair pid="9">
			<Question qid="0000182-9" qtype="prevention">How to prevent Amblyopia ?</Question>
			<Answer></Answer>
	</QAPair>
</QAPairs>
</Document>
