<?xml version="1.0" encoding="UTF-8"?>
<Document id="0000483" source="ADAM" url="https://www.nlm.nih.gov/medlineplus/ency/article/001016.htm">
 <!--Answers from the A.D.A.M. medical encyclopedia were removed to comply with the MedlinePlus copyright-->
<Focus>Blocked tear duct</Focus>
<FocusAnnotations>
	<Category>Disease</Category>
	<UMLS>
		<CUIs>
			<CUI>C0339127</CUI>
			<CUI>C0022906</CUI>
		</CUIs>
		<SemanticTypes>
			<SemanticType>T190</SemanticType>
			<SemanticType>T047</SemanticType>
		</SemanticTypes>
		<SemanticGroup>Disorders</SemanticGroup>
	</UMLS>
	<Synonyms>
		<Synonym>Dacryostenosis</Synonym>
		<Synonym>Blocked nasolacrimal duct</Synonym>
		<Synonym>Nasolacrimal duct obstruction (NLDO)</Synonym>
	</Synonyms>
</FocusAnnotations>
<QAPairs>
	<QAPair pid="1">
			<Question qid="0000483-1" qtype="information">What is (are) Blocked tear duct ?</Question>
			<Answer></Answer>
	</QAPair>
	<QAPair pid="2">
			<Question qid="0000483-2" qtype="causes">What causes Blocked tear duct ?</Question>
			<Answer></Answer>
	</QAPair>
	<QAPair pid="3">
			<Question qid="0000483-3" qtype="symptoms">What are the symptoms of Blocked tear duct ?</Question>
			<Answer></Answer>
	</QAPair>
	<QAPair pid="4">
			<Question qid="0000483-4" qtype="exams and tests">How to diagnose Blocked tear duct ?</Question>
			<Answer></Answer>
	</QAPair>
	<QAPair pid="5">
			<Question qid="0000483-5" qtype="treatment">What are the treatments for Blocked tear duct ?</Question>
			<Answer></Answer>
	</QAPair>
	<QAPair pid="6">
			<Question qid="0000483-6" qtype="outlook">What is the outlook for Blocked tear duct ?</Question>
			<Answer></Answer>
	</QAPair>
	<QAPair pid="7">
			<Question qid="0000483-7" qtype="complications">What are the complications of Blocked tear duct ?</Question>
			<Answer></Answer>
	</QAPair>
	<QAPair pid="8">
			<Question qid="0000483-8" qtype="when to contact a medical professional">Do I need to see a doctor for Blocked tear duct ?</Question>
			<Answer></Answer>
	</QAPair>
	<QAPair pid="9">
			<Question qid="0000483-9" qtype="prevention">How to prevent Blocked tear duct ?</Question>
			<Answer></Answer>
	</QAPair>
</QAPairs>
</Document>
