<?xml version="1.0" encoding="UTF-8"?>
<Document id="0000268" source="ADAM" url="https://www.nlm.nih.gov/medlineplus/ency/article/002595.htm">
 <!--Answers from the A.D.A.M. medical encyclopedia were removed to comply with the MedlinePlus copyright-->
<Focus>Anticoagulant rodenticides poisoning</Focus>
<FocusAnnotations>
	<Category>Other</Category>
	<Synonyms>
		<Synonym>Rat killer poisoning</Synonym>
		<Synonym>Rodenticide poisoning</Synonym>
	</Synonyms>
</FocusAnnotations>
<QAPairs>
	<QAPair pid="1">
			<Question qid="0000268-1" qtype="information">Do you have information about Anticoagulant rodenticides poisoning</Question>
			<Answer></Answer>
	</QAPair>
</QAPairs>
</Document>
