<?xml version="1.0" encoding="UTF-8"?>
<Document id="0000319" source="ADAM" url="https://www.nlm.nih.gov/medlineplus/ency/article/000118.htm">
 <!--Answers from the A.D.A.M. medical encyclopedia were removed to comply with the MedlinePlus copyright-->
<Focus>Asbestosis</Focus>
<FocusAnnotations>
	<Category>Disease</Category>
	<UMLS>
		<CUIs>
			<CUI>C0003949</CUI>
		</CUIs>
		<SemanticTypes>
			<SemanticType>T047</SemanticType>
		</SemanticTypes>
		<SemanticGroup>Disorders</SemanticGroup>
	</UMLS>
	<Synonyms>
		<Synonym>Pulmonary fibrosis - from asbestos exposure</Synonym>
		<Synonym>Interstitial pneumonitis - from asbestos exposure</Synonym>
	</Synonyms>
</FocusAnnotations>
<QAPairs>
	<QAPair pid="1">
			<Question qid="0000319-1" qtype="information">What is (are) Asbestosis ?</Question>
			<Answer></Answer>
	</QAPair>
	<QAPair pid="2">
			<Question qid="0000319-2" qtype="causes">What causes Asbestosis ?</Question>
			<Answer></Answer>
	</QAPair>
	<QAPair pid="3">
			<Question qid="0000319-3" qtype="symptoms">What are the symptoms of Asbestosis ?</Question>
			<Answer></Answer>
	</QAPair>
	<QAPair pid="4">
			<Question qid="0000319-4" qtype="exams and tests">How to diagnose Asbestosis ?</Question>
			<Answer></Answer>
	</QAPair>
	<QAPair pid="5">
			<Question qid="0000319-5" qtype="treatment">What are the treatments for Asbestosis ?</Question>
			<Answer></Answer>
	</QAPair>
	<QAPair pid="6">
			<Question qid="0000319-6" qtype="support groups">Where to find support for people with Asbestosis ?</Question>
			<Answer></Answer>
	</QAPair>
	<QAPair pid="7">
			<Question qid="0000319-7" qtype="outlook">What is the outlook for Asbestosis ?</Question>
			<Answer></Answer>
	</QAPair>
	<QAPair pid="8">
			<Question qid="0000319-8" qtype="when to contact a medical professional">Do I need to see a doctor for Asbestosis ?</Question>
			<Answer></Answer>
	</QAPair>
	<QAPair pid="9">
			<Question qid="0000319-9" qtype="prevention">How to prevent Asbestosis ?</Question>
			<Answer></Answer>
	</QAPair>
</QAPairs>
</Document>
