<?xml version="1.0" encoding="UTF-8"?>
<Document id="0000286" source="ADAM" url="https://www.nlm.nih.gov/medlineplus/ency/article/000181.htm">
 <!--Answers from the A.D.A.M. medical encyclopedia were removed to comply with the MedlinePlus copyright-->
<Focus>Aortic dissection</Focus>
<FocusAnnotations>
	<Category>Disease</Category>
	<UMLS>
		<CUIs>
			<CUI>C0340643</CUI>
		</CUIs>
		<SemanticTypes>
			<SemanticType>T047</SemanticType>
		</SemanticTypes>
		<SemanticGroup>Disorders</SemanticGroup>
	</UMLS>
	<Synonyms>
		<Synonym>Aortic aneurysm - dissecting</Synonym>
	</Synonyms>
</FocusAnnotations>
<QAPairs>
	<QAPair pid="1">
			<Question qid="0000286-1" qtype="information">What is (are) Aortic dissection ?</Question>
			<Answer></Answer>
	</QAPair>
	<QAPair pid="2">
			<Question qid="0000286-2" qtype="causes">What causes Aortic dissection ?</Question>
			<Answer></Answer>
	</QAPair>
	<QAPair pid="3">
			<Question qid="0000286-3" qtype="symptoms">What are the symptoms of Aortic dissection ?</Question>
			<Answer></Answer>
	</QAPair>
	<QAPair pid="4">
			<Question qid="0000286-4" qtype="exams and tests">How to diagnose Aortic dissection ?</Question>
			<Answer></Answer>
	</QAPair>
	<QAPair pid="5">
			<Question qid="0000286-5" qtype="treatment">What are the treatments for Aortic dissection ?</Question>
			<Answer></Answer>
	</QAPair>
	<QAPair pid="6">
			<Question qid="0000286-6" qtype="outlook">What is the outlook for Aortic dissection ?</Question>
			<Answer></Answer>
	</QAPair>
	<QAPair pid="7">
			<Question qid="0000286-7" qtype="complications">What are the complications of Aortic dissection ?</Question>
			<Answer></Answer>
	</QAPair>
	<QAPair pid="8">
			<Question qid="0000286-8" qtype="when to contact a medical professional">Do I need to see a doctor for Aortic dissection ?</Question>
			<Answer></Answer>
	</QAPair>
	<QAPair pid="9">
			<Question qid="0000286-9" qtype="prevention">How to prevent Aortic dissection ?</Question>
			<Answer></Answer>
	</QAPair>
</QAPairs>
</Document>
