<?xml version="1.0" encoding="UTF-8"?>
<Document id="0000192" source="ADAM" url="https://www.nlm.nih.gov/medlineplus/ency/article/003506.htm">
 <!--Answers from the A.D.A.M. medical encyclopedia were removed to comply with the MedlinePlus copyright-->
<Focus>Ammonia blood test</Focus>
<FocusAnnotations>
	<Category>Other</Category>
	<Synonyms>
		<Synonym>Serum ammonia</Synonym>
	</Synonyms>
</FocusAnnotations>
<QAPairs>
	<QAPair pid="1">
			<Question qid="0000192-1" qtype="information">Do you have information about Ammonia blood test</Question>
			<Answer></Answer>
	</QAPair>
</QAPairs>
</Document>
