<?xml version="1.0" encoding="UTF-8"?>
<Document id="0000083" source="ADAM" url="https://www.nlm.nih.gov/medlineplus/ency/article/000287.htm">
 <!--Answers from the A.D.A.M. medical encyclopedia were removed to comply with the MedlinePlus copyright-->
<Focus>Acute pancreatitis</Focus>
<FocusAnnotations>
	<Category>Disease</Category>
	<UMLS>
		<CUIs>
			<CUI>C0001339</CUI>
		</CUIs>
		<SemanticTypes>
			<SemanticType>T047</SemanticType>
		</SemanticTypes>
		<SemanticGroup>Disorders</SemanticGroup>
	</UMLS>
</FocusAnnotations>
<QAPairs>
	<QAPair pid="1">
			<Question qid="0000083-1" qtype="information">What is (are) Acute pancreatitis ?</Question>
			<Answer></Answer>
	</QAPair>
	<QAPair pid="2">
			<Question qid="0000083-2" qtype="causes">What causes Acute pancreatitis ?</Question>
			<Answer></Answer>
	</QAPair>
	<QAPair pid="3">
			<Question qid="0000083-3" qtype="symptoms">What are the symptoms of Acute pancreatitis ?</Question>
			<Answer></Answer>
	</QAPair>
	<QAPair pid="4">
			<Question qid="0000083-4" qtype="exams and tests">How to diagnose Acute pancreatitis ?</Question>
			<Answer></Answer>
	</QAPair>
	<QAPair pid="5">
			<Question qid="0000083-5" qtype="treatment">What are the treatments for Acute pancreatitis ?</Question>
			<Answer></Answer>
	</QAPair>
	<QAPair pid="6">
			<Question qid="0000083-6" qtype="outlook">What is the outlook for Acute pancreatitis ?</Question>
			<Answer></Answer>
	</QAPair>
	<QAPair pid="7">
			<Question qid="0000083-7" qtype="complications">What are the complications of Acute pancreatitis ?</Question>
			<Answer></Answer>
	</QAPair>
	<QAPair pid="8">
			<Question qid="0000083-8" qtype="when to contact a medical professional">Do I need to see a doctor for Acute pancreatitis ?</Question>
			<Answer></Answer>
	</QAPair>
	<QAPair pid="9">
			<Question qid="0000083-9" qtype="prevention">How to prevent Acute pancreatitis ?</Question>
			<Answer></Answer>
	</QAPair>
</QAPairs>
</Document>
