<?xml version="1.0" encoding="UTF-8"?>
<Document id="0000056" source="ADAM" url="https://www.nlm.nih.gov/medlineplus/ency/article/007208.htm">
 <!--Answers from the A.D.A.M. medical encyclopedia were removed to comply with the MedlinePlus copyright-->
<Focus>ACL reconstruction</Focus>
<FocusAnnotations>
	<Category>Other</Category>
	<Synonyms>
		<Synonym>Anterior cruciate ligament repair</Synonym>
	</Synonyms>
</FocusAnnotations>
<QAPairs>
	<QAPair pid="1">
			<Question qid="0000056-1" qtype="information">Do you have information about ACL reconstruction</Question>
			<Answer></Answer>
	</QAPair>
</QAPairs>
</Document>
