<?xml version="1.0" encoding="UTF-8"?>
<Document id="0000345" source="ADAM" url="https://www.nlm.nih.gov/medlineplus/ency/article/000520.htm">
 <!--Answers from the A.D.A.M. medical encyclopedia were removed to comply with the MedlinePlus copyright-->
<Focus>Asymptomatic bacteriuria</Focus>
<FocusAnnotations>
	<Category>Disease</Category>
	<UMLS>
		<CUIs>
			<CUI>C0262380</CUI>
		</CUIs>
		<SemanticTypes>
			<SemanticType>T047</SemanticType>
		</SemanticTypes>
		<SemanticGroup>Disorders</SemanticGroup>
	</UMLS>
</FocusAnnotations>
<QAPairs>
	<QAPair pid="1">
			<Question qid="0000345-1" qtype="information">What is (are) Asymptomatic bacteriuria ?</Question>
			<Answer></Answer>
	</QAPair>
	<QAPair pid="2">
			<Question qid="0000345-2" qtype="causes">What causes Asymptomatic bacteriuria ?</Question>
			<Answer></Answer>
	</QAPair>
	<QAPair pid="3">
			<Question qid="0000345-3" qtype="symptoms">What are the symptoms of Asymptomatic bacteriuria ?</Question>
			<Answer></Answer>
	</QAPair>
	<QAPair pid="4">
			<Question qid="0000345-4" qtype="exams and tests">How to diagnose Asymptomatic bacteriuria ?</Question>
			<Answer></Answer>
	</QAPair>
	<QAPair pid="5">
			<Question qid="0000345-5" qtype="treatment">What are the treatments for Asymptomatic bacteriuria ?</Question>
			<Answer></Answer>
	</QAPair>
	<QAPair pid="6">
			<Question qid="0000345-6" qtype="complications">What are the complications of Asymptomatic bacteriuria ?</Question>
			<Answer></Answer>
	</QAPair>
	<QAPair pid="7">
			<Question qid="0000345-7" qtype="when to contact a medical professional">Do I need to see a doctor for Asymptomatic bacteriuria ?</Question>
			<Answer></Answer>
	</QAPair>
</QAPairs>
</Document>
