<?xml version="1.0" encoding="UTF-8"?>
<Document id="0000299" source="ADAM" url="https://www.nlm.nih.gov/medlineplus/ency/article/000328.htm">
 <!--Answers from the A.D.A.M. medical encyclopedia were removed to comply with the MedlinePlus copyright-->
<Focus>Apoplexy</Focus>
<FocusAnnotations>
	<Category>Disease</Category>
	<UMLS>
		<CUIs>
			<CUI>C0038454</CUI>
		</CUIs>
		<SemanticTypes>
			<SemanticType>T047</SemanticType>
		</SemanticTypes>
		<SemanticGroup>Disorders</SemanticGroup>
	</UMLS>
</FocusAnnotations>
<QAPairs>
	<QAPair pid="1">
			<Question qid="0000299-1" qtype="information">What is (are) Apoplexy ?</Question>
			<Answer></Answer>
	</QAPair>
</QAPairs>
</Document>
