<?xml version="1.0" encoding="UTF-8"?>
<Document id="0000304" source="ADAM" url="https://www.nlm.nih.gov/medlineplus/ency/article/002225.htm">
 <!--Answers from the A.D.A.M. medical encyclopedia were removed to comply with the MedlinePlus copyright-->
<Focus>Appropriate for gestational age (AGA)</Focus>
<FocusAnnotations>
	<Category>Disease</Category>
	<UMLS>
		<CUIs>
			<CUI>C2985271</CUI>
		</CUIs>
		<SemanticTypes>
			<SemanticType>T033</SemanticType>
		</SemanticTypes>
		<SemanticGroup>Disorders</SemanticGroup>
	</UMLS>
</FocusAnnotations>
<QAPairs>
	<QAPair pid="1">
			<Question qid="0000304-1" qtype="information">What is (are) Appropriate for gestational age (AGA) ?</Question>
			<Answer></Answer>
	</QAPair>
	<QAPair pid="2">
			<Question qid="0000304-2" qtype="information">What is (are) Appropriate for gestational age (AGA) ?</Question>
			<Answer></Answer>
	</QAPair>
</QAPairs>
</Document>
