<?xml version="1.0" encoding="UTF-8"?>
<Document id="0000021" source="ADAM" url="https://www.nlm.nih.gov/medlineplus/ency/article/003896.htm">
 <!--Answers from the A.D.A.M. medical encyclopedia were removed to comply with the MedlinePlus copyright-->
<Focus>Abdominal tap</Focus>
<FocusAnnotations>
	<Category>Other</Category>
	<Synonyms>
		<Synonym>Peritoneal tap</Synonym>
		<Synonym>Paracentesis</Synonym>
	</Synonyms>
</FocusAnnotations>
<QAPairs>
	<QAPair pid="1">
			<Question qid="0000021-1" qtype="information">Do you have information about Abdominal tap</Question>
			<Answer></Answer>
	</QAPair>
</QAPairs>
</Document>
