<?xml version="1.0" encoding="UTF-8"?>
<Document id="0000243" source="ADAM" url="https://www.nlm.nih.gov/medlineplus/ency/article/000420.htm">
 <!--Answers from the A.D.A.M. medical encyclopedia were removed to comply with the MedlinePlus copyright-->
<Focus>Ankylosing spondylitis</Focus>
<FocusAnnotations>
	<Category>Disease</Category>
	<UMLS>
		<CUIs>
			<CUI>C0038013</CUI>
		</CUIs>
		<SemanticTypes>
			<SemanticType>T047</SemanticType>
		</SemanticTypes>
		<SemanticGroup>Disorders</SemanticGroup>
	</UMLS>
	<Synonyms>
		<Synonym>Spondylitis</Synonym>
		<Synonym>Spondyloarthropathy</Synonym>
	</Synonyms>
</FocusAnnotations>
<QAPairs>
	<QAPair pid="1">
			<Question qid="0000243-1" qtype="information">What is (are) Ankylosing spondylitis ?</Question>
			<Answer></Answer>
	</QAPair>
	<QAPair pid="2">
			<Question qid="0000243-2" qtype="causes">What causes Ankylosing spondylitis ?</Question>
			<Answer></Answer>
	</QAPair>
	<QAPair pid="3">
			<Question qid="0000243-3" qtype="symptoms">What are the symptoms of Ankylosing spondylitis ?</Question>
			<Answer></Answer>
	</QAPair>
	<QAPair pid="4">
			<Question qid="0000243-4" qtype="exams and tests">How to diagnose Ankylosing spondylitis ?</Question>
			<Answer></Answer>
	</QAPair>
	<QAPair pid="5">
			<Question qid="0000243-5" qtype="treatment">What are the treatments for Ankylosing spondylitis ?</Question>
			<Answer></Answer>
	</QAPair>
	<QAPair pid="6">
			<Question qid="0000243-6" qtype="outlook">What is the outlook for Ankylosing spondylitis ?</Question>
			<Answer></Answer>
	</QAPair>
	<QAPair pid="7">
			<Question qid="0000243-7" qtype="when to contact a medical professional">Do I need to see a doctor for Ankylosing spondylitis ?</Question>
			<Answer></Answer>
	</QAPair>
</QAPairs>
</Document>
