<?xml version="1.0" encoding="UTF-8"?>
<Document id="0000360" source="ADAM" url="https://www.nlm.nih.gov/medlineplus/ency/article/001638.htm">
 <!--Answers from the A.D.A.M. medical encyclopedia were removed to comply with the MedlinePlus copyright-->
<Focus>Aural polyps</Focus>
<FocusAnnotations>
	<Category>Disease</Category>
	<UMLS>
		<CUIs>
			<CUI>C0859865</CUI>
		</CUIs>
		<SemanticTypes>
			<SemanticType>T191</SemanticType>
		</SemanticTypes>
		<SemanticGroup>Disorders</SemanticGroup>
	</UMLS>
</FocusAnnotations>
<QAPairs>
	<QAPair pid="1">
			<Question qid="0000360-1" qtype="information">What is (are) Aural polyps ?</Question>
			<Answer></Answer>
	</QAPair>
	<QAPair pid="2">
			<Question qid="0000360-2" qtype="causes">What causes Aural polyps ?</Question>
			<Answer></Answer>
	</QAPair>
	<QAPair pid="3">
			<Question qid="0000360-3" qtype="symptoms">What are the symptoms of Aural polyps ?</Question>
			<Answer></Answer>
	</QAPair>
	<QAPair pid="4">
			<Question qid="0000360-4" qtype="exams and tests">How to diagnose Aural polyps ?</Question>
			<Answer></Answer>
	</QAPair>
	<QAPair pid="5">
			<Question qid="0000360-5" qtype="treatment">What are the treatments for Aural polyps ?</Question>
			<Answer></Answer>
	</QAPair>
	<QAPair pid="6">
			<Question qid="0000360-6" qtype="when to contact a medical professional">Do I need to see a doctor for Aural polyps ?</Question>
			<Answer></Answer>
	</QAPair>
</QAPairs>
</Document>
